,context,answer,question,distractor
2100," It will also help allow a return to normal societal functioning and the re-opening of economiesVaccines and the regulatory processHow do regulatory authorities evaluate COVID-19 vaccines?Regulators rigorously evaluate scientific and clinical evidence provided by vaccine manufacturers Vaccine manufactures are legally obliged to follow defined standards in the data they provide, and their clinical research and manufacturing operations are subject to regulatory oversight",regulatory oversight,What are vaccine manufacturing operations subject to?,"['regulations', 'regulations and development of vaccine industry', 'accurate and clinical studies']"
2101," Either full or summary data from clinical trials is made available following vaccine evaluation Each vaccine is thoroughly assessed for safety, efficacy and pharmaceutical quality to determine whether it can be approved for use Regulators use available scientific evidence from preclinical laboratory research, human clinical trials, and manufacturing information to assess benefits and risks of candidate vaccines",vaccine evaluation,What is the first step in determining whether vaccines can be approved for use?,"['virus review and vaccine evaluation [', 'regulations and studies of studies', 'regulations for safety and safety']"
2102,"Regulators may seek additional expert advice from independent scientific advisory committees to help inform their decision on whether to approve a vaccine These committees are made up of experts in science, medicine (including infectious diseases) and public health, and often include consumer and healthcare professional representativesPublic health agencies have a different role than regulatory authorities",independent scientific advisory committees,Who can help inform their decision on whether to approve a vaccine?,"['the scientific committee', 'Regulations and scientific committee', 'Regulations and health bodies']"
2103," They develop and deliver vaccination programmes, often working with their expert immunisation technical advisory committees This includes prioritising and designating populations for vaccination with specific vaccines, issuing additional recommendations and providing information more broadly about vaccines and immunization They also collaborate with regulators to monitor the safety of vaccines after they are approved for use",vaccines,What type of vaccines do the immunisation technical advisory committees use?,"['Vaccines.', 'Vaccines', ' vaccine']"
2104," Globally, the public can have confidence in the rigour of the process used to scientifically evaluate the safety, efficacy and quality of vaccines before they are approved for use in the wider populationSafety evidence prior to potential regulatory authorisation:Safety evidence is an essential part of each regulatory submission for a COVID-19 vaccine It is gathered during all phases of the vaccine development process","the public can have confidence in the rigour of the process used to scientifically evaluate the safety, efficacy and quality of vaccines","Who can have confidence in the rigour of the process used to scientifically evaluate the safety, efficacy and quality of vaccines?","['the public can have confidence in the dogour of the process', 'it is gathered during all parts of the vaccine development process', 'the public can have confidence in the dogour of the process just meeting possible perfectionimAdult confidence (and protecting evidence ).']"
2105," Robust assessment of safety is carried out in the clinical trials and submitted to regulators for review as part of the approval processAll adverse events need to be examined and reported in the regulatory submission by the companies for a marketing licence Typically, regulators will require that participants in clinical trials have been followed for at least 1-2 months after receiving their final vaccine dose",1-2 months,How long should participants in clinical trials have been followed after receiving their final vaccine dose?,"['9-5 months', '2-3 weeks', '1-9']"
2106," Generally, based on previous experience with vaccines, most adverse events occur within such timeframes, though rare adverse events might not be recognised until after wide population use There will also be longer-term (for example for 6-12 months or more) follow-up of those who participated in the earlier phases of the clinical trials of each vaccine Many trial participants will also be followed for at least one year to assess the duration of protection and longer-term safety of individual vaccines, and safety data from these longer-term trials will be carefully reviewed by regulators as part of post-approval monitoring of safety",after wide population use,When can rare adverse events be recognised?,"['after the clinical trials of each vaccine', 'after the safety data from the longer - term trials is collected', 'before long - term use']"
2107,"Efficacy:Apart from information on the types of immune responses induced by the vaccine, companies must submit data from well-designed clinical trials to regulators to demonstrate that the vaccine prevents COVID-19 The data showed there were sufficient numbers of people included in the clinical trials receiving the vaccine so that the efficacy of the vaccine can be accurately measured (generally at least 10 000 and usually 15 000 or more people who receive the vaccine, in addition to those in the control arm) Populations in clinical trials should include a range of age groups and people with co-morbidities",co-morbidities,What are people with in clinical trials?,"['people with immune responses', 'who are most likely to benefit from the vaccine', 'Who are involved with clinical trials?']"
2108," Given the disproportionate impact of COVID-19 on older people, COVID-19 vaccine clinical trials have included significant numbers of older participantsVaccine clinical trials for a new candidate vaccine showed that vaccines very significantly reduced COVID-19 in people who were vaccinated, compared to a control group of people who did not receive the vaccine, through a reduction in numbers of laboratory confirmed SARS-CoV-2 infectionsQuality:Any COVID-19 vaccine that receives regulatory authorisation must be manufactured according to internationally accepted stringent regulatory standards of good manufacturing practices (GMP)",disproportionate impact of COVID-19 on older people,What is the impact of COVID-19 on older people?,"['regulations for a new candidate vaccine', 'decreased effect of CODA-19', 'preventate effects of \n \n \n  death']"
2109," Regulators review data to confirm that the manufacturing process at each production site is well-controlled and consistent This will include data on the composition and purity of the vaccine and its potency, as well as data on every step of manufacturing and on the controls used to ensure that each batch of vaccine is consistently of a high quality Data on vaccine stability must also be provided before a vaccine can be approved",Data on vaccine stability,What must be provided before a vaccine can be approved?,"['Data on the composition and purity of the vaccine.', ' data on vaccine production', 'A data on temperature']"
2110," After approval, batches may also undergo evaluation by individual national regulatory authorities to ensure they meet national requirements, before they can be suppliedMonitoring safety and effectiveness after vaccine approval:After a vaccine is approved for use, regulators conduct robust effectiveness monitoring as well as monitoring of safety and risk minimisation activities (pharmacovigilance) They need to continuously monitor vaccine safety to ensure that the benefits of the vaccine continue to outweigh the risks",the benefits of the vaccine continue to outweigh the risks,What does pharmacovigilance do after a vaccine is approved?,"['the vaccine is approved for use', 'The vaccine can still be sold to the foreign countries', 'The vaccine will have a good reputation.']"
2111," Regulators do this by:Reviewing and analysing adverse eventsreported by healthcare professionals and consumers and requiring industry vaccine companies (sometimes called “sponsors”) to report to regulators on adverse events received both within the regulator’s home country and globally;Many regulators will implement enhanced passive surveillance systems These include systems to rapidly compare numbers of suspected side effects reported with vaccines to the numbers of events expected to occur by chance, and include access to near real-time data on vaccine usage in different settings Several regulators also implemented traceability systems for different vaccine brands and batches;Taking rapid action to mitigate risks, also considering the information about emerging safety issues shared among regulatorsand researchers through international collaboration;Reviewing medical literature and other sources of new safety information;Requiring vaccine manufacturers to continue safety surveillance from the ongoing clinical trials of their products; andMany regulators also require vaccine manufacturers to have risk management plans describing how they will monitor and minimise risks, including further epidemiological studies, associated with their vaccines",regulators,Who do vaccine companies need to report to?,"['regulations', 'Regulations', 'consumers and producers of vaccines']"
2112," It is very important that healthcare professionals not only diligently report any adverse events they see in their patients, but also encourage people who are vaccinated to immediately report adverse events to their healthcare professionals or to the medicines regulator in countries where direct reports from members of the public are accepted by the regulator Reporting all relevant events helps regulators assess the possible role of the vaccine in causing the adverse event and assists in identifying safety issues relating to newly introduced vaccinesAs part of the safety monitoring and review of all suspected side effects reporting for vaccines, regulators have developed lists of “Adverse Events of Special Interest”",Adverse Events of Special Interest,What have regulators developed lists of?,"['regulations of vaccine safety', ' cautiousness of reporting', 'Risks of the event']"
2113," These lists include some events that have been associated with other vaccines (for example anaphylaxis) Others are included on these lists because they are serious events that are important to monitor extremely closely, even though there is no evidence that they are causally associated with specific vaccines Having information on the background rates of these events that would be expected in people who have not received a vaccine will help ensure that any increased reporting of these events can be quickly detected and thoroughly investigated by regulators",anaphylaxis,What is another example of an event that has been associated with other vaccines?,"['anphylasures', 'anPhyl AIDS', 'accidents']"
2114," The widespread use of COVID-19 vaccines, including in the elderly and in patients with underlying health conditions, will unfortunately mean that there will be deaths and serious illnesses that are purely coincidental and unrelated to vaccinations The job of each regulator, together with the relevant medical experts and vaccine manufacturers is to determine causality There will be a special focus on monitoring safety in some groups of people, such as pregnant women, persons with severe pre-existing illness, older people, children, and in people also receiving vaccines for prevention of other diseases",vaccines,What type of vaccines will cause deaths and serious illnesses that are coincidental and unrelated to vaccinations?,"['coffee -19 vaccines', 'coidedence', 'Vaccines']"
2115," Regulators, often in collaboration with public health authorities, are able to take decisive action if a safety issue is identifiedThese actions might include: issuing safety communications for patients, healthcare professionals and the community; updating the product information or consumer information for the vaccine; preventing the release of a particular batch of vaccine; and, taking other regulatory actions such as restriction of vaccine authorisation to a particular subgroup of the community or revocation of authorisationCommonly reported adverse eventsThe most commonly-reported events with COVID-19 vaccines are expected vaccine side effects, such as headache, fatigue, muscle and joint pain, fever and chills and pain at the site of injection",preventing the release of a particular batch of vaccine,What can be done if a safety issue is identified?,"['making vaccine authorising to a particular subgroup of the community', 'Buying a particular bound of vaccine', 'aworing the consumer information for the vaccine']"
2116, The occurrence of these adverse events is consistent with what is already known about the vaccines from clinical trialsAdverse events of special interestRegulators approve and maintain an approval of a vaccine only if they determine that the known and potential benefits of the vaccine outweigh its known and potential risks Anaphylaxis is a very rare side effect that may occur with any vaccine,Anaphylaxis,What is a very rare side effect that may occur with any vaccine?,"['Vaccine', 'Vaccins from clinical trials.', 'The effect of the vaccine']"
2117," There have been some other reported adverse events which include facial weakness, seizures, loss of sense of taste or small and cardiac events, but none are confirmed to be causally related to the vaccinesmRNA vaccines The major adverse event of special interest reported for these vaccines, which include the Pfizer and Moderna vaccines is anaphylaxis Regulators carefully review the reports of possible anaphylaxis to determine whether they are consistent with true anaphylaxis and whether they may have been caused by the vaccine",anaphylaxis Regulators,What is the major adverse event of special interest reported for Pfizer and Moderna vaccines?,"['averer vaccine', 'anphylasures Regulations', 'P Pfizer and Moderna vaccines']"
2118, Anaphylaxis reports remains very rare (in the order of 10 cases per million vaccinated) Guidance on the management of possible anaphylaxis is included in the Product Information/Label for these vaccines Routine vaccination procedures include keeping people under observation for at least 15 minutes after vaccination and having appropriate medical treatment on hand so that anaphylaxis can be rapidly managed,10,How many cases per million vaccinated are anaphylaxis reports?,"['5', '9', '10 of the thousand polyphyloid reports are not available']"
2119," These vaccines should not be given to people with a known history of a severe allergic reaction to any of the vaccine components A second dose of mRNA vaccine should not be given to those who have experienced anaphylaxis to the first doseThere have been some other reported adverse events, which include unusual bleeding and blood clotting disorders, facial weakness, seizures, loss of sense of taste or smell and cardiac events",anaphylaxis,A second dose of mRNA vaccine should not be given to those who have experienced what to the first dose?,"['A second dose ofibaba vaccine', 'Rafyloned protein', 'a second dose']"
2120," Regulators monitor and carefully review if there is a causal relationship between the vaccines with those adverse events, and, if appropriate, they will be included in Product Information / Product Label of vaccines of concern Adenovirus vector vaccinesThese include the AstraZeneca, Janssen, Gamaleya and CanSino Biologics vaccines Internationally, the AstraZeneca and Janssen COVID-19 vaccines have been associated with a very rare and unusual clotting syndrome involving thromboembolic events (blood clots) with thrombocytopenia (low blood platelet count)",thromboembolic events (blood clots) with thrombocytopenia (low blood platelet count),"What is the clotting syndrome of the AstraZeneca, Janssen, Gamaleya and Janssen COVID-19 vaccine","['a very rare and unusual clotting syndrome', 'the blood clots with thromb idioms', 'it is rare and unusual event']"
2121, This condition has been termed Thrombosis with Thrombocytopenia Syndrome (TTS) Medicines regulators are meeting regularly to share information about cases to better characterise this risk and understand this syndrome Less information is available internationally about adverse events following the Gamaleya and CanSino Biologics vaccines,Thrombosis with Thrombocytopenia Syndrome,What is the term for TTS?,"['thrombotic disease', 'Thrombosis with Thrombosis with Thrombosis', 'TTS -- a kind of disease']"
2122,"The overall number of reports received of blood clots in the veins or arteries (including venous thrombosis or venous thromboembolism) occurring without thrombocytopenia is no higher than the expected background population rate for the more common type of blood clots in most countriesThe spontaneous reporting rates of thromboembolic events with thrombocytopenia vary by country and the precise incidences are difficult to estimate, but for the AstraZeneca vaccine, based on substantial use in Europe and the UK, the frequency of such events is very rare Available estimates are of the order of 10-15 per million people vaccinated (note that for some countries this statistic is based on the numbers of reports of suspected cases of TTS rather than numbers of confirmed cases)",venous thrombosis or venous thromboembolism,What are some examples of blood clots in the veins or arteries?,"['venous thrombosis orVenous thrombosis', 'Vegetous thrombotic or oxenous thromidi tireding activities fail : rediscovery or non - rediscovery', 'venous bosis or fossilbosis']"
2123," Thromboembolic events with thrombocytopenia have also been reported in the United States for the Janssen vaccine, at a rate of about 2-3 per million doses administered National regulators are continuing to monitor the issue closely and to publish up to date information on the numbers of cases reported and the latest estimates of the incidenceThe cases of thromboembolic events with thrombocytopenia after vaccination were mainly reported for younger rather than older individuals",younger,The cases of thromboembolic events with thrombocytopenia were mainly reported for who?,"['people younger', 'Thromboemolic', 'young people']"
2124," This, together with the risk of serious illness or death associated with COVID-19 being much higher in middle-aged and older people, has led public health authorities in some countries to recommend that vaccination with the Astra Zeneca vaccine not be initiated in younger individuals Healthcare professionals should be alert to the signs and symptoms of thromboembolism and thrombocytopenia as well as coagulopathies after vaccination as TTS requires specific management Vaccinated individuals should be instructed to seek immediate medical attention if they develop symptoms such as a severe or persistent headache, blurred vision, shortness of breath, chest pain, leg swelling, persistent abdominal pain or unusual skin bruising and/or petechiae (tiny purple, red, or brown spots on the skin) mostly occurring within around 4-20 days after vaccination, although some cases have been reported later than 20 days post vaccination",20 days,How long after vaccination are some cases reported later than 20 days after vaccination?,[]
2125," This information is in the Product Information / Product Label of the vaccines as approved by regulatorsQuestions and Answers on COVID-19 vaccinesQ: How have the vaccines been developed so quickly? Does this mean that their safety and efficacy has been compromised?A: The speed of development of COVID-19 vaccines has been unprecedented for several reasons, but the safety and efficacy requirements for vaccines have not been compromised, Vaccine development was facilitated by:The massive financial investmentby governments, industry and philanthropic organisations in vaccine development and the re-direction of much of the global research and commercial infrastructure for the development and manufacture of vaccines Governments also enabled companies to take the commercial risk of manufacturing some vaccine stocks ahead of regulatory approvals",Product Information / Product Label,What is the name of the vaccines approved by regulators on COVID-19 vaccines?,"[' Product Information', ' vaccine Development', 'Vaccine Development']"
2126," New technologies adapted from the development of other vaccines– mRNA vaccines were developed for COVID-19 very rapidly after the sequence of the COVID-19 virus was determined, but the underlying technology had been under development since much longer and production could be scaled up very quickly The adenovirus technology used for adenovirus vector vaccines was first tested with SARS, MERS and Ebola virus over the last 20 years, and so was able to be adapted quickly to COVID-19, which has several similarities to these virusesClinical trial successes- it has been possible to rapidly recruit large numbers of volunteers into clinical trials and, with unfortunately high rates of infection in several countries, to complete trials with 10,000-50,000 people in a short period of time","10,000-50,000",How many people were able to complete trials with in a short period of time?,[]
2127," Under normal circumstances, it may take many months or even a few years to carry out trials of this size to determine whether a vaccine is effectiveVery close collaboration- between regulators, industry and clinical researchers enabled clear indications of regulatory requirements and early access to resultsIntensive and insightful research - researchers predicted that the “spike protein” on the virus would be a good target for vaccine development, and almost all vaccines have been designed to induce a response to this protein",vaccine development,What would the “spike protein” on the virus be a good target for?,"['Vaccine production', 'virus production and vaccine development.', 'the protein of vaccine']"
2128," So far, the spike protein has produced a strong immune response in those vaccinated, and for those vaccines that have reported clinical results are highly protective from COVID-19 diseaseQ: Will mRNA vaccines affect the DNA of vaccine recipients?A: No The mRNA in the vaccine has not been shown to incorporate itself into the genes of vaccine recipients and breaks down in the weeks after vaccination",the weeks after vaccination,When does the mRNA break down?,"['after vaccination', 'the days before vaccine', 'on the day after vaccination after vaccination.']"
2129," mRNA vaccines contain genetic instructions for our cells, which only read them and provide copies of the SARS-CoV2 spike protein This enables the body’s natural immune systems to cause a response in vaccine recipients if they are later exposed to the virusQ: How long will COVID-19 vaccination provide protection for immunised people?A: We do not yet know how long protection from any of these vaccines lasts",mRNA vaccines,What contain genetic instructions for cells?,"['What are the genetic instructions for cells', 'What is the SARS-CoV2 jump protein', 'R vaccine']"
2130," We will get better insights over the next 12 monthsThe duration of protection provided by vaccines can vary For example, the seasonal influenza vaccine is given annually, because the influenza virus mutates, and protection wanes over a number of months",the seasonal influenza vaccine,What vaccine is given annually?,"['the flu vaccine and the seasonal influenza vaccine', 'the influenza virus', 'the flu vaccine']"
2131," Other vaccines, such as those for rubella or measles provide multi-year or even life-long protection from disease Mutations in key viral proteins can mean that virus variants emerge The SARS-CoV-2-coronavirus is prone to mutations that creates variants, some of which have become established in a number of regions of the world",mutations,What is the SARS-CoV-2-coronavirus prone to?,"['Viruses', 'Virus variant', 'What is the SARS-CoV-2-coronavirus?']"
2132,"Q: Why are there so many vaccine candidates?A: As the global seriousness of the pandemic became rapidly apparent, development of effective vaccines for COVID-19 became the top priority of many pharmaceutical companies and medical research institutes There was also unprecedented government and private sector investment in vaccine development There is now a wide range of technologies for developing new vaccines - and many of the organisations developing COVID-19 vaccines have particular experience in one or more of these technologies",development of effective vaccines for COVID-19,What became the top priority of pharmaceutical companies and medical research institutes?,"['development of vaccine candidates', 'promoting government and private sources investment in vaccine development', 'as soon as the pandemic became aware']"
2133," This has ensured that there would still be vaccines available if some were not approved for reasons of efficacy, safety or manufacturing challengesQ: What if many people start getting a reaction from a particular COVID-19 vaccine?A: Short-term reactions, such as soreness at the injection site, fatigue or headache are common following any vaccination with COVID-19 vaccines These reactions usually pass in a day or two",a day or two,How often do short-term reactions of COVID-19 vaccines pass?,"['a few days or two.', 'Short - term or long - term reactions', 'short - term reactions']"
2134," If new evidence becomes available that suggests that a specific serious adverse event may be linked to a particular COVID-19 vaccine then regulators will take action, working collaboratively on a global basis and liaise with public health authorities The type of actions that can be taken depend on the nature of the adverse event, and could range from issuing safety warnings for patients, healthcare professionals and the community; updating the product information or consumer information for the vaccine to show contraindications for the use in particular patients (e those with certain co-morbidities); to closely monitoring adverse events in certain groups of patients; preventing the release of a particular batch of vaccine through to temporary suspension of the use of the vaccine until more is known",temporary suspension of the use of the vaccine,What can prevent the release of a particular batch of vaccine until more is known?,"['the continued release of the vaccine', 'the short time of the vaccine allowedable to be spread', 'the release of a particular quantity of vaccine']"
2135,"Q: How are regulators speeding up the time it takes to authorise a COVID-19 vaccine?A: Many regulators globally have implemented faster access pathways for COVID-19 vaccines, without compromising on strict standards of safety, quality and efficacy Some countries have Emergency Use Authorisation pathways which assess the available data at the time of authorisation Exercising these provisions is a matter for those countries, taking into account the benefits versus risks in the context of the prevailing domestic pandemic situation",Emergency Use Authorisation pathways,What are some countries using to assess the available data at the time of authorisation?,"[' emergency Use Authorization technologies', 'Climbising Authorization technologies', 'Countries with emergency Use Authorization Programs']"
2136,"Different countries may coin this pathway or authorisation routes differently but essentially, they follow the same principles Other countries have implemented accelerated/priority, conditional or provisional approval schemes Under normal circumstances, regulatory assessment begins once all information to support registration is available",regulatory assessment,"Under normal circumstances, what begins once all information to support registration is available?","['regulations', 'regulations assessment', 'regulations process and application']"
2137," For COVID-19 vaccines, many regulators have agreed to accept data on a rolling basis to enable early evaluation of data as it becomes available Regulators will only be in a position to make a provisional approval decision for a vaccine once there is sufficient data to support adequately the safety, quality and effectiveness of the vaccine for its intended use If a decision is made to grant provisional or conditional approval, it will be based on the requirement for the sponsor to submit more comprehensive, longer term clinical data, stability data and other information with agreed timelines",agreed timelines,"What is the requirement for the sponsor to submit more comprehensive, longer term clinical data, stability data and other information?","[' submit more data', ' submitting data', 'fondly accepted data']"
2138,"Q: Did our country approve this COVID-19 vaccine, or are we relying on another country’s approval?A: Most countries are carrying out independent regulatory evaluations on the submitted data for each vaccine However, to ensure a more efficient use of resources and expertise, regulators in different countries are communicating closely on safety, efficacy and quality data and discussing technical issues as they may arise In many cases principles of WHO Good Reliance Practices and collaborative mechanisms leverage the output of other regulators",principles of WHO Good Reliance Practices and collaborative mechanisms,What do regulators in different countries leverage the output of other regulators?,"['Regulations of WHO Good Relatives and Common Ways of communicating', 'Regulations andrecommend of the CODA-19 vaccine', 'Princessives of WHO Good Reliant practices']"
2139,"Q: Why weren’t very rare blood clots with low platelets with the AstraZeneca or Janssen vaccines picked up during clinical trials?A: Thromboembolic events with concurrent thrombocytopenia are very rare – with estimates based on the number of spontaneous reports suggesting an overall incidence on the order of 10-15 cases per million doses The clinical trials of these vaccines included large numbers of people, often with 10,000 to 20,000 individuals in the active vaccine arms, but even in trials of this size it was statistically unlikely that such very rare events would be detected This shows the importance of continual safety monitoring during the use of these vaccines, to allow very rare events to be detected and investigated further",Thromboembolic events with concurrent thrombocytopenia,What are very rare blood clots with low platelets with the AstraZeneca or Janssen vaccines?,"['Thrombo phromb idioms with high platelets', 'Thromb homolic events with mailer vaccine', 'Theromboopholic events with polybromboidenia']"
2140,"-------------------------------------------------------------------------------About ICMRAICMRA brings together the heads of 30 medicines regulatory authorities* from every region in the world, with the WHO as an observer Medicines regulators recognise their role in facilitating access to safe and effective high-quality medicinal products essential to human health and well-being This includes ensuring that benefits of vaccines outweigh their risks",vaccines,What does the WHO ensure that benefits outweigh their risks?,"['high - quality medicinal products', 'High - qualitymedical products', 'The health of human beings']"
2141,ICMRA is an international executive-level coalition of key regulators from every region in the world It provides a global strategic focus for medicines regulators and gives strategic leadership on shared regulatory issues and challenges Priorities include coordinated response to crisis situations,ICMRA,What is an international executive-level coalition of key regulators from every region in the world?,"['Climates of the delayed independence', 'setting up an international executive- level committee', 'setting up a meeting for these important countries']"
2142," Founded in 1948, WHO works with 194 Member States, across six regions and from 149 offices, to promote health, keep the world safe and serve the vulnerable Our goal for 2019-2023 is to ensure that a billion more people have universal health coverage, to protect a billion more people from health emergencies, and provide a further billion people with better health and wellbeingThe UK’s G7 Presidency will unite leading democracies to help the world fight, and then build back better from coronavirus and create a greener, more prosperous future",149,How many offices does WHO work with?,"[' They work in all parts of the world', ' They work with responsibility in all countries', '195, including 119, including fifty']"
2143,"Africa's President Ramaphosa urges G7 nations to plug COVID-19 funding gapUpdated: 13/06/2021Every year 600 million cases of foodborne illnesses are reported In 2010, 420 000 people died due to such diseases as salmonella and E",420 000,How many people died due to salmonella and EVID-19?,[]
2144,"coli infection, a third of them children under five years of age It is estimated that this figure is increasing year after year, but it is difficult to get a clear picture of the real impact foodborne diseases are having around the world To address this problem the World Health Organization has developed a handbook to help countries measure their foodborne disease burden and identify food safety system needs and data gaps so they can strengthen national infrastructure and better protect people’s health",coli infection,What is a third of children under five years of age?,"['Children under five years of age', 'three percent of children under five years of age havecoli infection', 'food safety needs and data gaps']"
2145,"“Food should sustain and support human health, not harm it,” said WHO Director-General Dr Tedros Adhanom Ghebreyesus “WHO’s new handbook will help countries to collect and analyze data to inform sustained investments in food safety The COVID-19 pandemic has demonstrated the intimate links between the health of humans, animals and the planet that sustains us","the health of humans, animals and the planet",What is the relationship between the COVID-19 pandemic?,"['the impact of the pandemic on human health', 'the physical and mental health of human beings', 'the human and animal safety']"
2146," WHO will continue to work with partners with a One Health approach to keep communities safe from foodborne disease”In 2020, the World Health Assembly adopted a new resolution mandating WHO to monitor the global burden of foodborne and zoonotic diseases at national, regional and international levels and to report on the global burden of foodborne diseases with up-to-date estimates of global foodborne disease incidence, mortality and disease burden by 2025The Organization is reconvening its foodborne disease burden epidemiology reference group (WHO FERG) with 26 new international experts",26,How many new international experts are in WHO's foodborne disease burden epidemiology reference group?,"['20', '35', 'A11']"
2147," The group’s main functions are to advise WHO on methodologies to estimate the global burden of foodborne diseases, to monitor global food safety indicators and measure progress being made in food safety There are over 250 different food hazards that cause various health issues such as acute or long-term illness or even death In 2015, the previous FERG helped WHO publish a historic report that revealed, for the first time ever, the global public health burden of foodborne diseases based on 31 foodborne hazards[1]",31,How many foodborne hazards were there in 2015?,"['whether food safety was a problem or not', 'how many foodborne hazards wereThere?', 'How many food hazards were there in 2015?']"
2148, The report showcased the massive health impact of unsafe food and highlighted the need for strong and sustained action A webinar on 29 June will provide further details about the handbookint/news/item/03-12-2015-who-s-first-ever-global-estimates-of-foodborne-diseases-find-children-under-5-account-for-almost-one-third-of-deaths-------------------------About the World Health Organization The World Health Organization provides global leadership in public health within the United Nations system,World Health Organization,Who provides global leadership in public health within the United Nations system?,[]
2149," Founded in 1948, WHO works with 194 Member States, across six regions and from 149 offices, to promote health, keep the world safe and serve the vulnerable Our goal for 2019-2023 is to ensure that a billion more people have universal health coverage, to protect a billion more people from health emergencies, and provide a further billion people with better health and wellbeing For updates on COVID-19 and public health advice to protect yourself from coronavirus, visit www",www,Where can you find updates on COVID-19 and public health advice to protect yourself from coronavirus?,"['Useful information', 'www. WHO.', 'public health advice']"
2150,"int and follow WHO on Twitter, Facebook, Instagram, LinkedIn, TikTok, Pinterest, Snapchat, YouTube, Twitch The event will stream live hereInterpretation will be available in Arabic, Chinese, English, French, Russian and SpanishIn October 2018, States and Governments adopted the Declaration of Astana on Primary Health Care, which reaffirmed their commitment to the fundamental right of every human being to the enjoyment of the highest attainable standard of health without distinctionof any kind",Declaration of Astana on Primary Health Care,What statement was adopted by the States and Governments in October 2018?,"[' dictionaries on Health Care', 'The Importance of the Health Care', 'declared the fundamental right of every human being']"
2151," Last year, the whole world witnessed no country that was 100% ready to overcome the challenges of the global pandemic The current epidemiological situation associated with the COVID-19 pandemic has highlighted the urgent need to ensure continuous accessto essential health services without which, there is an increased indirect morbidity and mortality In the emergency situations, like the COVID-19 pandemic, PHC plays a substantial role in prevention, preparedness, response and recovery – andin ensuring the continued access of the population to essential health services, thus preventing an increase in morbidity and mortality from causes not directly related to the coronavirus",the coronavirus,What cause is not directly related to the COVID-19 pandemic?,"[""people's physical health"", 'the lack of health services', 'people who are too old to take part in essential health services']"
2152," PHC also has a role to play in improving the equityof efforts to manage health emergencies and maintain health service access, with effective involvement of communities as partnersThe global commitment to PHC in the Declaration of Astana must be translated into specific actions to bring visible changes, visible results and contribute to the health status of communities In November 2020, countries adopted the Operational Frameworkfor Primary Health Care, which provides four strategic and ten operational levers to transform global commitments into practical actions and strengthen PHC at the country level",the Declaration of Astana,"In what document must the global commitment to PHC be translated into specific actions to bring visible changes, visible results and contribute to the health status of communities?","[' PHC', 'the Operational Frameworkfor Primary Health Care', ' PHC is a useful tool for health care']"
2153," The Operational Framework will help countries to implement the Declarationof Astana and build sustainable health systems based on Primary Health Care The event aims to:call on political leaders worldwide to reaffirm the importance of primary health care in the fight against the COVID-19 pandemic and other health-related emergenciesshare best practices and success stories of strengthening primary health careto facilitate COVID-19 response (including COVID vaccine roll-out), promote equitable recovery and boost health system resilience",the Declarationof Astana,What will the Operational Framework help countries to implement?,"['the CODA-19 pandemic', 'the Operationalework', 'the health care of the whole world']"
2154,discuss national health care systems’ prevention and preparedness for future health emergencies and the international community’s rolediscuss the Primary Health Care Operational Framework to strengthen health care systems and support countries to scale up national efforts to strengthen primary health careimprove communication to facilitate preparations for the inclusion of primary health care in the UN General Assembly 2022 Agenda,the UN General Assembly 2022 Agenda,What is the UN General Assembly's Agenda for the inclusion of primary health care?,"['the primary Health Care Operational Framework', 'the primary health care Operationalvik', 'The primary Health care Operationalework']"
2155,"Visit the event webpageProgramme[12:00 – 12:40] Part 1High-level plenaryModeratorsAlexey Tsoy, Minister of Health of the Republic of KazakhstanZsuzsanna Jakab, Deputy-Director General, WHOSpeakersTedros Adhanom Ghebreyesus, Director-General, WHOHenrietta Fore, Executive Director, UNICEFMuhammad Pate, Global Director, Health, Nutrition and Population, World BankFrancescaColombo, Head, Health Division, Organisation for Economic Cooperation and Development (keynote speaker)Hans Kluge, Regional Director, WHO European RegionSuraya Dalil, Director, WHO Special Programme on Primary Health Care[12:40 – 13:25] Part 2Ministerial Panel: The role of primary health care in responding to the COVID-19 pandemicModeratorAfshan Khan, Regional Director, UNICEF Europe and Central Asia PanelistsDaniel Salas Peraza, Minister of Health, Costa Rica Nguyen Thanh Long, Minister of Health, Viet Nam (TBC)Janez Poklukar, Minister of Health, Slovenia Mohammad Assai, Senior Advisor, Minister of Health and MedicalEducation, Islamic Republic of IranDiscussantDr Carissa Etienne, Regional Director, WHO Regional Office for the Americas[13:26 – 13:55] Part 3Vaccination and primary health care: Working together for COVAX and zero-dose agendasModeratorAboubacar Kampo, Director, Health Programmes, UNICEFPanelistsKate O’Brien, Director, WHO Department of Immunization, Vaccines and BiologicalsAnuradha Gupta, Deputy CEO, Vaccine Alliance (GAVI)Nagwa Nashat Hegazy, Director of the Medical Education and Human Resources Development Center in the Faculty of Medicine, Menoufia UniversityKwaku Agyemang-Manu, Minister of Health, Ghana Jane Ruth Aceng Ocero, Minister of Health, Uganda (TBC)DiscussantFeng Zhao, World Bank[13:56 - 14:00] ClosingAlexey Tsoy, Minister of Health of the Republic of KazakhstanZsuzsanna Jakab, Deputy-Director General, WHOAt the onset of the COVID-19 pandemic, more than 1700 children from 104 countries helped create a children’s storybook on COVID-19 that went on to reach many thousands of children around the world and to become a global success story “My Hero is You, how kids can fight COVID-19”, was produced to help children of 6-11 years learn how to protect themselves, their families and friends from the new coronavirus, and how to manage difficult emotions related to the pandemic",12:00 – 12:40,When is the event webpageProgramme?,[]
2156," A year after its launch, the storybook is available in more than 140 languages and has been adapted in multiple ways Creative adaptations include animations, puppet theatres, audio files and colouring books, as well as braille transcripts and sign language interpretationsToday, many children are still living with changes to their daily routines as a result of the pandemic, and having to cope with issues that impact their mental well-being",more than 140,How many languages is the storybook available?,"['many languages', 'much less than 1,000 languages', 'about one story']"
2157," Many of the issues of concern are not the same as a year ago For this reason, the Inter-Agency Standing Committee Reference Group on Mental Health and Psychosocial Support in Emergency Settings, co-chaired by the World Health Organization and the International Federation of Red Cross and Red Crescent Societies, is embarking on a sequel To ensure that the new story addresses the concerns of children during the current phase of the pandemic, we are seeking feedback from children, their parents and other caregivers and teachers through a short online questionnaire",Inter-Agency Standing Committee Reference Group on Mental Health and Psychosocial Support in Emergency Settings,What is the name of the group that is co-chaired by the World Health Organization and the International Federation of Red Cross and Red Crescent Socie,"['A World Health organization', 'The World Health Organization and the International Federation of Red Cross and Red CrescentSocie', 'How to get advice on the issues of concern']"
2158, Launch of the new story is planned for the third quarter of 2021Note to questionnaire respondentsWe estimate that the multiple-choice questionnaire that you can find at the links below will take 5-10 minutes to complete All responses will remain anonymous,5-10 minutes,How long will it take to complete the multiple-choice questionnaire?,[]
2159, Data collected will only be used for the purposes of development of the sequel to My Hero is You and will not be provided to third parties We hope you will encourage your networks to complete the questionnaire so that we can ensure that the new story is as relevant to and will be enjoyed by as many children as possible ArabicSurvey forparents and children Survey forteachersChineseSurvey for parents and children Survey for teachersEnglishSurvey for parents and children Survey for teachersFrenchSurvey for parents and children Survey for teachers HindiSurvey for parents and children Survey for teachersItalianSurvey for parents and children Survey for teachersPortugueseSurvey for parents and childrenSurvey for teachersRussianSurvey for parents and children Survey for teachersSpanishSurvey for parents and children Survey for teachers,My Hero is You,What is the sequel to?,"['FrenchSurvey for parents and children', 'ChineseSurveyFor parents and Childrensurvey for teachers for teachers for teachers for teachers only', 'Ivey for Parents and Children']"
2160,"WHO Director-General Special Awards for World No Tobacco Day announced: Minister of Health India and University of Bath for exceptional achievement in tobacco controlSmokers face a 40 – 50% higher risk of developing severe disease and death from COVID-19WHO partners with Viber,WhatsApp, FB Messenger, WeChatand AI company Soul Machines to reach billions with free digital quitting tobacco aids",40 – 50%,"What is the risk of developing severe disease and death from COVID-19WHO partners with Viber,WhatsApp, FB Messenger, We",[]
2161,"The World Health Organization’s 'Commit to Quit’ tobacco campaign has made resources from its Quitting Toolkit freely available to more than a billion tobacco users, less than 5 months into the year-long campaignWHO launched the campaign to support those millions of tobacco users who are actively taking steps to save their lives, but still need help to succeed The campaign is currently working directly with 29 focus countries",29,How many countries are working directly with the tobacco campaign?,"['30', 'Tobacco users', '26']"
2162," Each country agreed with WHO on selected activities, including, running national awareness campaigns, releasing new digital tools, revising policies, engaging youth, training health workers, opening new cessation clinics, supporting nicotine replacement therapies through WHO partners, establishing national toll-free quit lines, making quitting courses available, and more“Smokers have up to a 50% higher risk of developing severe disease and death from COVID-19, so quitting is best thing smokers can do to lower their risk from this coronavirus, as well as the risk of developing cancers, heart disease and respiratory illnesses,” said Dr Tedros Adhanom Ghebreyesus, WHO Director-General “We urge all countries to play their part by joining the WHO campaign and creating tobacco-free environments that give people the information, support and tools they need to quit, and quit for good",nicotine replacement therapies,What type of therapies did WHO partners support?,"[' quit smoking courses', 'tobacco replacement technologies', ""Smokers'health""]"
2163,"”“To help tobacco users to commit to be quitters and winners, we are using digital aids to release the WHO Quit Challenge chatbot and Artificial Intelligence digital health worker Florence, and making advocacy material available in 30 languages,” added Dr Rüdiger Krech, Director Health Promotion, WHO The Quit Challenge gives daily notifications of tips and encouragement for up to 6 months to help people remain tobacco free It is available for free on WhatsApp, Viber, Facebook Messenger and WeChat",30,How many languages is the WHO Quit Challenge chatbot available?,"['30 languages.', '10', '20']"
2164," Globally, roughly 39% of men and 9% of womenuse tobacco The highest tobacco userates among men are currently found in the Western Pacific region at 49%, and amongwomen in Europe at 19%Director-General’s Tobacco Control AwardsDr Tedros Adhanom Ghebreyesus has given special recognition awards for tobacco control to the Minister of Health and Family Welfare of India, Dr Harsh Vardhan and to the Tobacco Control Research Group at the University of Bath, UK",39%,What percentage of men and 9% of women use tobacco?,"['40%', '51%', '66%']"
2165,"Dr Harsha Vardhan was instrumental in the 2019 national legislation that bans E-cigarettes and heated tobacco products (HTPs) in India The Tobacco Control Research Group in UK has worked relentlessly to expose tobacco industry attempts and tactics to weaken, block or delay tobacco control, thereby helping secure policy change nationally and globallyNote to editors:*The campaign focus countries are:Arab Republic of EgyptDemocratic Republic of Timor-LesteFederal Democratic Republic of EthiopiaFederal Republic of GermanyFederal Republic of NigeriaFederative Republic of BrazilHashemite Kingdom of JordanIslamic Republic of IranIslamic Republic of PakistanKyrgyz RepublicPeople’s Republic of BangladeshPeople’s Republic of China,Republic of IndiaRepublic of IndonesiaRepublic of KazakhstanRepublic of KenyaRepublic of the Philippines,Republic of PolandRepublic of SenegalRepublic of South AfricaRepublic of SurinameRepublic of TurkeyRepublic of UzbekistanRepublic of the SudanRussian FederationSocialist Republic of Viet NamUnited Mexican StatesUnited States of AmericaUkraineWHO would like to thank our partners that supported the campaign: Allen Carr’s EasyWay, Amazon Web Services, Cipla, Facebook and WhatsApp, Google, Johnson & Johnson Consumer Health, Praekelt",Dr Harsha Vardhan,Who was instrumental in the 2019 national legislation that bans E-cigarettes and heated tobacco products in India?,"['The tobacco control Research Group in UK', ""China's Republic of India"", 'The tobacco Control Research Group Hongaii mentioned in the passage']"
2166,"org, Soul Machines Limited, and ViberIn 1981, health officials from around the world gathered at the World Health Assembly to address aggressive marketing tactics by the infant and young child feeding industry, which was promoting formula feeding over breastfeeding and causing a dramaticincrease in infant morbidity and mortality The result was the International Code of Marketing of Breastmilk Substitutes (the Code), a landmark policy framework designed to stop commercial interests from damaging breastfeeding rates and endangeringthe health and nutrition of the world’s youngest inhabitants",International Code of Marketing of Breastmilk Substitutes,What was the name of the landmark policy framework designed to stop commercial interests from damaging breastfeeding rates?,"['The Important Policy framework', 'Breastmilk Substitute', 'Breast milk mothers were allowed to milk their babies']"
2167,"In the last four decades, there has been a 50 per cent increase in the prevalence of exclusive breastfeeding As a result, an estimated 900 million infants globally have enjoyed the survival, growth and development benefits of exclusive breastfeedingin infancy Breastfeeding is vital to a child’s lifelong nutrition, health, and wellbeing",50,How much increase in the prevalence of exclusive breastfeeding has occurred in the last four decades?,"['80', 'The number of mothers who have achieved the goal of equality', '50 % more than 100 %']"
2168," It reduces costs for families, health facilities, and governments Breastfeeding protects children from infections and saves lives It supports emotional bonding betweenmothers and babies, along with other mental health benefits",emotional bonding,What does Breastfeeding support?,"['protecting children from infections', 'Breast feeding', 'Breastlove and health support']"
2169," Yet aggressive marketing of breastmilk substitutes continues to discourage women from breastfeeding, putting both children’s and women’s health at risk The 40th anniversary of the adoption the International Code of Marketing of Breastmilk Substitutes is an opportunity to mark the significant progress made in protecting and promoting the incomparable benefits of breastfeeding, but also a reminderof the work still to be done A majority of countries have enacted legislation to implement at least some provisions of the Code",40th anniversary,What is the anniversary of the adoption of the International Code of Marketing of Breastmilk Substitutes?,"['First year', '50st', '50 \n  st1 / breastmilk substitutes']"
2170," But unfortunately, only 25 countries have implemented measures that are substantially aligned with the CodeThe Code remains as relevant today as it was 40 years ago Last year, some marketers of baby foods exploited the COVID-19 pandemic to promote their products by invoking unfounded fears that breastfeeding could transmit COVID-19",25,How many countries have implemented measures that are substantially aligned with the Code?,"['25 countries.', '11', '20']"
2171," WHO and UNICEF guidanceis clear: mothers suspected or known to have COVID-19 should continue breastfeeding On the 40th anniversary of the Code, UNICEF and WHO call on governments, health workers, and the baby food industry to fully implement and abide by the Code requirements: Governments must enact and enforce legislation to prevent commercial interests from undermining breastfeeding, optimal infant and young child feeding, and the health of children and women, including during pregnancy and breastfeedingHealth workers must protect, promote and support breastfeeding; they must not accept sponsorship from companies that market foods for infants and young children for scholarships, awards, grants, meetings, or events",COVID-19,What are mothers suspected of breastfeeding?,"[' WHO and UNiceF guidance', ""Women's breast milk"", 'They are suspected of mothers']"
2172,"The infant and young child feeding industry must publicly commit to full compliance, globally, with the International Code of Marketing of Breastmilk Substitutes and subsequent relevant World Health Assembly resolutions Together, we must take the 40th anniversary milestone as an opportunity to celebrate the progress made in promoting and supporting breastfeeding and call to boldly protect breastfeeding as the best start in life, for every child ##For further information, please contact:Helen Wylie, UNICEF New York, Tel: +1 917 244 2215, hwylie@unicef",hwylie,Who is UNICEF New York's Tel: +1 917 244 2215?,"['Helen Wylie', 'helen Wyleie', 'helen Wylie']"
2173,"orgPippaHaughton, WHO Geneva, Tel: +41 794466331, haughtonp@whoint or mediainquiries@whointAbout UNICEFUNICEF works in some of the world’s toughest places, to reach the world’s most disadvantaged children",UNICEFUNICEF,Who works in some of the world's toughest places?,"[' WHO Geneva', ""A world 'S most disadvantaged child"", 'Who has the most disadvantaged children']"
2174," Across more than 190 countries and territories, we work for every child, everywhere, to build a better world for everyone For more information about UNICEF and its work for children visit wwworg Follow UNICEF onTwitter,Facebook,InstagramandYouTubeAbout WHOThe World Health Organization provides global leadership in public health within the United Nations system",WHOThe World Health Organization,Who provides global leadership in public health within the United Nations system?,"['The United Nations Health Organization', 'who provides global leadership in public health within the United Nations system', "" WHO 'S Organization""]"
2175," Founded in 1948, WHO works with194 Member States, across six regions and from149offices,to promote health, keep the worldsafe and serve the vulnerable Our goal for 2019-2023 is to ensure that a billion more people have universal health coverage, to protect a billion more people from health emergencies, and provide a further billion people with better health and wellbeingFor updates on COVID-19 and public health advice to protect yourself from coronavirus,visitwww",coronavirus,What does COVID-19 protect yourself from?,"['Public health advice', 'public health advice.', ""people's health""]"
2176,"intand follow WHO onTwitter,Facebook,Instagram,LinkedIn,TikTok, Pinterest,Snapchat,YouTube, TwitchMost people consume double the WHO-recommended 5g of daily salt intake, putting themselves at greater risk of the heart diseases and strokes that kill an estimated 3 million people each yearToday, the World Health Organization (WHO) released a new set of global benchmarks for sodium levels in more than 60 food categories that will help countries reduce sodium contents in foods to improve diets and save lives",3 million,How many people die each year?,"['5g of daily salt intake', 'How many people die of heart diseases each year?', '5g']"
2177," “WHO Global Sodium Benchmarks for Different Food Categories” is a guide for countries and industry to reduce the sodium content in different categories of processed foods Around the world, consumption of processed food is a rapidly increasing source of sodium Confusingly, similar processed food products often contain different amounts of sodium in different countries",sodium,What does the WHO Global Sodium Benchmarks for Different Food Categories reduce in different categories of processed foods?,"['Processed food', 'Processed foodincludes salt. ks5u', 'Processed foods and food']"
2178," WHO’s harmonized global benchmarks will show countries how they can progressively lower their targets, based on their local food environments, and encourage industry to lower the sodium content in processed foods accordingly and advance toward the WHO goal of 30% reduction in global salt/sodium intake by 2025“Most people don’t know how much sodium they consume, or the risks it poses,” said Dr Tedros Adhanom Ghebreyesus, WHO Director-General “We need countries to establish policies to reduce salt intake and provide people with the information they need to make the right food choices",30%,What is the WHO goal of reduction in global salt/sodium intake by 2025?,[]
2179, We also need the food and beverage industry to cut sodium levels in processed foods WHO’s new benchmarks give countries and industry a starting point to review and establish policies to transform the food environment and save lives” The WHO Global Sodium Benchmarks target a wide range of categories of processed and packaged food products that significantly contribute to overly salty diets,overly salty diets,What does the WHO Global Sodium Benchmarks contribute to?,"['Fast food', 'overly salt foods', 'overly processed food']"
2180," Processed and packaged bread, savoury snacks, meat products and cheese are among the categories of high-sodium food products identified for the new global benchmarksReducing sodium content by reformulating processed foods is a proven strategy to reduce population sodium intake, particularly in places where consumption of processed foods is high It can also prevent processed foods from becoming a major source of sodium in countries where consumption of these manufactured foods may be rapidly increasing",processed foods,What is a proven strategy to reduce population sodium intake?,"['Processed and packaged foods. Ks5u', 'Processed foods', 'Processed food products']"
2181," In the United Kingdom, voluntary targets for food manfacturers to reformulate products decreased adult salt intake approximately 15% between 2003 and 2011, indicating that target-setting across multiple food categories can achieve meaningful reductions in sodium consumption “Access to affordable, healthy foods is critically important for all people in every country,” said Dr Tom Frieden, President and CEO of Resolve to Save Lives, an Initiative of Vital Strategies “These global benchmarks are an important first step",Resolve to Save Lives,What is the name of the initiative of Vital Strategies?,"['Vital Strategies', 'Veat to save Lives', 'Veatoring Life']"
2182," As consumer tastes adjust and technology advances, country governments and the WHO can steadily reduce them over time until population sodium reduction goals have been met When we reduce sodium gradually, our food will still taste great, and only our hearts will know the difference!” These new benchmarks are launching during a decisive year for food and nutrition policy The United Nations Food Systems Summit in September and the Nutrition for Growth Summit in December will convene a wide range of stakeholders to transform food systems by providing opportunities for national, regional and global efforts to improve the food environment and make commitments including to limit the sodium content in processed foods",sodium,What is the population reduction goal for the WHO?,"['salty food', 'food', 'the food environment. [ :, ]']"
2183," ###About the World Health Organization The World Health Organization provides global leadership in public health within the United Nations system Founded in 1948, WHO works with 194 Member States, across six regions and from 149 offices, to promote health, keep the world safe and serve the vulnerable Our goal for 2019-2023 is to ensure that a billion more people have universal health coverage, to protect a billion more people from health emergencies, and provide a further billion people with better health and wellbeing",a billion,How many people have universal health coverage for 2019-2023?,"['two billion', 'a billion more people have health insurance', 'a health insurance card']"
2184," For updates on COVID-19 and public health advice to protect yourself from coronavirus, visit wwwint and follow WHO on Twitter, Facebook, Instagram, LinkedIn, TikTok, Pinterest, Snapchat, YouTube, Twitch About Resolve to Save Lives Resolve to Save Lives is an initiative of the global health organization Vital Strategies focused on preventing 100 million deaths from heart disease and making the world safer from epidemics Tom Frieden, former director of the US Centers for Disease Control and Prevention",Tom Frieden,Who is the former director of the US Centers for Disease Control and Prevention?,"['Vital Strategies', 'Vitaminality', 'Vital strategies']"
2185, To find out more visit: https://wwworg or Twitter @ResolveTSL About Vital Strategies Vital Strategies is a global health organization that believes every person should be protected by a strong public health system We work with governments and civil society in 73 countries to design and implement evidence-based strategies that tackle their most pressing public health problems,73,How many countries do Vital Strategies work with?,"['70', '71', '75']"
2186," Our goal is to see governments adopt promising interventions at scale as rapidly as possible To find out more, please visit wwworg or Twitter @VitalStrat",wwworg or Twitter @VitalStrat,"To find out more, please visit what website?","['wwworg. website @VitaminStrat.ks5u', 'wwworg andTwitter @V breathingStrat,', 'wwworg and www @ VincitalStrac']"
2187,"While immunization services have started to recover from disruptions caused by COVID-19, millions of children remain vulnerable to deadly diseases, the World Health Organization (WHO), UNICEF and Gavi, the Vaccine Alliance warned today during World Immunization Week, highlighting the urgent need for a renewed global commitment to improve vaccination access and uptake“Vaccines will help us end the COVID-19 pandemic but only if we ensure fair access for all countries, and build strong systems to deliver them,” said Dr Tedros Adhanom Ghebreyesus, WHO’s Director-General “And if we’re to avoid multiple outbreaks of life-threatening diseases like measles, yellow fever and diphtheria, we must ensure routine vaccination services are protected in every country in the world",millions,How many children remain vulnerable to deadly diseases?,"[' vaccine', 'vaccine access', 'vaccines for children']"
2188,"”A WHO survey has found that, despite progress when compared to the situation in 2020, more than one third of respondent countries (37%) still report experiencing disruptions to their routine immunization services Mass immunization campaigns are also disrupted According to new data, 60 of these lifesaving campaigns are currently postponed in 50 countries, putting around 228 million people - mostly children - at risk for diseases such as measles, yellow fever and polio",60,How many lifesaving immunization campaigns are currently postponed in 50 countries?,"['50 countries', '70', '85']"
2189," Over half of the 50 affected countries are in Africa, highlighting protracted inequities in people’s access to critical immunization servicesCampaigns to immunize against measles, which is one of the most contagious diseases and can result in large outbreaks wherever people are unvaccinated, are the most impacted Measles campaigns account for 23 of the postponed campaigns, affecting an estimated 140 million people",23,How many of the postponed Measles campaigns account for?,"['20 - 40 million people', '25', '22']"
2190," Many have now been delayed for over a year “Even before the pandemic, there were worrying signs that we were beginning to lose ground in the fight against preventable child illness, with 20 million children already missing out on critical vaccinations,” said Henrietta Fore, UNICEF Executive Director “The pandemic has made a bad situation worse, causing millions more children to go unimmunized",20 million,How many children were missing out on critical vaccinations before the pandemic?,[]
2191," Now that vaccines are at the forefront of everyone’s minds, we must sustain this energy to help every child catch up on their measles, polio and other vaccines We have no time to waste Lost ground means lost lives",lost lives,What does Lost ground mean?,"['lost places', 'lost medicine', ' Lost ground']"
2192,"”As a result of gaps in vaccination coverage, serious measles outbreaks have recently been reported in countries including the Democratic Republic of the Congo, Pakistan and Yemen,while likely to occur elsewhere as growing numbers of children miss out on lifesaving vaccines, the agencies warn These outbreaks are happening in places already grappling with conflict situations as well as service disruptions due to ongoing response measures to COVID-19The supply of vaccines and other equipment is also essential for child vaccinations",supply of vaccines and other equipment,What is essential for child vaccinations?,"['vaccinating bodies', 'supplier of vaccination and other measures', 'accurate vaccine']"
2193," Due to disruptions at the onset of the COVID -19 pandemic, UNICEF delivered201 billion vaccine doses in 2020, compared to 2“Millions of children across the world are likely to miss out on basic vaccines as the current pandemic threatens to unravel two decades of progress in routine immunization”, said Dr Berkley, CEO of Gavi, the Vaccine Alliance",2,How many vaccine doses did UNICEF deliver in 2020?,"['4', ' vaccine dose.', ' vaccine packages.1']"
2194," “To support the recovery from COVID-19 and to fight future pandemics, we will need to ensure routine immunization is prioritized as we also focus on reaching children who do not receive any routine vaccines, or zero-dose children To do this, we need to work together – across development agencies, governments and civil society – to ensure that no child is left behind” New global immunization strategy aims to save over 50 million lives To help tackle these challenges and support the recovery from the COVID-19 pandemic, WHO UNICEF, Gavi and other partners today launched the Immunization Agenda 2030 (IA2030), an ambitious new global strategy to maximize the lifesaving impact of vaccines through stronger immunization systems",Immunization Agenda 2030,What is the new global strategy to maximize the lifesaving impact of vaccines through stronger immunization systems?,"[' vaccine recovery', 'Preventing Children suffering from COUV-19 pandemic', 'Preventing polio and anti -clock children']"
2195," The Agenda focuses on vaccination throughout life, from infancy through to adolescence and older age If fully implemented, it will avert an estimated 50 million deaths, according to WHO - 75% of them in low- and lower-middle income countries Targets to be achieved by 2030 include: Achieve 90% coverage for essential vaccines given in childhood and adolescenceHalve the number of children completely missing out on vaccinesComplete 500 national or subnational introductions of new or under-utilized vaccines - such as those for COVID-19, rotavirus, or human papillomavirus (HPV)Urgent action needed from all immunization stakeholdersTo achieve IA2030’s ambitious goals, WHO, UNICEF, Gavi and partners are calling for bold action: World leaders and the global health and development community should make explicit commitments to IA2030 and invest in stronger immunization systems, with tailored approaches for fragile and conflict-affected countries",50 million,How many deaths will the Agenda avert?,"['50 million.000 years', '75 percent of them in low - and middle income countries', '75 %']"
2196," Immunization is a vital element of an effective health care system, central to pandemic preparedness and response, and key to preventing the burden of multiple epidemics as societies reopen All countries should develop and implement ambitious national immunization plans that align with the IA2030 framework, and increase investments to make immunization services accessible to allDonors and governments should increase investments in vaccine research and innovation, development, and delivery, focused on the needs of underserved populationsThe pharmaceutical industry and scientists, working with governments and funders, should continue to accelerate vaccine R&D, ensure a continuous supply of affordable vaccines to meet global needs, and apply lessons from COVID-19 to other diseases###Notes to editorsPhotos and b-roll are available for download hereWorld Immunization Week 2021 takes place in the last week of April (April 24th-30th) to celebrate the lifesaving benefits of vaccines This year’s theme, ‘Vaccines bring us closer,’ aims to show how vaccination connects us to the people, goals and moments that matter, helping improve the health of everyone, everywhere throughout life",preventing the burden of multiple epidemics,What is vaccination key to as societies reopen?,"['urging governments to increase investments in vaccine research and development', 'making vaccine research and development', 'improving the health of all']"
2197," The World Health Organizationprovides global leadership in public health within the United Nations system Founded in 1948, WHO works with194 Member States, across six regions and from more than 150 offices,to promote health, keep the world safe and serve the vulnerable Our goal for 2019-2023 is to ensure that a billion more people have universal health coverage, to protect a billion more people from health emergencies, and provide a further billion people with better health and wellbeing",a billion,How many people have universal health coverage for 2019-2023?,"['two billion', 'a billion more consumers of health', 'two people']"
2198,"UNICEFworks in some of the world’s toughest places, to reach the world’s most disadvantaged children Across 190 countries and territories, we work for every child, everywhere, to build a better world for everyone For more information about UNICEF and its work for children, visitwww",190,How many countries and territories does UNICEF work to reach the world's most disadvantaged children?,"['How many countries and territories do UNiceF work?', ""It's the most disadvantaged child"", ""200 - world's most disadvantaged children""]"
2199," For more information about COVID-19, visitwww Follow UNICEF onTwitterandFacebook More information on UNICEF’s Immunization programme, availablehere",Immunization,What is UNICEF's program called?,"['Cooperation', 'A programme called', ""UNicesF's work in Africa""]"
