,context,answer,question,distractor
100," Headquartered in New York, we have offices in Washington DC, London, San Francisco, Brasilia, Sao Paulo, Singapore, and Tokyo, as well as on-the-ground experts and resources in more than a hundred countries ""Politics first” grounds our work: Politics is the lens through which we view the world, and we are committed to analysis that is free of political bias and the influence of private interestsThe ACT AcceleratorThe Access to COVID-19 Tools Accelerator (ACT Accelerator), is the proven, up-and-running global collaboration to accelerate the development, production, and equitable access to COVID-19 tests, treatments, and vaccines","Washington DC, London, San Francisco, Brasilia, Sao Paulo, Singapore, and Tokyo",Where are our offices located?,"['In Washington DC, Sanburg, Brazil, Brazil, Singapore, and Tokyo, Washington DC, Washington, Washington, Washington, Japan and Tokyo, China', 'The Washington DC, San Francisco and Brazil', 'In Washington, London, Brazil, Singapore, and Japan']"
101," It was set up in response to a call from G20 leaders in March and launched by the WHO, European Commission, France and The Bill & Melinda Gates Foundation in April 2020The ACT Accelerator is not a decision-making body or a new organization, but works to speed up collaborative efforts among existing organizations to end the pandemic It is a framework for collaboration that has been designed to bring key players around the table with the goal of ending the pandemic as quickly as possible through the accelerated development, equitable allocation, and scaled up delivery of tests, treatments and vaccines, thereby protecting health systems and restoring societies and economies in the near term",March,When was the ACT Accelerator launched?,"['The Bill & Melinda Gates Foundation', 'G20 leaders', 'April 20']"
102," It draws on the experience of leading global health organizations which are tackling the world’s toughest health challenges, and who, by working together, are able to unlock new and more ambitious results against COVID-19 Its members share a commitment to ensure all people have access to all the tools needed to defeat COVID-19 and to work with unprecedented levels of partnership to achieve itThe ACT Accelerator comprises four pillars: diagnostics, therapeutics, vaccines and health system strengtheningThe diagnostics pillar, co-convened by the Global Fund and FIND is focused on bringing to market 2–3 high-quality rapid tests, training 10,000 healthcare professionals across 50 countries and establishing testing for 500 million people in Low and Middle-Income countries by mid-2021",500 million,How many people are testing in Low and Middle-Income countries by mid-2021?,"['50 countries', '25 million', '500,000']"
103,"The therapeutics pillar is led by Unitaid and Wellcome Therapeutics can play a role in all stages of COVID-19 disease: to prevent infection; suppress symptoms and spread of infection to others; treat or prevent symptoms; as a life-saving treatment for severe symptoms; and as a treatment that can speed up recovery The aim in the next 12 months is to develop, manufacture and distribute 245 million treatments, helping COVID-19 sufferers to recover from the disease",245 million,How many treatments can COVID-19 sufferers receive in the next 12 months?,"["" curators of COVillerers'disease"", ' passes \n 5 \n 7 \n ks5u', '25 \n 00 \n 00 \n 00 \n 00 \n l \n 7 \n 7 \n 7 \n 7 \n Fifty \n 60 \n Fifty \n 60 \n 60 \n pounds of treatment']"
104,"The COVAX vaccines pillar, convened by CEPI, Gavi and WHO, is speeding up the search for an effective vaccine for all countries At the same time, it is supporting the building of manufacturing capabilities, and buying supply, ahead of time so that 2 billion doses can be fairly distributed by the end of 2021The health systems connector, led by the WHO, World Bank and the Global Fund, is working to ensure that these tools can reach the people who need them",COVAX vaccines pillar,"What is the focus of the CEPI, Gavi and WHO?","['Opinions for vaccine for all countries', 'A meeting of CepI, Gave and WHO', "" WHO's vaccine""]"
105,"Cross-cutting all of these is the workstream on Access & Allocation, hosted by the World Health Organization (WHO)Measles surged worldwide in 2019 reaching highest number of reported cases in 23 yearsHighlighted in a publication by WHO and the United States Centers for Disease Control and Prevention (CDC), measles cases worldwide increased to 869770 in 2019, the highest number reported since 1996 with increases in all WHO regions",869770,What was the highest number of measles cases reported since 1996?,"['The highest number of measles cases since 1976', '3,74 million', 'The highest number of measles cases']"
106," Global measles deaths climbed nearly 50 percent since 2016, claiming an estimated 207500 lives in 2019 aloneAfter steady global progress from 2010 to 2016, the number of reported measles cases climbed progressively to 2019 Comparing 2019 data with the historic low in reported measles cases in 2016, authors cite a failure to vaccinate children on time withtwo doses of measles-containing vaccines (MCV1 and MCV2) as the main driver of these increases in cases and deaths",207500,How many lives did global measles deaths claim in 2019 alone?,"['50 %', 'The number of reported measles cases rose continuously from 2010 to 2016', 'The number of report Measles cases rising rapidly']"
107,"“We know how to prevent measles outbreaks and deaths,” said Dr Tedros Adhanom Ghebreyesus, WHO Director-General “These data send a clear message that we are failing to protect children from measles in every region of the world We must collectively work to support countries and engage communities to reach everyone, everywhere with measles vaccine and stop this deadly virus",measles vaccine,What is the name of the vaccine that must be used to stop measles outbreaks and deaths?,"['measles disease', 'Measles', 'measles']"
108,"”Measles outbreaks occur when people who are not protected from the virus are infected and spread the disease to unvaccinated or under-vaccinated populations To control measles and prevent outbreaks and deaths, vaccination coverage rates with therequired MCV1 and MCV2 must reach 95 percent and be maintained at national and subnational levels MCV1 coverage has been stagnant globally for more than a decade at between 84 and 85 percent",95 percent,How much should vaccination coverage rates with therequired MCV1 and MCV2 reach?,"['80 percent', 'urging', 'urged']"
109," MCV2 coverage has been steadily increasingbut is only now at 71 percent Vaccination coverage against measles remains well below the 95 percent or higher needed with both doses to control measles and prevent outbreaks and deathsGlobal response to COVID-19 pandemic must not exacerbate the measles crisisAlthough reported cases of measles are lower in 2020, necessary efforts to control COVID-19 have resulted in disruptions in vaccination and crippled efforts to prevent and minimize measles outbreaks",71 percent,What percentage of measles vaccination coverage is now at?,"['93 percent', '66 percent', '70 %']"
110," As of November, more than 94 million people were atrisk of missing vaccines due to paused measles campaigns in 26 countries Many of these countries are experiencing ongoing outbreaks Of countries with postponed planned 2020 campaigns, only eight (Brazil, Central African Republic, DemocraticRepublic of Congo, Ethiopia, Nepal, Nigeria, Philippines and Somalia) resumed their campaigns after initial delays",paused measles campaigns,Why were more than 94 million people at risk of missing vaccines?,"[' absent vaccines', 'caused late vaccine campaigns', ""didn't have enough vaccines""]"
111,"“Before there was a coronavirus crisis, the world was grappling with a measles crisis, and it has not gone away,” said Henrietta Fore, UNICEF Executive Director “While health systems are strained by the COVID-19 pandemic, we must notallow our fight against one deadly disease to come at the expense of our fight against another This means ensuring we have the resources to continue immunization campaigns for all vaccine-preventable diseases, even as we address the growing COVID-19pandemic",a measles crisis,What was the world grappling with before there was a coronavirus crisis?,"['two vaccine-preventable diseases', 'a health crisis.', 'a measles virus problem']"
112,"”Causes of failure to control measles are many and must be addressed Global immunization partners are engaging leaders and public health professionals in affected and at-risk countries to ensure that measles vaccines are available and safely delivered, and that caregivers understand the life-saving benefit of the vaccine On 6 November 2020, WHO and UNICEF issued an emergency call to action for measles and polio outbreak prevention and response“Measles virus easily finds unprotected children, adolescents and adults because it is so contagious,” said Dr",6 November 2020,When did WHO and UNICEF issue an emergency call to action for measles and polio outbreak prevention and response?,"['4 November 2020 [ : Zxxk. Com ]', '9 November 2020 and 6 November 2020', 'Measles and polio prevention']"
113," Robert Linkins, Measles & Rubella Initiative Management Team Chair and Accelerated Disease Control Branch Chief at U“Infections are not only a sign of poor measles vaccination coverage, but also a known marker, or ‘tracer,’ that vital health services may not be reaching populations most at-risk Our collective efforts to reach children with vaccinesnow, ahead of the possible easing of COVID-19 travel restrictions and increased population movement, will save lives",vaccinesnow,What is a sign of poor measles vaccination coverage?,"[' Measles & Rubella hunters', 'little rural areas', 'the Measurable vaccine']"
114,"”The Measles & Rubella Initiative (M&RI), which includes American Red Cross, the United Nations Foundation, the U CDC, UNICEF and WHO, and global immunization partnerslike Gavi, the Vaccine Alliance, the Bill and Melinda Gates Foundation and others, are working to address the current measles crisis and ensure that resources are positioned to address immunization delays – for measles and all vaccines –in every region of the world A bold strategy released by M&RI, Measles & Rubella Strategic Framework 2021 – 2030, will help to address reversals in global progress toward measles elimination by bolstering strong, national immunization systems that can reach and protect children","bolstering strong, national immunization systems that can reach and protect children",What is the goal of the Measles & Rubella Strategic Framework 2021 – 2030?,"['showing that resources are positioned to address vaccine delays', 'Selling all the measles effectively in every region of the world', 'making good use of the resources to address the current measles crisis']"
115," COVID-19 has resulted in dangerous declines in immunization coverage, leading to increased risk of measles outbreaks This is why countriesurgently need to prioritize measles catch-up immunization through routine services to mitigate the risk of outbreaks and ensure no child goes without this lifesaving vaccine” - Dr Seth Berkley, CEO of Gavi, the Vaccine Alliance",Dr Seth Berkley,Who is the CEO of Gavi?,"['Dr Jason Trammell', 'Dr Meeting & GPhone reached', 'Gavio, the vaccines Association']"
116,"“The fact that measles outbreaks are occurring at the highest levels we’ve seen in a generation is unthinkable when we have a safe, cost-effective, and proven vaccine No child should die from a vaccine-preventable disease We are proud tochart a bold way forward with partners to close gaps in access to immunization and rapidly respond to outbreaks so everyone, everywhere can live healthy lives",vaccine-preventable,What type of disease does no child need to die from?,"['vaccine-preventable or non - existable', ' Measles disease', 'Measles-like disease']"
117,"” - Elizabeth Cousens, President & CEO, United Nations Foundation“We are concerned that COVID-19 will contribute to an increase in the number of measles cases and deaths Measles knows no borders, and it is imperative we work together to vaccinate more children and continue the fight against this preventabledisease",vaccinate more children,What is the goal of COVID-19?,"['promote the fight against Measles', 'promote CODA-19', 'vaccate more people']"
118," “Around the globe, Red Cross and Red Crescent volunteers help families in chronically unvaccinated communities to protect their children Join us in this effort” - Gail McGovern, President & CEO of the American Red Cross",Gail McGovern,Who is President & CEO of the American Red Cross?,"['American Red Cross', 'The Red Cross.', 'Red Cross and Red Crescent volunteers']"
119,"###Notes to editors Download photos and broll on vaccines here: https://weshareorg/Package/2AM408X1UA6XAbout M&RI:The Measles & Rubella Initiative (M&RI) is a partnership between the American Red Cross, the United Nations Foundation, the U CDC, UNICEF and WHO","the American Red Cross, the United Nations Foundation, the U CDC, UNICEF and WHO",Who is involved in the Measles & Rubella Initiative?,"['the U WHO, the U WHO, UNYF and ---- UN organization from Singapore', 'the United Nations Foundation, the U WHO and the WHO that all purpose is to promote the Measles and Rubella International', 'the American government, the Unitedworkers, and the world government']"
120," Workingwith Gavi, the Vaccine Alliance and other stakeholders, the Initiative is committed to achieving and maintaining a world without measles, rubella and congenital rubella syndrome Since 2000, M&RI has helped deliver over USD 55 billion doses of measlesvaccine to children worldwide and saved over USD 25",over USD 55 billion,How many doses of measlesvaccine has M&RI delivered to children worldwide?,"['about US 40 billion', 'Over US 25', 'much less than US ordinary people']"
121,"5 million lives by increasing vaccination coverage, responding to outbreaks, monitoring and evaluation, and supporting demand for vaccine More information on measles:WHO factsheet; CDC measles updates; Latest WHO measles surveillance data; UNICEF’s immunization updates; and Latest WHO guidelines for immunization programme in context of COVID-19UNICEF and the World Health Organization (WHO) today issued an urgent call to action to avert major measles and polio epidemics as COVID-19 continues to disrupt immunization services worldwide, leaving millions of vulnerable children at heightened risk of preventable childhood diseases",5 million,How many lives are affected by increasing vaccination coverage?,"['4 million', '2 million', '2.5 million and 4 million']"
122," The two organizations estimate that US$655 million (US$400 million for polio and US$255 million for measles) are needed to address dangerous immunity gaps in non-Gavi eligible countries and target age groups “COVID-19 has had a devastating effect on health services and in particularimmunization services, worldwide,” commented Dr Tedros Adhanom Ghebreyesus,WHO Director-General “But unlike with COVID, we have the tools and knowledge tostop diseases such as polio and measles",polio and measles,What diseases do we have the tools and knowledge to stop?,"['school disease and measles', 'schoolwork and Measles', 'volio, polio and Measures']"
123," What we need are the resources andcommitments to put these tools and knowledge into action If we do that, children’s liveswill be saved”“We cannot allow the fight against one deadly disease to cause us to lose ground in thefight against other diseases,” said Henrietta Fore, UNICEF Executive Director",Henrietta Fore,Who was UNICEF Executive Director of the UNICEF?,"['The United NationsF Executive Director', ""UNF's Fights against One deadly disease"", 'UNF FNF']"
124," “Addressing the global COVID-19 pandemic is critical However, other deadly diseases also threatenthe lives of millions of children in some of the poorest areas of the world That is whytoday we are urgently calling for global action from country leaders, donors andpartners",global action,"What do country leaders, donors and partners call for today?","['Countries and donors', ""Countries'efforts"", 'global action in all the countries']"
125," We need additional financial resources to safely resume vaccination campaignsand prioritize immunization systems that are critical to protect children and avert otherepidemics besides COVID-19”In recent years, there has been a global resurgence of measles with ongoing outbreaks in all parts of the world Vaccination coverage gaps have been further exacerbated in 2020 by COVID-19",2020,What year did COVID-19 increase vaccination coverage gaps?,"['Vaccination coverage gaps', 'Countries with vaccine gaps', 'CountyVaccination gaps.-o-19']"
126," In 2019, measles climbed to the highest number of new infections in more than two decades Annual measles mortality data for 2019 to be released next week will show the continued negative toll that sustained outbreaks are having in many countries around the world At the same time, poliovirus transmission is expected to increase in Pakistan and Afghanistan and in many under-immunized areas of Africa",poliovirus,What type of transmission is expected to increase in Pakistan and Afghanistan?,"['Measles', 'Poli virus', 'poli virus transmission']"
127," Failure to eradicate polio now would lead to global resurgence of the disease, resulting in as many as 200,000 new cases annually, within 10 years New tools, including a next-generation novel oral polio vaccine and the forthcoming Measles Outbreak Strategic Response Plan are expected to be deployed over the coming months to help tackle these growing threats in a more effective and sustainable manner, and ultimately save lives The Plan is a worldwide strategy to quickly and effectively prevent, detect and respond to measles outbreaks",10 years,How long does it take to eradicate polio?,[]
128,"Notes to editors:Download photos and broll on vaccinations, including polio and measles vaccinations hereGenerous support from Gavi, the Vaccine Alliance, has enabled previous access to funding for outbreak response, preventive campaigns and routine immunization strengthening, including additional support for catch-up vaccination for children who were missed due to COVID-19 disruptions in Gavi-eligible countries However, significant financing gaps remain in middle-income countries which are not Gavi-eligible This call for emergency action will go to support those middle-income countries that are not eligible for support from Gavi",polio and measles,What types of vaccinations are included in Gavi's Vaccine Alliance?,"['vaccine, polio and measles.', 'Vaccine and measles baby half disease only and not polio and measles', 'Gavine action']"
129," About UNICEFUNICEF works in some of the world’s toughest places, to reach the world’s most disadvantaged children Across 190 countries and territories, we work for every child, everywhere, to build a better world for everyone For more information about UNICEF and its work for children, visit www",www,Where can you find more information about UNICEF and its work for children?,"['www. UNF', 'www. UNiceF.org', 'www. UNice Fund']"
130," For more information about COVID-19, visit www To know more about UNICEF’s work on immunization, visit https://wwworg/immunization Follow UNICEF on Twitter and FacebookAbout the Global Polio Eradication Initiative The Global Polio Eradication Initiative is spearheaded by WHO, Rotary International, the US Centers for Disease Control and Prevention (CDC), UNICEF, the Bill & Melinda Gates Foundation and Gavi, the Vaccine Alliance",Vaccine Alliance,What is the name of the organization that spearheaded the Global Polio Eradication Initiative?,"['UNiceF', 'Global polio Eradication', 'The GlobalPoliao Eradicating Institute']"
131,"About the Measles & Rubella InitiativeThe Measles & Rubella Initiative (M&RI) is a partnership between the American Red Cross, the U Centers for Disease Control and Prevention (CDC), UNICEF, the United Nations Foundation and the World Health Organization Working with Gavi, the Vaccine Alliance, and other stakeholders, the Initiative is committed to achieving and maintaining a world without measles, rubella and congenital rubella syndrome",the Vaccine Alliance,"Along with Gavi, what organization is involved in the Measles & Rubella Initiative?","['the World Health Organization', 'the Measles & Rubella Institute', 'the United Nations Foundation']"
132," Since 2000, M&RI has helped deliver over 55 billion doses of measles vaccine to children worldwide and saved over 23 million lives by increasing vaccination coverage, responding to outbreaks, monitoring and evaluation, and supporting demand for vaccineIn a year that has seen more than 1",more than 1,"In a year, how many measles vaccines did M&RI have?","['More than 4 billion', 'More than 5 million', 'much less than 5']"
133,"2 million lives lost to a deadly coronavirus pandemic, WHO’s 194 Member States are expected to adopt a resolution to strengthen preparedness for health emergencies EB146R10, at the resumed 73rd World Health AssemblyThe draft resolution renews the commitment to better prepare for health emergencies such as COVID-19, through “full” compliance with the International Health Regulations (2005)",2 million,How many lives were lost to a coronavirus pandemic?,"['2.5 million.', 'Gift', 'About 6 million']"
134,"It urges Member States to “dedicate domestic investment and recurrent spending and public funding to health emergency preparedness,” and to “improve government and decision-making processes and enhance institutional capacity and infrastructure for public health”It calls on the global health community to ensure that all countries are better equipped to detect and respond to cases of COVID-19 and other infectious diseasesOver the past two days, Committee A – which deals with predominantly programme and budget matters – has reviewed the findings of the reports of the Director-General on WHO’s work in health emergencies (A73/11) and on the implementation of the International Health Regulations (2005)(A73/14)",the International Health Regulations (2005)(A73/14),What is the implementation of WHO's work in health emergencies?,"['the Government and decision - making processes', 'the instruments of an effective Health Management', 'the general purpose of the Health emergency is to improve the health of the country']"
135," It has heard interventions by the Chair of the Independent Oversight and Advisory Committee (IOAC) for the WHO Health Emergencies Programme and the Co-Chairs of the Independent Panel for Pandemic Preparedness and Response (IPPR), which was established by the WHO Director-General pursuant to Health Assembly resolution WHA73 On Tuesday, Committee A concluded with a recommendation to the Health Assembly to adopt the proposed Resolution Meanwhile Committee B – which deals predominantly with administrative, financial and legal matters – recommended that WHA73 adopt two draft decisions on endorsing the global strategy on digital health and accepting the report of the External Auditor (A73/27), as well as one draft resolution on revising the process for electing the WHO Director-General in relation to the transition period between the election of future Directors-General and their taking office",the transition period between the election of future Directors-General and their taking office,What is the process for electing the WHO Director-General in relation to?,"['the election period', 'the period between both the election and the beginning of the term of new directors -General and theirtaking offices', 'the time when the general will be elected']"
136,"All resolutions and decisions recommended by the Committees for adoption will be included in their reports to the plenary, and considered on FridayThe resumed 73rd World Health Assembly (WHA73) opened to the tune of the classic hit song “We are Family” by Sister Sledge, the Kingdom of Tonga’ Nurses’ Choir and a powerful speech by the WHO Director-General calling for predictable and sustainable WHO funding, the launch of a Universal Health and Preparedness Review and the need to “reimagine” global leadership and “forge a new era of cooperation” reflecting the lessons of the COVID-19 pandemic Dr Tedros called on Member States to “address the shocking and expanding imbalance between assessed contributions and voluntary, largely earmarked funds,” observing that WHO’s annual budget is equivalent to what the world spends on tobacco products in a single day",WHO’s annual budget is equivalent to what the world spends on tobacco products in a single day,What is the WHO's annual budget equivalent to in a single day?,"['Because of the COUV-19 pandemic, member States called on member States to take responsibility for the donation', ""The WHO 'S annual budget has nothing to do with tobacco products"", 'What is the usual amount of money spent on tobacco products in a day']"
137,"”“It’s time for the world to heal – from the ravages of this pandemic, and the geopolitical divisions that only drive us further into the chasm of an unhealthier, un-safer and unfairer future” he said “Today and every day, we must choose health We’re one big family",one big family,What is the name of the family that he said we must choose health?,"['many big families.', 'a big family.', 'Family big family is family']"
138,"”Dr Michael Ryan, Executive Director, WHO Health Emergencies Programme (WHE), gave an epidemiological update on the COVID-19 pandemic, noting “the grim milestone” of 50 million cases globallyThe Chair of the Independent Oversight and Advisory Committee for the WHO Health Emergencies Programme (IOAC), Dr Felicity Harvey, presented the IOAC report, which makes several recommendations and concludes that: “Over the last four years, the WHE Programme has demonstrated its capacity to manage multiple emergencies and has helped affirm WHO’s position as a global health leader, but the COVID-19 pandemic has thrown the challenges faced by WHO in handling a global pandemic into stark relief and has placed the WHE Programme under global public scrutiny”The Chair of the Review Committee on the functioning of the International Health Regulations (2005) during COVID-19 response, Professor Lothar H",Professor Lothar H,Who was the Chair of the Review Committee on the functioning of the International Health Regulations (2005) during COVID-19 response?,"['The WHO Healthblog', 'The chair of the Review committee on the functioning of the International Health regulations', 'The expert in Health Management']"
139," Wieler, President of the Robert Koch Institute, Germany provided an update on the work of the Committee and its preliminary findingsSenior Advisor to the Director-General, Dr Bruce Aylward, briefed Member States on the progress of the Access to COVID-19 Tools (ACT) Accelerator, noting key achievements with regard to rapid tests, life-saving treatments, and the COVAX Facility with its equitable allocation framework He remarked that access to these critical tools differs widely across countries and could worsen without urgent action to close the ACT-Accelerator’s US$4",US$4,How much money could the ACT-Accelerator lose without urgent action?,"['US$5.00', ' ACT -Ac accelerationator', ""ator's loss""]"
140,5 billion financing gapThe WHO Director-General’s Health Leaders Award for outstanding leadership in global health was awarded to Her Royal Highness Princess Muna Al-Hussein of Jordan and the Kingdom of Tonga’s Nurses’ ChoirThe WHA73 considered a proposal for a supplementary agenda item entitled “Inviting Taiwan to participate in the World Health Assembly as an observer”,5 billion,How much financing gap was the WHO Director-General’s Health Leaders Award awarded to her Royal Highness Princess Muna Al-Hussein,"[""How much was the WHO Director-General's Health Leaders Award"", 'How much of her Royal Highness Princess Muna Al-Hus Nationship', '3.4 billion or so']"
141,"The proposal was considered in accordance with an agreed process for a structured debate, known as a “two plus two” arrangement Following this process, the WHA73 decided not to include this item on its agendaThis is the 15th time since 1997 that such a proposal has been submitted",1997,When did the WHA73 decide not to include a proposal on its agenda?,"['after the meeting held in 1997', 'The date when the meeting was held', 'after the meeting with the WAboring Protocol']"
142,"In line with an analogous decision of the UN General Assembly, the World Health Assembly though resolution WHA 251, of 1972, decided “(…) to recognize the representatives of its Government as the only legitimate representatives of China to the World Health Organization (…)” This decision still applies, 48 years later",the World Health Assembly,Who decided to recognize the representatives of China as the only legitimate representatives of China to the World Health Organization?,"['China', 'the UNGeneral Nations', ""the China's government""]"
143,"Although the question of Taiwanese membership in WHO and its participation in the World Health Assembly remains a question for Member States, WHO works with all health authorities who are facing the current coronavirus pandemic,including Taiwanese health expertsRe-recorded by Kim Sledge, part of the legendary multi-Gold and Platinum recording music group Sister Sledge, and presented by Natasha Mudhar, Founder of the global social impact enterprise The World We Want, a special edition cover of the classic We Are Family song will be accompanied by a crowdsourced music video, with members of the public joining frontline health heroes and a host of A-list celebrities, such as global superstar Rita Ora, in a spectacular sing-along video, out in December Individuals and families can submit their sing-along video clips for a chance to star in the official music video until 30 November",30 November,When can individuals and families submit their sing-along video clips for a chance to star in the official music video?,[]
144,"Proceeds from the download of the new cover are being donated to the WHO Foundation, with the support of the World Health Organization, to address global health challenges such as COVID-19 9 November 2020, LONDON/GENEVA: The special edition cover of the timeless hit We Are Family, re-recorded by one member of the iconic multi-Gold and Platinum recording music group Sister Sledge, Kim Sledge, presented by Natasha Mudhar, Founder of the global social impact enterprise The World We Want, and supported by the World Health Organization, is now officially available for download worldwide from leading digital music stores such as iTunes, Spotify and Amazon Music The song, an upbeat cover of the classic anthem that saw the group rise to stardom in 1979, is being released as an inspiring call for global solidarity to respond to the COVID-19 pandemic and to generate proceeds in benefit of the WHO Foundation to address the most pressing global health challenges of our time, such as COVID-19",WHO Foundation,Who donates proceeds from the download of the new cover to?,"['The World Health Organization', 'The WHO', 'A World Health organization']"
145," Global icons such as multi-award winning critically-acclaimed artist Rita Ora, soul-singing legend Heather Small (singer of 2000’s hit Proud) and Formula One hero Romain Grosjean are just some of the big name supporters of the sing-along music video for the new cover, which is also open to the global public to submit their videos up until 30 November, to officially release worldwide this December Short video platform TikTok is supporting the campaign, offering users the chance to sing along to, record and share their own videos there as wellThe special edition cover was officially released online for download in conjunction with today’s opening of the resumed 73rd World Health Assembly, at which Kim Sledge performed the track with the support of the Tongan Nurses ChoirThe special re-recorded cover, star-studded music video, social media campaign and fundraising initiative has been conceptualised by Natasha Mudhar, Founder, The World We Want, and supported by WHO",Rita Ora,Who is a multi-award winning artist?,"['Romain Grosj product', 'R Romain Grosj account', 'Romain Grosjuan']"
146,"The inspiration to release a special edition of the classic track initially came early this year as communities around the world were left reeling from the impact of COVID-19Join the We Are Family video campaignIn support of the song's release, people from around the world can submit videos of themselves singing along to We Are Family for inclusion in a unique and inspiring compilation video for release in December 2020 This video will feature members of the global public, celebrities, leaders and health heroes, to honour the incredible work of the frontline workforces risking their lives around to save ours, and all those around the world who have been affected by the pandemic",COVID-19Join the We Are Family,What was the name of the video campaign that inspired We Are Family?,"['A video campaign called We Are Family', 'We Are Family', 'WeAre Family video campaign']"
147,"Download the Special Edition Cover of We Are Family For a list of all major digital music stores where you can download the song, visit wwwcom Steps to be part of the We Are Family video:To submit sing-along videos of the Special Edition Cover Version of the We Are Family song, the key steps are:Download the Special Edition Cover of We Are Family, in benefit of the WHO Foundation Record yourself singing to the Special Edition Cover of We Are Family either alone, or with friends and family, whilst observing physical distancing guidelines",WHO Foundation,Who does the Special Edition Cover of We Are Family benefit?,"['We Are Family', 'Our Are Family benefit', 'Special edition']"
148," Share the video on your favourite social media channel, with the hashtag #WeAreFamily #COVID19 #HealthforAll and tag @WHO, @The_WorldWeWant and @thewhof Upload your video to https://unitystrongIf you want your video to be considered for inclusion in the global, We Are Family video; you will need to share your video by Monday, 30 November 2020","Monday, 30 November 2020",When will you need to share your video?,[]
149," Video clips will be selected based on age, geographical diversity, and appropriate physical distancing if the video includes groups of people beyond immediate family members and correct handwashing if singing along to the song while washing handsMore details, including Terms & Conditions, can be found here www For further information, please contact:The World We Want:  WAFmedia@theworldwewant",WAFmedia@theworldwewant,What is the name of the world we want?,"['Waf media @the WorldWanted.', 'WWorld WeWant', 'The World We Want']"
150,"global -----------------------------Editors notesOfficial quotes for the We Are Family Campaign:Dr Tedros Adhanom Ghebreyesus, the Director-General of the World Health Organization: “We Are Family is more than a song It is a call to action for collaboration and kindness, and a reminder of the strength of family and the importance of coming together to help others in times of need “Now more than ever, communities and individuals all over the world need to heed this message and come together, as a global family, to support each other through this COVID-19 challenge, and to remember that our health and wellbeing is our most precious gift",our health and wellbeing,What is our most precious gift?,"['our family and our health and health.maintainable', 'our family', 'our song and our family']"
151," I am grateful to Kim Sledge and The World We Want for sharing this masterpiece and message of hope with us all It is only through national unity and global solidarity that we will overcome COVID-19 and ensure people all over the world attain the highest level of health and well-being""Kim Sledge, vocalist, philanthropist, novelist, songwriter, producer and Minister: ""From the doctors and nurses on the front lines, to the paramedics and police, from the midwives and scientists to the carers for the vulnerable, the We Are Family campaign will salute each and every one with a feeling of unity, strength and solidarity in response to the unprecedented challenges the world faces as a result of the coronavirus outbreak",the coronavirus outbreak,What was the cause of the We Are Family campaign?,"['Kim Sledge', 'Kim Sledge and The World We Are Family', "" Kim Sledge's work""]"
152,"”Natasha Mudhar, founder of The World We Want and the driving force behind the #WeAreFamily campaign: “We Are Family is one of the most instantly recognizable anthems in the world  The song carries such an inspiring message of unity and solidarity and brings about a real sense of togetherness when sung aloud! We hope everybody loves the song, supports the campaign and sends in their videos to be part of a spectacular music video for a great cause This is a rallying cry for togetherness, for the strength of our global family",Natasha Mudhar,Who is the founder of The World We Want?,"['Nasha Mudhar', 'The writer of the song, We Are Family', 'The World We Are Family']"
153," We are all together during these timesThefifth meeting of the Emergency Committee convened by the WHO Director-General under the International Health Regulations (IHR) (2005) regarding the coronavirus disease (COVID-19) took place onThursday, 29 October 2020 from 12:30to16:05 Geneva time (CEST)Proceedings of the meetingMembers and advisors of the Emergency Committee were convened by videoconference",videoconference,What was the name of the event that the advisors and members of the Emergency Committee were convened by?,"['Efforts', 'The Emergency committee', 'A meeting of the Emergency committee']"
154,"The Director-General welcomed the Committee, highlighted global advances and challenges in addressing the COVID-19 pandemic, and expressed his appreciation to the Committee for their continued support and adviceRepresentatives of the legal department and the Department of Compliance, Risk Management, and Ethics (CRE) briefed the members on their roles and responsibilities The Ethics Officer from CRE provided the Members and Advisers with an overview of the WHO Declaration of Interest process",the COVID-19 pandemic,What pandemic did the Director-General highlight?,"['the WHO Declaration of Interest process', ""China's new efforts to address the problem"", 'how to address the problem of the CO VIPS']"
155," The Members and Advisers were made aware of their individual responsibility to disclose to WHO, in a timely manner, any interests of a personal, professional, financial, intellectual or commercial nature that may give rise to a perceived or direct conflict of interest They were additionally reminded of their duty to maintain the confidentiality of the meeting discussions and the work of the committee Each member who was present was surveyed and no conflicts of interest were identified",no conflicts of interest,How many conflicts of interest were identified by the Members and Advisers?,"['no conflict of interests', 'only one conflict of interest', 'only one conflict of interest as discussed this time. [ : Zxxk']"
156,"The Secretariat turned the meeting over to the Chair, Professor Didier Houssin Professor Houssin also welcomed the Committee and reviewed the objectives and agenda of the meetingThe WHO Assistant Directors-General for Emergency Response and for Emergency Preparedness and International Health Regulations provided an overview of the current context and an update on the implementation of the 1 August 2020 Temporary Recommendation",the 1 August 2020 Temporary Recommendation,What did the WHO Assistant Directors-General for Emergency Response and for Emergency Preparedness and International Health Regulations update on?,[]
157," WHO continues to assess the global risk level of the COVID-19 pandemic as very highThe Committee expressed strong appreciation for WHO’s leadership and activities throughout the global response In particular, the Committee appreciated WHO’s critical role in developing evidence-based guidance and recommendations; providing countries with technical assistance and operational support; communicating clear information and addressing misinformation; and convening the Solidarity Trials and the Access to COVID-19 Tools (ACT) Accelerator",the Solidarity Trials and the Access to COVID-19 Tools (ACT) Accelerator,What were the two groups that were convened by WHO?,"['the drawn - up letter by the members of the board', 'the solidarity trials and the access to COKeys-19 tools', 'at present, the whole society can benefit from the coffeemail']"
158," The Committee commended WHO’s sustained efforts to strengthen national, regional, and global responses to the COVID-19 pandemicAfter ensuing discussion, the Committee unanimously agreed that the pandemic still constitutes an extraordinary event, a public health risk to other States through international spread, and continues to require a coordinated international response As such, the Committee considered the COVID-19 pandemic to remain a public health emergency of international concern and offered advice to the Director-General",Director-General,Who did the Committee advise on the COVID-19 pandemic?,"[' WHO', 'The leader of the organization', 'The director of Organization \n  the World Health Organization']"
159,"The Director-General determined that the COVID-19 pandemic continues to constitute a PHEIC He accepted the advice of the Committee to WHO and issued the Committee’s advice to States Parties as Temporary Recommendations under the IHR (2005)The Emergency Committee will be reconvened within three months, at the discretion of the Director-General",three months,How long will the Emergency Committee be reconvened?,"['four months', 'Three months', 'two months']"
160," The Director-General thanked the Committee for its workAdvice to the WHO SecretariatLeadership and Coordination1 Continue to coordinate global and regional multilateral organizations, partners, and networks and share best practices for responding to the pandemic",the Committee,Who did the Director-General thank for its workAdvice to the WHO SecretariatLeadership and Coordination1?,"['Advice to the WHO Secretaries', 'the director', 'the World Health Organization']"
161," Provide States Parties with a mechanism including templates and processes to report on national progress in implementing the temporary recommendations; collect, analyze, and provide regular updates to the Committee on this progressEvidence-Based Response Strategies3 Continue to provide evidence-based guidance for COVID-19 readiness and response",evidence-based guidance,What does COVID-19 readiness and response continue to provide?,"['Evidence- based response Strategies', 'aside on national progress', 'aside from evidence- based guidance only']"
162," This guidance should include sustainable long-term response strategies, mitigation approaches for different levels of transmission, refined indicators for risk management and pandemic response, a meta-analysis of the effectiveness of public health and social measures for COVID-19 response, and lessons learned including from intra-action reviews Continue to convene multi-disciplinary experts to agree on consistent language for and to further explain: all potential modes of transmission and virulence of SARS-CoV-2; severity risk factors and epidemiology of COVID-19; and the striking diversity of the pandemic dynamics globally Continue intersectoral collaborations to understand the origin of SARS-CoV-2, the role/impact of animals, and provide regular updates on international research findings",international research findings,"What do intersectoral collaborations provide regular updates on to understand the origin of SARS-CoV-2, the role/impact of animals?","['inspirational studies', 'SARS-CoV-2', 'before-Action reviews']"
163," Continue to work with partners to refine mathematical models that can inform policy decisions on how best to mitigate the effects of the pandemicSurveillance and Contact Tracing7 Continue to work with partners and networks to provide guidance, tools, and trainings to support countries in strengthening their robust public health surveillance, comprehensive contact tracing, and cluster investigation",comprehensive contact tracing,What type of surveillance does the pandemic pandemic pandemic have?,"['surveying and contact Trizing', 'ash observation of the pandew pandetic', 'ash observation and contact finding.']"
164, Encourage and support countries to understand and report on their epidemiological situation and relevant indicators including through leveraging existing influenza sentinel surveillance systems for COVID-19Risk communications and community engagement9 Continue to work with partners to counter the ongoing infodemic and provide guidance on community mobilization to support effective public health and social measures,COVID-19Risk communications and community engagement,What do influenza sentinel surveillance systems use for?,"['provide guidance on community resource', 'ins influenza sent care systems', ' community engagement and social activities']"
165,"Essential Health Services13 Work with partners to support countries in strengthening their essential health services, with a particular focus on mental health, public health prevention and control systems, and other societal impacts, as well as preparing for and responding to concurrent outbreaks, such as seasonal influenza Special attention should continue to be provided to vulnerable settings",vulnerable settings,What type of settings should Special attention continue to be provided to?,"[' seasonal flu', ' seasonal influenza', 'winterly settings']"
166,"Temporary Recommendations to State PartiesLeadership and coordination1 Continue to share with WHO best practices, including from intra-action reviews, and apply lessons learned for mitigating resurgence of COVID-19; invest in implementing National Action Plans for sustainable preparedness and response capacities in compliance with the IHR requirements Report to WHO on progress in implementing the Temporary Recommendations, particularly major achievements, milestones, and obstacles",State Parties,Who are Temporary Recommendations to?,"['National Action plan', 'China and the World', 'All the State Parties']"
167," National strategies and localized readiness and response activities should be driven by science, data, and experience and should engage and enable all sectors using a whole-of-society approach Implement a dynamic risk management approach using appropriate indicators to inform time-limited, evidence-based public health and social measures Conduct research and share information on transmission, including role of aerosols; presence and potential impact of SARS-CoV-2 in animal populations; and potential sources of contamination (such as frozen products) to mitigate potential risks through preventative measures and international cooperation","science, data, and experience",What should national strategies and localized readiness and response activities be driven by?,"['school - base, and research', 'depression and potential effects of SARS-CoV-2', 'schools and exercises']"
168,"Surveillance and Contact Tracing6 Sustain efforts to strengthen public health surveillance systems and investments in a trained workforce for active case finding, comprehensive contact tracing, and cluster investigations Continue timely and consistent reporting to WHO, including through platforms such as GISRS, on all recommended indicators for COVID-19 epidemiology and severity, response measures, and concurrent outbreaks, to enhance global understanding of the pandemic’s evolution",WHO,What organization continues to report on COVID-19 epidemiology and severity through platforms such as GISRS?,"['GISrs.', 'GIS exact and high technology', 'GISMS']"
169,"Risk Communications and Community Engagement8 Engage and empower individuals and communities to strengthen confidence in the COVID-19 response and promote sustained adherence to public health and social measures underpinned by the principles of solidarity and human rights; monitor and address rumours and misinformation Diagnostics, Therapeutics, and Vaccines9",Risk Communications and Community Engagement,What do individuals and communities do to strengthen confidence in the COVID-19 response?,"['People and communities', 'Risk communications, Community Engaging', 'Risk Communication And Community Eng engagement']"
170," Regularly re-consider measures applied to international travel in compliance with Article 43 of the IHR (2005) and continue to provide information and rationales to WHO on measures that significantly interfere with international traffic Ensure that measures affecting international traffic (including targeted use of diagnostics and quarantine) are risk-based, evidence-based, coherent, proportionate and time limited Continue to strengthen capacity at points of entry to manage potential risks of cross-border transmission and to facilitate international contact tracing",re-consider measures applied to international travel in compliance with Article 43 of the IHR (2005),What is the purpose of re-considering measures that interfere with international traffic?,"['re-consider measures applied to international travel in existence', 'make it difficult to carry out the requirements of the I force', 'following the rules of international travel']"
171,"Essential Health Services12 Maintain essential health services with sufficient funding, supplies, and human resources; strengthen health systems to cope with mental health impacts of the pandemic, concurrent disease outbreaks, and other emergenciesThe World Health Organization (WHO) and the Wikimedia Foundation, the nonprofit that administers Wikipedia, announced today a collaboration to expand the public’s access to the latest and most reliable information about COVID-19",the Wikimedia Foundation,What is the name of the nonprofit that administers Wikipedia?,"['Wikipedia', 'the Health Services12', 'The World Health organization']"
172,"The collaboration will make trusted, public health information available under the Creative Commons Attribution-ShareAlike license at a time when countries face continuing resurgences of COVID-19 and social stability increasingly depends on the public’s shared understanding of the factsThrough the collaboration, people everywhere will be able to access and share WHO infographics, videos, and other public health assets on Wikimedia Commons, a digital library of free images and other multimediaWith these new freely-licensed resources, Wikipedia’s more than 250,000 volunteer editors can also build on and expand the site’s COVID-19 coverage, which currently offers more than 5,200 coronavirus-related articles in 175 languages","5,200",How many coronavirus-related articles does Wikipedia currently offer in 175 languages?,"['Over 100,000 traffic accidents', '3,000 copies of CODA-19', 'visitors']"
173," This WHO content will also be translated across national and regional languages through Wikipedia’s vast network of global volunteers“Equitable access to trusted health information is critical to keeping people safe and informed during the COVID-19 pandemic,"" said Dr Tedros Adhanom Ghebreyesus, Director-General of the World Health Organization",Dr Tedros Adhanom Ghebreyesus,Who is the Director-General of the World Health Organization?,"['The Director-General of the World Health Organization', 'Who is the Director-General andGeneral of the WorldHealth Organization?.', 'The World Health Organization']"
174," ""Our new collaboration with the Wikimedia Foundation will increase access to reliable health information from WHO across multiple countries, languages, and devices""Since the beginning of the pandemic, WHO has taken steps to prevent an “infodemic”— defined by the organization as “an overabundance of information and the rapid spread of misleading or fabricated news, images, and videos”Wikipedia editors have similarly been on the frontlines of preventing the spread of misinformation surrounding the coronavirus, ensuring information about the pandemic is based on reliable sources and updated regularly on Wikipedia",Wikimedia Foundation,"What organization will increase access to reliable health information from WHO across multiple countries, languages, and devices?","['Wikipedia editor', 'Wikipedia editors', 'Wikipedia']"
175,"By making verified information about the pandemic available to more people on one of the world’s most-visited knowledge resources, the organizations aim to help curb this infodemic and ensure everyone can access critical public health information“Access to information is essential to healthy communities and should be treated as such,” said Katherine Maher, CEO at the Wikimedia Foundation “This becomes even more clear in times of global health crises when information can have life-changing consequences",information,What is available to more people on one of the world's most-visited knowledge resources?,"['advance information', 'Information', 'the health information']"
176," All institutions, from governments to international health agencies, scientific bodies to Wikipedia, must do our part to ensure everyone has equitable and trusted access to knowledge about public health, regardless of where you live or the language you speak”WHO has served as the leading international health agency spearheading the global response to the coronavirus outbreak Since the beginning, WHO has worked to rapidly establish international coordination, scale up country readiness and response, and accelerate research and innovation",international coordination,What has the WHO worked to do to prevent the coronavirus outbreak?,"['international research and development', 'international research and development ; management of..,', 'international awareness']"
177," Today, as information on the transmission and epidemiology of the virus evolves, WHO continues to provide essential guidance and public health recommendations to governments, communities and individuals everywhereAt the same time, Wikipedia volunteer editors, many of whom are from the medical community, have been creating, updating, and translating Wikipedia articles with information from reliable sources about the pandemic As one of the top ten sites in the world, studies have shown that Wikipedia is one of the most frequently viewed sources for health information",WHO,"Who continues to provide essential guidance and public health recommendations to governments, communities and individuals everywhere?","[' Wikipedia', 'According to Wikipedia', 'Wikipedia. com']"
178,"At the moment, readers can access WHO’s mythbusting series of infographics on Wikimedia Commons The infographics, which focus on addressing common misconceptions about COVID-19, are also available for Wikipedia editors to incorporate into Wikipedia articlesIn the coming months, the Wikimedia Foundation and WHO will continue uploading resources to Wikimedia Commons and collaborating with Wikipedia volunteer editors to better understand gaps in information needs on Wikipedia articles related to COVID-19 and how WHO resources can help fill these gaps",Wikimedia Commons,Where can readers access WHO's mythbusting series of infographics?,"['Wikipedia', 'TheWikipedia Foundation', 'Wikipedia Wikipedia.']"
179,"Additionally, under the Creative Commons Attribution-ShareAlike license, other organizations, individuals, and websites can more easily share these materials on their own platforms without having to address stricter copyright restrictionsAbout the World Health OrganizationThe World Health Organization provides global leadership in public health within the United Nations system Founded in 1948, WHO works with 194 Member States, across six regions and from more than 149 offices, to promote health, keep the world safe and serve the vulnerable",the United Nations system,Where does the World Health Organization provide global leadership in public health?,"['the international Health organization', 'the World Health Organization', 'the United Nations Health Organization.']"
180," Our goal for 2019-2023 is to ensure that a billion more people have universal health coverage, to protect a billion more people from health emergencies, and provide a further billion people with better health and wellbeingFor updates on COVID-19 and public health advice to protect yourself from coronavirus, visit wwwint and follow WHO on Twitter, Facebook, Instagram, LinkedIn, TikTok, Pinterest, Snapchat, YouTube, and Twitch",health emergencies,What does WHO want to protect a billion more people from in 2019-2023?,"['health protection', 'a billion more people have health insurance', 'the health care of the world']"
181,"About the Wikimedia FoundationThe Wikimedia Foundation is the nonprofit organization that operates Wikipedia and the other Wikimedia free knowledge projects Our vision is a world in which every single human can freely share in the sum of all knowledge We believe that everyone has the potential to contribute something to our shared knowledge, and that everyone should be able to access that knowledge freely",Wikimedia Foundation,What is the name of the nonprofit organization that operates Wikipedia?,"['Wikipedia Free knowledge projects', 'The Wikipedia Foundation', 'TheWikipedia Foundation.']"
182," We host Wikipedia and the Wikimedia projects, build software experiences for reading, contributing, and sharing Wikimedia content, support the volunteer communities and partners who make Wikimedia possible, and advocate for policies that enable Wikimedia and free knowledge to thrive The Wikimedia Foundation is a United States 501(c)(3) tax-exempt organization with offices in San Francisco, California, USASpecial edition cover of the classic song “We Are Family’ will be accompanied by a worldwide viral video starring celebrities, frontline health heroes, leaders and members of the public singing together in a show of solidarity and support for addressing present and future global public health needs, including COVID-19",COVID-19,What is the name of the global public health needs that the Wikimedia Foundation supports?,"['Wikipedia and the Wikipedia Foundation', 'TheWikipedia Foundation', 'The Wikipedia Foundation']"
183,"Launching today, the #WeAreFamily video campaign will invite people worldwide to star in the music video, recording videos of themselves with their close family and friends singing the song and then sharing this on their social media channels Part of the proceeds from the new song, being released 9 Nov, will be donated to the WHO Foundation to support the response to COVID-19 and promotion and protection of health for people around the worldA special edition cover of Sister Sledge’s timeless hit We Are Family will be released in a new and inspiring call for global solidarity to respond to the COVID-19 pandemic and to generate proceeds to address the most pressing global health challenges of our time",#WeAreFamily video campaign,What is the name of the campaign that invites people to star in the music video?,"['A music video campaign', 'A new music Video campaign.', 'We Are Family']"
184," The initiative is being launched by The World We Want, the global social impact enterprise, and Kim Sledge, part of the legendary multi-Gold and Platinum recording music group, in benefit of the WHO Foundation, and supported by the World Health Organization (WHO)This new initiative, being launched ahead of United Nations Day on 24 October, will also be accompanied by a unique video and social media campaign, and sound a bold and hopeful call for solidarity, unity, and collaboration to promote and protect the health and wellbeing for every person on the planetA call for solidarityThe inspiration to release a special edition of the classic track came in March 2020 as communities around the world were left reeling from the impact of COVID-19",World We Want,Who is the global social impact enterprise?,"['The global social impact strike', 'The WHO Foundation', 'The Global Social impactEnterprise']"
185,"Kim Sledge said: “From the doctors and nurses on the front lines, to the paramedics and police, from the midwives and scientists to the carers for the vulnerable, the We Are Family initiative will salute each and every one with a feeling of unity, strength and solidarity in response to the unprecedented challenges the world faces as a result of the coronavirus outbreak”“There are many people who motivated me to embark on this new initiative in support of making We Are Family come to life, and who are very dedicated to finding ways to conquer this crisis They include my close family friend Lou Weisbach, my Mercy Seat Ministry brothers and sisters, and all of the global health workers, scientists, the essential labourers, care givers and emergency personnel around the world who have been working day and night during the pandemic in support of others,” added Kim, a vocalist, philanthropist, novelist, songwriter, producer and Minister",Kim Sledge,"Who said: “From the doctors and nurses on the front lines, to the paramedics and police, from the midwives and scientists to","['the doctors and nurses on the front lines', 'the nurses and doctors', "" Kim Sledge's close friends""]"
186,"Using music’s universal power in bringing the world together, the #WeAreFamily campaign is focused on raising awareness on, and much needed resources for, addressing global public health needs, from emergency preparedness, outbreak response, and stronger health systems to promoting mental health and preventing non-communicable diseasesNatasha Mudhar, founder of The World We Want and the driving force behind the #WeAreFamily campaign, said: “We Are Family is one of the most instantly recognizable anthems in the world The song carries such an inspiring message of unity and solidarity",unity and solidarity,What is the message of The World We Want?,"['uniformity and health', 'our health and health', 'the theme of health awareness']"
187," We are certain that the We Are Family song and video initiative is being launched at the right time It is a rallying cry for togetherness, for the strength of our global family We are all together during these times",together,What is the We Are Family song and video initiative a rallying cry for?,"['family', 'we Are Family', 'the We Are Family song and video initiative']"
188,"”Special edition version song to support health effortsThe special edition of the classicWe Are Familysong will bereleasedonlinefor download on 9 November 2020in conjunction with theopening of the World Health Assembly, at whichKim Sledgeis also scheduled toperformthe song alongside choral singers from New York to Tonga A portion of the song’s proceeds will be donated to the WHO Foundation to support the delivery of life-saving health servicesDr Tedros Adhanom Ghebreyesus, the Director-General of the World Health Organization, said: “We Are Family is more than a song",We Are Family,"What is the name of the song that will be released on November 9th, 2020?","['The WHO Foundation', 'The World Health Assembly', 'A song about health']"
189," It is a call to action for collaboration and kindness, and a reminder of the strength of family and the importance of coming together to help others in times of need”Dr Tedros added: “Now more than ever, communities and individuals all over the world need to heed this message and come together, as a global family, to support each other through this COVID-19 challenge, and to remember that our health and wellbeing is our most precious gift I am grateful to Kim Sledge and the World We Want for sharing this masterpiece and message of hope with us all",collaboration and kindness,What is the call to action for?,"['family and community', 'family and society members', 'family, work, friendship and work together.']"
190," It is only through national unity and global solidarity that we will overcome COVID-19 and ensure people all over the world attain the highest level of health and well-being""Join the We Are Family video campaignIn support of the song’s release, a call is being launched today (19 October) for people worldwide to submit videos of themselves singing We Are Family for inclusion in a unique and inspiring compilation video for release on 7 December 2020 This video will honour the incredible work of the frontline workforces risking their lives around to save ours, and all those around the world who have been affected by the pandemic",COVID-19,What is the name of the year that we will overcome?,"['The We Are Family video campaign.ks5u', ""China's national unity and global friendship"", 'People Are Family video campaign']"
191,"To submit sing-along videos to the Special Edition Cover Version of the We Are Family song, the key steps are:Record yourself singing We Are Family either alone, or with friends and family, whilst observing physical distancing guidelinesShare the video on your favourite social media channel, with the hashtag #WeAreFamily #COVID19 #HealthforAll and tag @WHO, @The_WorldWeWant and @thewhofUpload your video to https://unitystrong",https://unitystrong,Where do you upload your video to?,"['weAre Family', ' @ We Are Family', 'we Are Family']"
192,"If you want your video to be considered for inclusion in the global We Are Family video, you will need to share your video by Monday, 30 November 2020Video clips will be selected based on age, geographical diversity, and appropriate physical distancing if the video includes groups of people beyond immediate family members and correct handwashing if singing along to the song while washing handsMore details including Terms & Conditions can be found here www",We Are Family,What is the name of the global video that you want to include?,"['A video', 'WeAre Family.', 'The Global Video']"
193,"For further information, please contact The World We Want: WAFmedia@theworldwewantNew commitments from governments, international organizations and the private sector support unified approach to end pandemic, backing a response of unprecedented scale, scope and speed­—through the Access to COVID-19 Tools Accelerator­—as pandemic claims more than 1 million livesRecent Commitments at a Glance:United Kingdom – £571m (US$ 732m) for COVAX pillar of the Access to COVID-19 Tools- (ACT) Accelerator, of which up to £500m (US$ 641m) is to support low- and middle-income countries This includes a commitment to match £1 for every US$ 4 committed by others up to £250m (US$ 321m)",£1,How much does the Access to COVID-19 Tools Accelerator pay for every US$ 4 committed by others?,"['$ 4', 'US$ 4.5 m', '$500m']"
194," The new commitments to the initiative are welcome and will be leveraged to catalyze further funding to continue the ACT-Accelerator’s groundbreaking workMost urgently, the ACT-Accelerator requires US$15 billion to support immediate capacity-building—for research and development, manufacturing, procurement and delivery systems—by the end of the yearConvening a high-level event at the 75th Session of the UN General Assembly to urgently mobilize support for the ACT-Accelerator, Secretary-General António Guterres commended on the “extraordinary international effort to address a human crisis like no other in our lifetimes,” adding that more efforts must be made to further “deepen” the remarkable progress so far",US$15 billion,How much money does the ACT-Accelerator require to support?,[]
195,"“It is in every country’s national and economic self-interest to work together to massively expand access to tests and treatments, and to support a vaccine as a global public good—a “people’s vaccine” available and affordable for everyone, everywhere””The ACT-Accelerator—including its COVAX Facility—is the vehicle to get us there Investing in the ACT-Accelerator will accelerate every country’s own recovery,” said Mr",Investing in the ACT-Accelerator,What will accelerate every country's recovery?,"['Building a "" people\'s vaccine"" for everyone', ""Making the country's vaccine available for everyone"", 'Giving every country a vaccine']"
196," Guterres who co-hosted the event with the United Kingdom’s Foreign Secretary Dominic Raab, South Africa’s Health Minister Zweli Mkhize, and the Director-General of World Health Organization, Dr Tedros Adhanom GhebreyesusUnprecedented Global CollaborationThe ACT-Accelerator, which was launched just five months ago, is an unprecedented global collaboration of the world’s top international health organizations working together to accelerate the development, production, and equitable delivery of COVID-19 tests, treatments, and vaccines",ACT-Accelerator,What is the name of the global collaboration of the world's top international health organizations?,"['G produce, production, and Social delivery', 'G produce and deliver COven -19 tests, treatments and vaccines', 'Guteres']"
197,"“We have a duty to ensure vaccines, treatments and tests for COVID-19 are available to all—stopping the global spread of the pandemic protects the British people and will put humanity on the road to recovery Collaboration through the ACT-Accelerator is critical to promoting development, production and access for all countries,” said UK Foreign Secretary Dominic RaabThe United Kingdom recently committed up to £571m (approximately US$ 732m) for COVAX",US$ 732m,How much did the United Kingdom commit to COVAX?,"['US$ 535m 100 Mresearch center. ks5u', 'US$ 66,000', 'US$ 498m']"
198," This includes up to £500m for the Gavi Advanced Market Commitment for COVID-19 (COVAX AMC) vaccines—a financing instrument that incentivises vaccine manufacturers to produce sufficient COVID-19 vaccines to ensure access for developing countriesToday, the UK Foreign Secretary called for more support, pledging that this £500m commitment would include £1 (IS$ 129) in matched funding for every US$4 committed by others for up to £250m (approximately US$ 321m)",£500m,How much does the Gavi Advanced Market Commitment for COVID-19 (COVAX AMC) vaccines cover?,"['20m', ' vaccine manufacturers', '20,000']"
199,"Germany, Canada and Sweden have also made new commitments to the COVAX AMC of Euro 100 million, CAD$ 220 million and US$ 10 million respectively These are eligible for matching with today’s UK matching commitment”Science is giving us solutions, in the form of new tests, therapeutics and­—hopefully—a vaccine",a vaccine,"What is science giving us solutions in the form of new tests, therapeutics and therapeutics?","['a new drug', 'a new test of medicine', 'a brand of medicine and a vaccine']"
