,context,answer,question,distractor
800,"Recent WHO guidancecalls for the rational and appropriate use of PPE in healthcare settings, and the effective management of supply chainsWHO is working with governments, industry and thePandemic Supply Chain Networkto boost production and secure allocations for critically affected and at-risk countriesTo meet rising global demand, WHO estimates that industry must increase manufacturing by 40 per cent",40,How much does the WHO estimate that industry must increase manufacturing by?,"['20', '30', '4.5~5 percent of the manufacturing industry']"
801,"Governments should develop incentives for industry to ramp up production This includes easing restrictions on the export and distribution of personal protective equipment and other medical suppliesEvery day, WHO is providing guidance, supporting secure supply chains, and delivering critical equipment to countries in need",easing restrictions on the export and distribution of personal protective equipment and other medical supplies,What is one of the incentives for industry to ramp up production?,"['offering some protection and storage of equipment', 'Increasing the production of the production of the industry', 'lasing the production of medical equipment']"
802," The WHO has said there isstill a chance of containing the virus if its chain of transmissionisbrokenThe sudden increases of cases in Italy, the Islamic Republic of Iran and the Republic of Korea are deeply concerningThere are now cases linked to Iran in Bahrain, Iraq, Kuwait and Oman, along with cases linked to Italy in Algeria, Austria, Croatia, Germany, Spain and Switzerland",Iran,What Islamic Republic is deeply concerned about the sudden increases of cases in Italy?,"[' Italy', 'Italian', 'Brazil']"
803,"The UN funding has been released to the WHO and the United Nations Children’s Fund (UNICEF) It will fund essential activities including monitoring the spread of the virus, investigating cases, and the operation of national laboratoriesThe WHO has called for US$675 million to fund the fight against coronavirus",US$675 million,How much has the WHO called for to fund the fight against coronavirus?,"['US$3,000 million', 'US$4.4 million.', 'US$7 Million']"
804," There is a window of opportunity to contain the spread of the virus if countries take robust measures to detect cases early, isolate and care for patients, and trace contactsEmergency Relief Coordinator and Under-Secretary-General for Humanitarian Affairs, Mark Lowcock said: “We do not yet see evidence that the virus is spreading freely As long as that’s the case, we still have a chance of containing it","if countries take robust measures to detect cases early, isolate and care for patients, and trace contacts",What is a window of opportunity to contain the spread of the virus?,"['if countries take strict measures', ""if countries don't take strict measure"", 'if the virus is not spread freely']"
805,"“But swift and robust action must be taken to detect cases early, isolate and care for patients, and trace contacts We must act now to stop this virus from putting more lives at risk“This grant from the UN’s Emergency Fund will help countries with fragile health systems boost their detection and response operations",the UN’s Emergency Fund,What organization will help countries with fragile health systems boost detection and response operations?,"[""the UK 'S health authority"", 'the fragile health systems', 'the health care System']"
806," It has the potential to save the lives of millions of vulnerable people”This is a critical juncture in the outbreak The focus is on containing COVID-19 by strengthening surveillance, conducting thorough outbreak investigations to identify contacts and applying appropriate measures to prevent further spread",containing COVID-19,What is the focus of the outbreak?,"[' examination of contacts', 'strengthening outbreak investigation', 'ining \n stop the spreading of the disease']"
807,"Tedros Adhanom Ghebreyesus, WHO Director-General, said: “The potential spread of the virus to countries with weaker health systems is one of our biggest concerns These funds will help support these countries get ready for detecting and isolating cases, protecting their health workers, and treating patients with dignity and appropriate care This will help us save lives and push back the virus”UNICEF is leading on preventative actions in communities across the affected countries with risk communication, providing hygiene and medical kits to schools and health clinics and monitoring the impact of the outbreak to support continuity of care, education and social services",health workers,Who does the WHO protect?,"['patients', 'schools and health clinics', 'those who are infected with the virus']"
808,"“At this pivotal moment, every effort must be made to push back against the outbreak,” said UNICEF Executive Director Henrietta Fore “These crucial funds will support our global efforts to bolster weaker health systems and inform children, pregnant women and families about how to protect themselves” Since it was launched in 2006, CERF has provided more than $6 billion to over 100 countries and helped hundreds of millions of people",more than $6 billion,How much money has CERF provided to over 100 countries since 2006?,"['almost 100 countries have received CERF', 'about 100 countries', 'much less than the amount of money released in 2006']"
809,"As the current outbreak of the Coronavirus Disease (COVID-19) continues to develop, the World Health Organization (WHO) and the World Tourism Organization (UNWTO) are committed to working together in guiding the travel and tourism sectors’ response to COVID-19On 30 January 2020, the Director-General of the World Health Organization (WHO) declared the outbreak of COVID-19 to be a Public Health Emergency of International Concern and issued a set of Temporary Recommendations WHO did not recommend any travel or trade restriction based on the current information available",the Director-General of the World Health Organization (WHO),Who declared the outbreak of COVID-19 as a Public Health Emergency of International Concern?,"['A World Health Association', 'the World Health Organization', 'a person who is responsible for the World Health Organization']"
810," WHO is working closely with global experts, governments and partners to rapidly expand scientific knowledge on this new virus, to track the spread and virulence of the virus, and to provide advice to countries and the global community on measures to protect health and prevent the spread of this outbreakCooperation is keyThe tourism sector is fully committed to putting people and their well-being first International cooperation is vital for ensuring the sector can effectively contribute to the containment of COVID-19",COVID-19,What type of virus is the tourism sector committed to putting people and their well-being first?,"['to track the spread and vir flat tire of the virus', 'Virus', 'International cooperation']"
811," UNWTO and WHO are working in close consultation and with other partners to assist States in ensuring that health measures be implemented in ways that minimize unnecessary interference with international traffic and tradeTourism’s response needs to be measured and consistent, proportionate to the public health threat and based on local risk assessment, involving every part of the tourism value chain – public bodies, private companies and tourists, in line with WHO’s overall guidance and recommendationsUNWTO and WHO stand ready to work closely with all those communities and countries affected by the current health emergency, to build for a better and more resilient future",a better and more resilient future,What is the goal of UNWTO and WHO working closely with all those communities and countries affected by the current health emergency?,"['a more serious health threat', 'a full and complete health threat', 'a meeting of all the countries in the world']"
812," Travel restrictions going beyond these may cause unnecessary interference with international traffic, including negative repercussions on the tourism sectorAt this challenging time, UNWTO and WHO join the international community in standing in solidarity with affected countriesFIFA has launched #ReachOut, a campaign designed to raise awareness of the symptoms of mental health conditions, encourage people to seek help when they need it, and take actions every day for better mental health",#ReachOut,What campaign was launched by the UNWTO and WHO to raise awareness of the symptoms of mental health conditions?,"['International Traffic', 'International traffic', 'WTO and WHO']"
813," With the support of past and current football players, the World Health Organization (WHO) and the Association of Southeast Asian Nations (ASEAN), FIFA is underlining the importance of greater awareness around mental healthIn launching #ReachOut, FIFA President Gianni Infantino, said: “This campaign is very important in raising awareness about mental health conditions and encouraging a conversation which could save a life In FIFA’s Vision 2020-2023, we pledge our commitment to make football work for society, and I thank the players and Ms Enke, who have contributed to this important initiative",World Health Organization (WHO) and the Association of Southeast Asian Nations (ASEAN),Who supported the FIFA campaign to raise awareness about mental health?,"['Famous players and MsEnke', 'Famous football player', 'Famous football players and the Association of Southeast Asian Nations']"
814," “Depression and anxiety affect rising numbers of people worldwide, and young people are among the most vulnerable Having a conversation with family, friends or a healthcare professional can be key FIFA is proud to launch this campaign, supported by the World Health Organization and ASEAN to encourage people to #ReachOut",#ReachOut,What is the goal of FIFA's campaign?,"['Famous organizations', 'World Health Organization and ASEAN', 'Fifty - seven million people are young.']"
815,"”The campaign hears from FIFA Legends Aline, Vero Boquete, Cafu, Laura Georges, Luis García, Shabani Nonda, Patrizia Panico, Fara Williams and Walter Zengacom also speaks with former Bolton Wanderers and Team GB forward, Marvin Sordell, and Sonny Pike, who was labelled the ‘next big thing’ at 14, about their experiences with depression Teresa Enke also discusses the pain of losing a loved one to suicide, and her work with the Robert Enke Foundation",Robert Enke Foundation,Who did Teresa Enke work with?,"['Famous soccer players', 'Robert Eke', 'TeaEnke']"
816,"Depression affects more than 260 million people in the world while around half of all mental health conditions start by age 14 Suicide is the fourth leading cause of death in young people aged 15-29 Among active football players, 23 per cent report sleep disturbance, while 9% have reported depression and a further 7% suffer from anxiety",9%,What percentage of people have reported depression?,"['17 per cent', '17 %', '26%']"
817," Among retired players, these figures increase, with 28% struggling to sleep and depression and anxiety affecting 13% and 11% respectively (source: FIFPRO)Working from home, unemployment, school closures and social isolation have affected people around the world during the COVID-19 pandemic; the challenges for people with mental health conditions, for whom access to treatment has, in many cases, been disrupted, are even greater“As the COVID-19 pandemic continues, it is as important as ever to look after our mental and physical health,” said Dr Tedros Adhanom Ghebreyesus, Director-General of the World Health Organization “WHO is delighted to support the #ReachOut campaign, spearheaded by FIFA to encourage people to talk about their mental health",28%,What percentage of retired players struggle to sleep and depression?,[]
818,"”The video awareness campaign features Legends, current players and special guests, who have lent their support to this mental health campaign, and at times sharing their lived experience The campaign is being shared on FIFA digital channels, with multimedia toolkits provided to the 211 FIFA member associations and to media agencies to facilitate dissemination and use within Europe and beyondMeanwhile, players from Brunei, Cambodia, Indonesia, Laos, Malaysia, Myanmar, the Philippines, Singapore, Thailand and Vietnam reinforce WHO advice on how to help to keep our minds healthy, as well as our bodies, in the special ASEAN edition of #ReachOut",#ReachOut,What is the special ASEAN edition of?,"['The ASEAN edition', 'The video awareness campaign', 'Lendors, present players and special guests']"
819," Secretary-General of ASEAN Dato Lim Jock Hoi said, “Mental health and well-being are just as important as physical health and safety Under the Chairmanship of Brunei Darussalam, ASEAN is taking steps to advance cooperation with external partners on mental health, in order to provide the ASEAN Community with the necessary and appropriate mental health and psychosocial support services”Notes for EditorsThe World Health Organization (WHO) and FIFA signed a four-year collaboration in 2019 to promote healthy lifestyles through football globally",FIFA,Who signed a four-year collaboration in 2019 to promote healthy lifestyles through football?,"['ASEAN', ' WHO', 'The ASEAN Community']"
820," More information on the WHO-FIFA memorandum of understanding can be found here The two organisations jointly launched the ‘Pass the message to kick out coronavirus’ campaign in March 2020 to share advice on effective measures to protect people from COVID-19 This was followed by the #BeActive campaign in April 2020 to encourage people to stay healthy at home during the pandemic, and #SafeHome, a campaign launched to support those at risk from domestic violence, in May 2020",#SafeHome,What was the name of the campaign launched to support those at risk from domestic violence?,"['Women at domestic violence', 'Women at risk from domestic Violence', ' domestic violence']"
821," More recently, the two organisations teamed up at the FIFA Club World Cup to #ACTogether to promote the need for fair access to COVID-19 vaccines, treatments and diagnostics, and to encourage people to keep practicing life-saving, everyday public health measures to prevent the spread of the coronavirus and to protect health The global campaign’s contributors include: Aline – former Brazil defender Vero Boquete – AC Milan forward and former Spain forward Cafu – former AC Milan, Roma and Brazil defenderTeresa Enke – CEO of the Robert Enke FoundationLaura Georges – former Lyon, Paris Saint-Germain, Bayern Munich and France defender Luis García - former Liverpool and Spain winger/midfielder Shabani Nonda – former Monaco and DR Congo forward Patrizia Panico – former SS Lazio and Italy forward Sonny Pike – former English footballer who was labeled ‘the next big thing’ at 14 years of ageMarvin Sordell – former Bolton, Watford and Team GB forward Fara Williams – former Reading, England and Team GB midfielder Walter Zenga – former Inter Milan and Italy goalkeeperVideos for downloadVideo 1Video 2FIFA recently partnered with FIFPRO to sign a three-year cooperation agreement to provide health support to hundreds of recently retired professional footballers facing the challenges that come with career transition More information can be found here",#ACTogether,What was the name of the organisation that teamed up at the FIFA Club World Cup to promote the need for fair access to COVID-19 vaccines,"['F sufferers of the Disease', 'Fifty retired footballers are taking part in it', 'Famous retired professional footballers facing the challenges that come with career transition']"
822," Breastfeeding is central to realising this commitment Initiation of breastfeeding within the first hour of birth, followed by exclusive breastfeeding for six months and continued breastfeeding for up to two years or beyond offer a powerful line of defence against all forms of child malnutrition, including wasting and obesity Breastfeeding also acts as babies’ first vaccine, protecting them against many common childhood illnesses",wasting and obesity,What are some of the forms of child malnutrition?,"[""babies'first vaccine"", 'Breast feeding and obesity', 'babies and their mothers']"
823," While there has been progress in breastfeeding rates in the last four decades – with a 50 per cent increase in the prevalence of exclusive breastfeeding globally – the COVID-19 pandemic highlights the fragility of those gains In many countries, the pandemic has caused significant disruptions in breastfeeding support services, while increasing the risk of food insecurity and malnutrition Several countries have reported that producers of baby foods have compounded these risks by invoking unfounded fears that breastfeeding can transmit COVID-19 and marketing their products as a safer alternative to breastfeeding",50,How much increase in the prevalence of exclusive breastfeeding globally has occurred in the last four decades?,"['More than 50 % of the mothers- breaking up in the past four decades', 'More than 80 percent of the households in the world are mothers', '10 %']"
824," This year’s World Breastfeeding Week, under its theme ‘Protect Breastfeeding: A Shared Responsibility’ is a time to revisit the commitments made at the start of this year by prioritizing breastfeeding-friendly environments for mothers and babies This includes: Ensuring the International Code of Marketing of Breastmilk Substitutes – established to protect mothers from aggressive marketing practices by the baby food industry – is fully implemented by governments, health workers and industryEnsuring health care workers have the resources and information they need to effectively support mothers to breastfeed, including through global efforts such as the Baby-friendly Hospital Initiative, and guidelines on breastfeeding counselling",World Breastfeeding Week,What is the theme of this year's World Breastfeeding Week?,"['BreastmilkSubstitute', 'Breast feeding : A shared Responsibility', 'ProtectBreastfeed : A Popular Responsibility.']"
825,"Ensuring employers allow women the time and space they need to breastfeed; including paid parental leave with longer maternity leave; safe places for breastfeeding in the workplace; access to affordable and good-quality childcare; and universal child benefits and adequate wagesAs we approach the UN Food Systems Summit in September and the Tokyo Nutrition for Growth Summit in December, governments, donors, civil society and the private sector all have an opportunity to make smart investments and commitments to tackle the global malnutrition crisis – including protecting, promoting and supporting breastfeeding – through stronger policies, programmes and actions Now is not the time to lower our ambitions",maternity leave,What type of leave does paid parental leave have?,"[' paid parental leave', 'P parental leave.', 'nursary leave']"
826," Now is the time to aim high We are committed to making the Nutrition for Growth Year of Action a success by ensuring that every child’s right to nutritious, safe and affordable food and adequate nutrition is realized from the beginning of life, starting with breastfeeding About UNICEFUNICEF works in some of the world’s toughest places, to reach the world’s most disadvantaged children",UNICEFUNICEF,Who works in some of the world's toughest places to reach the world's most disadvantaged children?,"['Necessary nutrition', 'N nutrition for growth Year of Action', ""The UN's most disadvantaged children""]"
827," Across more than 190 countries and territories, we work for every child, everywhere, to build a better world for everyone For more information about UNICEF and its work for children visit wwworg Follow UNICEF onTwitter,Facebook,InstagramandYouTubeAbout WHOThe World Health Organization provides global leadership in public health within the United Nations system",WHOThe World Health Organization,Who provides global leadership in public health within the United Nations system?,"['who provides global leadership in public health within the United Nations system', 'The United Nations Health Organization', "" WHO 'S Organization""]"
828," Founded in 1948, WHO works with194 Member States, across six regions and from149offices,to promote health, keep the world safe and serve the vulnerable Our goal for 2019-2023 is to ensure that a billion more people have universal health coverage, to protect a billion more people from health emergencies, and provide a further billion people with better health and wellbeingFor updates on COVID-19 and public health advice to protect yourself from coronavirus,visitwww",coronavirus,What does COVID-19 protect yourself from?,"['Public health advice', 'a billion more people have general health care', ""people's health""]"
829,"intand follow WHO onTwitter,Facebook,Instagram,LinkedIn,TikTok,Pinterest,Snapchat,YouTube,TwitchNew Global Dashboard onCOVID-19 Vaccine Equity finds low-income countries would add $38 billion totheir GDP forecast for 2021 if they had the same vaccination rate as high-incomecountries Global economic recovery at risk if vaccines are not equitablymanufactured, scaled up and distributed",$38 billion,What would low-income countries add to their GDP forecast for 2021?,"[' vaccineequities', 'They would have the same vaccination rate as high - income countries', '$35 billion or so']"
830,"COVID-19 vaccine inequity will have a lasting and profound impact on socio-economic recovery in low- and lower-middle income countries without urgent action to boost supply and assure equitable access for every country, including through dose sharing, according to new data released today by the United Nations Development Programme (UNDP), the World Health Organization (WHO) and the University of Oxford An acceleration in scaling up manufacturing and sharing enough vaccine doses with low-income countries could have added $38 billion to their GDP forecast for 2021 if they had similar vaccination rates as high income countries At a time when richer countries have paid trillions in stimulus to prop up flagging economies, now is the moment to ensure vaccine doses are shared quickly, all barriers to increasing vaccine manufacturing are removed and financing support is secured so vaccines are distributed equitably and a truly global economic recovery can take place",COVID-19,What vaccine inequity will have a lasting and profound impact on socio-economic recovery in low- and lower-middle income countries?,"['Vaccineequity', 'Low- and middle income countries', ' low- and low- middle- middle income Countries.']"
831,"A high price per COVID-19 vaccine dose relative to other vaccines and delivery costs – including for the health workforce surge – could put a huge strain on fragile health systems and undermine routine immunization and essential health services and could cause alarming spikes in measles, pneumonia and diarrhea There is also a clear risk in terms of foregone opportunities for the expansion of other immunization services, for example the safe and effective rollout of HPV vaccines Lower income countries need timely access to sustainably priced vaccines and timely financial support",high price per COVID-19 vaccine dose,What could put a huge strain on fragile health systems and undermine routine immunization and essential health services?,"['high prices of vaccines', 'high price of vaccine dose', 'High cost of vaccine delivery costs']"
832,"These insights come from the Global Dashboard for COVID-19 Vaccine Equity, a joint initiative from UNDP, WHO and the University of Oxford’s Blavatnik School of Government, which combines the latest information on COVID-19 vaccination with the most recent socio-economic data to illustrate why accelerating vaccine equity is not only critical to saving lives but also to driving a faster and fairer recovery from the pandemic with benefits for all “In some low- and middle-income countries, less than 1 per cent of the population is vaccinated – this is contributing to a two-track recovery from the COVID-19 pandemic”, said UNDPAdministrator, Achim Steiner “It’s time for swift, collective action – this new COVID-19 Vaccine Equity Dashboard will provide Governments, policymakers and international organisations with unique insights to accelerate the global delivery of vaccines and mitigate the devastating socio-economic impacts of the pandemic",Global Dashboard for COVID-19 Vaccine Equity,"What is the name of the joint initiative from UNDP, WHO and the University of Oxford's Blavatnik School of Government?","['UNDP, WHO and the University of Oxford', 'Vaccine mix', 'Vocadio-19 vaccine']"
833,"”According to the new Dashboard, which builds on data from multiple entities including the IMF, World Bank, UNICEF and Gavi, and analysis on per capita GDP growth rates from the World Economic Outlook, richer countries are projected to vaccinate quicker and recover economically quicker from COVID-19, while poorer countries haven’t even been able to vaccinate their health workers and most at-risk population and may not achieve pre-COVID-19 levels of growth until 2024 Meanwhile, Delta and other variants are driving some countries to reinstate strict public health social measures This is further worsening the social, economic and health impact, especially for the most vulnerable and marginalised people",the most vulnerable and marginalised people,What are some countries driving to reinstate strict public health social measures?,"[' poorer countries', 'the most sensitive people and the elderly people', 'all the people who are at risk']"
834,"”Designed to empower policy makers and development partners to take urgent action to reduce vaccine inequity, the Global Dashboard breaks down the impact of accessibility against a target for countries to vaccinate their at-risk populations first to reduce mortality and protect the health system and then move on to vaccinating larger shares of the population to reduce disease burden and re-open socio-economic activity The Dashboard is facilitated by the Global Action Plan for Healthy Lives and Well-being for All (SDG3 GAP), which aims to improve collaboration across the multilateral system to support an equitable and resilient recovery from the pandemic and drive progress towards the health-related SDGsNotes to editors https://data",data,Where is the Global Action Plan for Healthy Lives and Well-being for All?,"['The plan', 'The Global Health Plan for Healthy Lives and Well-being for all', 'an action plan']"
835,"org/vaccine-equity/ ABOUT UNDP:UNDP is the leading United Nations organization fighting to end the injustice of poverty, inequality, and climate change Working with our broad network of experts and partners in 170 countries, we help nations to build integrated, lasting solutions for people and planetABOUT WHO:The World Health Organization provides global leadership in public health within the United Nations system",the United Nations system,Where does the World Health Organization provide global leadership in public health?,"['UNDP', 'the World Health Organization', 'The World Health organization']"
836," Founded in 1948, WHO works with 194 Member States across six regions, to promote health, keep the world safe and serve the vulnerable Our goal for 2019-2023 is to ensure that a billion more people have universal health coverage, to protect a billion more people from health emergencies, and provide a further billion people with better health and well-beingFor updates on COVID-19 and public health advice to protect yourself from coronavirus, visitwww",194,In what year was WHO founded?,"['50', 'The first country to be founded by the WHO', 'At present, we can know many health emergencies']"
837,"intand follow WHO onTwitter,Facebook,Instagram,LinkedIn,TikTok,Pinterest,Snapchat,YouTube,TwitchABOUT THE BLAVATNIK SCHOOL, UNIVERSITY OF OXFORD:The Blavatnik School of Government at the University of Oxford exists to inspire and support better government and public policy around the world Its Oxford COVID-19 Government Response Tracker, launched in early 2020, systematically tracks and compares policy measures that governments around the world have taken to tackle COVID-19“Closing the vaccine gap is required to put this pandemic behind us",the vaccine gap,What is required to put this pandemic behind us?,"[""people's awareness of government and public policy"", 'the government and public policy', 'the popularity of CODA-19']"
838," The dashboard can help scale up and accelerate global delivery of vaccines by providing accurate, up-to-date information on not just how many vaccines have been given, but also the policies and mechanisms through which we get them into arms,” said Dr Thomas Hale, Associate Professor of Global Public Policy, Blavatnik School of Government, University of Oxford The Dashboard will be updated in real-time as new data becomes available, filling a critical gap to help guide the international community's understanding of what can be done to achieve vaccine equity",the international community's understanding of what can be done to achieve vaccine equity,What does the Dashboard help guide?,"['the increase in global delivery of vaccines', 'How many vaccines have been given', 'how many vaccines and technologies have been given. [ : Zxxk']"
839," Users are able and encouraged to download all data sets in full from the websiteFollowing the recent G20 side event co-hosted by the Italian Government and the United Nations World Food Programme (WFP) focusing on the role of logistics in current and future health emergencies, WFP and the World Health Organization (WHO) are launching INITIATE2, a joint project to bring together emergency actors, research and academic institutions, and international and national partners to promote knowledge sharing and skills transfer for improved emergency response to health crisesINITIATE² will develop standardized, innovative solutions such as disease-specific field facilities and kits and test these solutions in real-life scenarios","standardized, innovative solutions such as disease-specific field facilities and kits",What will INITIATE2 develop?,"['experts and international and national partners will promote knowledge sharing and skills transfer for improved emergency response to health problems', 'developed standardized, technologies and test these solutions in real-life situations', 'designated and practical solutions to health emergencies']"
840," The agencies will also train logistics and health responders on their installation and use, contributing to their capacity to respond in health crises The project will be developed and replicated in countries for relevant personnel, building on past experiences in emergency response“Health emergencies like the West Africa Ebola response and the current COVID-19 pandemic have shown just how crucial working together as a humanitarian community is, and so we’re extremely pleased to be able to further cement our role as an enabler of humanitarian response through this collaboration with WHO,” said Alex Marianelli, WFP Director of Supply Chain",WHO,Who is the WFP's director of Supply Chain?,"['WTO', 'Wavier Policy', 'Wavier Health Network']"
841,"“The WHO-WFP-led COVID-19 Supply Chain System has already illustrated an end-to-end integration of technical and operational capacities for impact,” said Dr Ibrahima Soce-Fall, Assistant Director-General for Emergencies Response, WHO “With INITIATE2, WFP and WHO are now extending the collaboration to build synergies among different actors and foster innovation in this critical field, to quickly respond to health emergencies and create a conducive environment for knowledge sharing and skills transfer This is an excellent example of how we can scale and harmonize emergency preparedness, readiness, and response",WHO-WFP,Who is the COVID-19 Supply Chain System?,"[' WHO', 'InITIates2', 'The WHO-WOP-led supply chain System']"
842,"”The United Nations World Food Programme is the 2020 Nobel Peace Prize Laureate We are the world’s largest humanitarian organization, saving lives in emergencies and using food assistance to build a pathway to peace, stability and prosperity for people recovering from conflict, disasters and the impact of climate changeFollow us on Twitter @wfp_media@wfplogisticsThe World Health Organization provides global leadership in public health within the United Nations system",The United Nations World Food Programme,Who is the 2020 Nobel Peace Prize Laureate?,"['The Nobel Peace Prize winner', 'The World Health Organization', 'The United Nations Organization']"
843," Founded in 1948, WHO works with 194 Member States across six regions, to promote health, keep the world safe and serve the vulnerable Our goal for 2019-2023 is to ensure that a billion more people have universal health coverage, to protect a billion more people from health emergencies, and provide a further billion people with better health and well-beingFor updates on COVID-19 and public health advice to protect yourself from coronavirus, visit www",www,Where can you find updates on COVID-19 and public health advice to protect yourself from coronavirus?,"['www. health. health. Org.where can you find information on COide-19', 'public health advice', 'Information about health advice']"
844,"int and follow WHO on Twitter, Facebook, Instagram, LinkedIn, TikTok, Pinterest, Snapchat, YouTube, TwitchThe initiative will combine WFP and WHO’s technical expertise and will leverage the existing infrastructure of the United Nations Humanitarian Response Depot in Brindisi, the first in a network of six strategically located hubs around the world which store and dispatch relief items on behalf of the humanitarian community INITIATE2 will capitalise on these facilities and experience: the Brindisi hub is regularly used to organize large-scale emergency simulations and hosts the UNHRD Lab, where innovative emergency response products are developed and testedOn 26 May 2021, the COVID-19 subcommittee of the WHO Global Advisory Committee on Vaccine Safety (GACVS) issued a statement reviewing initial reports of mild myocarditis following COVID-19 mRNA vaccines",WHO,"Who will int and follow on Twitter, Facebook, Instagram, LinkedIn, TikTok, Pinterest, Snapchat, YouTube, Twitch?","['Facebook', 'Facebook, Facebook', 'Facebook and Twitter']"
845," Myocarditis is an inflammation of the heart muscle and pericarditis is an inflammation of the lining that surrounds the heart While they can lead to serious illness, they are often mild and respond well to conservative treatment More data have become available since the GACVS statement of 26 May 2021, with more countries reporting myocarditis and pericarditis in individuals who received COVID-19 mRNA vaccines",COVID-19 mRNA vaccines,What type of vaccine did more countries report myocarditis and pericarditis?,"['My cardiardicardic vaccine', 'MyCardicardicardic vaccines', 'My VIlicin and Pericardic vaccines']"
846," The reported cases have typically occurred within days of vaccination, more commonly among younger males and more often following the second dose the of COVID-19 mRNA vaccines A strong signal of myocarditis/pericarditis has been reported recently with mRNA COVID-19 vaccines in the United States (US) However, the US Advisory Committee on Immunization Practices (ACIP) has concluded that the benefits of mRNA COVID-19 vaccines continue to outweigh the risks of myocarditis and pericarditis even among young people",younger males,What type of males have the most common cases of COVID-19 mRNA vaccines?,"['younger male.', 'young people', 'old and young']"
847," According to the data in the US Vaccine Adverse Events Reporting System (VAERS), approximately 406 cases of myocarditis per million second doses among males and 42 cases per million among females have been reported as of 11 June 2021 in persons 12-29 years of age who received the mRNA COVID-19 vaccines",42,How many cases of myocarditis per million have been reported as of 11 June 2021?,"['40', 'How many patients around the world suffer from myopia per million', 'How many cases of myopia per million have been reported as of 11 June 2017?']"
848," For persons over 30 years of age, the reporting rates were 20 per million second doses, respectively, for males and femalesThe Pharmacovigilance Risk Assessment Committee (PRAC) of the European Medicines Agency (EMA) at its recent meeting on 5-8 July 2021 reviewed the latest data from Europe and has confirmed that there is a plausible causal relationship between myocarditis and the mRNA vaccines",20 per million second doses,What was the reporting rate for persons over 30 years of age?,"['15 per million first chances', '35 per million later dose', '20 % of the second time']"
849,"The GACVS COVID-19 subcommittee has reviewed all available information to date, and notes the following: The benefits of mRNA COVID-19 vaccines outweigh the risks in reducing hospitalizations and deaths due to COVID-19 infectionsVery rare cases of myocarditis and pericarditis have been observed following vaccination with the mRNA COVID-19 vaccines These cases occurred more often in younger men and after the second dose of the vaccine, typically within few days after vaccination",few days,How long after the second dose of mRNA COVID-19 vaccines have cases of myocarditis and pericarditis been,"['three days', 'two days', 'a short time']"
850," Current evidence suggests a likely causal association between myocarditis and the mRNA vaccinesAvailable data suggest that the immediate course of myocarditis and pericarditis following vaccination is generally mild and responds to conservative treatment (e rest, treatment with nonsteroidal anti-inflammatory drugs etc) Follow-up is ongoing to determine long term outcomes",mRNA vaccines,What type of vaccines do current evidence suggest a causal association between myocarditis and?,"['Vaccins', 'Vaccine vaccines', 'Myanmar vaccine']"
851," More rigorous studies using alternative data sources and more robust study designs including comparison of vaccinated and unvaccinated populations as well as investigations monitoring for longer term follow up are underway; the GACVS subcommittee will continue to review this signal as more data become available The US Food and Drug Administration (FDA) and the EMA have provided updates to the Product Information for the mRNA vaccines (Comirnaty and Spikevax) These and other agencies have issued advisories and various communication materials, to the public and healthcare professionals, with guidance or actions to take following vaccinations with mRNA vaccines",mRNA vaccines,What does the US Food and Drug Administration (FDA) and the EMA provide updates to the Product Information for?,"['mificial vaccines', 'Vaccines', 'the EMA']"
852," Vaccinated individuals should be instructed to seek immediate medical attention if they develop symptoms indicative of myocarditis or pericarditis such as new onset and persisting chest pain, shortness of breath, or palpitations following vaccinationClinicians should be aware of the risk of myocarditis and pericarditis with mRNA vaccines and those most likely to be affected They should be alert to presentations such as acute chest pain, shortness of breath and palpitations that may be suggestive of myocarditis after vaccination, especially in adolescent or young males",Vaccinated individuals,Who should be instructed to seek immediate medical attention if they develop symptoms indicative of myocarditis or pericarditis?,"['Vaccinating persons', 'Vaccinating patients', 'Vaccineable individuals \n :']"
853," Coronary events are less likely to be the source of such symptoms among younger people Where possible, suspected cases should be evaluated, provided guidance and be followed up with cardiologist consultation It is important to rule out other potential causes of myocarditis and pericarditis, including COVID-19 infection and other viral etiologies",Coronary,What type of events are less likely to be the source of myocarditis and pericarditis?,"['Mycardiology', 'The cause of mycotary and pericard Syndrome', 'Myalgia']"
854," An infectious disease specialist and/or rheumatologist may need to be consulted to assist in this evaluationWhile acknowledging the clear benefits of the mRNA vaccines in reducing deaths and hospitalizations due to COVID-19 infections, the subcommittee encourages all health professionals to report all events of myocarditis and other adverse events observed with these and other vaccines The WHO COVID-19 vaccine safety surveillance manual provides guidance to countries on the safety monitoring and adverse events data sharing for the new COVID-19 vaccines",WHO COVID-19 vaccine safety surveillance manual,What guide provides guidance to countries on the safety monitoring and adverse events data sharing for the new COVID-19 vaccines?,"['When the vaccine was made', 'When countries watch on the safety warning and parent - son growth', 'What we should \n  watch for the new COffe-19 vaccine? \n :']"
855,"The GACVS COVID-19 subcommittee will continue to review the safety data from all COVID-19 vaccines and update any advice as necessary Open, transparent, and evidence-based communication about the potential benefits and risks to recipients and the community is essential to maintain trust WHO is carefully monitoring the rollout of all COVID-19 vaccines and will continue to work closely with countries to manage potential risks, and to use science and data to drive response and recommendations",WHO,Who is responsible for monitoring the rollout of all COVID-19 vaccines?,"['who is responsible for collecting data about all COUV-19 vaccines.', 'All the members of the board', 'The GACVS CODA-19 chair']"
856,"Useful referencesWHO COVID-19 Vaccine Safety Surveillance Manual GACVS statement on myocarditis from 26 May 2021: https://wwwint/news/item/26-05-2021-gacvs-myocarditis-reported-with-covid-19-mrna-vaccineshttps://brightoncollaborationus/myocarditis-case-definition-update/Interim Clinical Considerations for Use of COVID-19 Vaccines | CDC Marshall M, Ferguson ID, Lewis P, et al","CDC Marshall M, Ferguson ID, Lewis P, et al",What are the names of the names of the names of the names of the names of the names of the names of the names of the names of the names,"['A doctor named Ferguson ID, Lewis P.', 'Aided by the WHO, Ferguson ID, Lewis P. Inc. and Pic naming the names of the names', 'What are the real names for the names of the names of the names of the names of the names of the names of the names of the names of the names of the names']"
857," Symptomatic acutemyocarditis in seven adolescents following Pfizer-BioNTech COVID-19 vaccination Published online June 4, 20212021-052478https://www",Pfizer-BioNTech COVID-19,What type of vaccination did seven adolescents have?,"['Vaccinating did seven teens have.', 'How many did seven teens have taken part in the vaccine?', 'All the seven adolescent girls had flu vaccine.']"
858,"gov/media/144413/download (FACT SHEET FOR HEALTHCARE PROVIDERS ADMINISTERING VACCINE (VACCINATION PROVIDERS) EMERGENCY USE AUTHORIZATION (EUA) OF THE PFIZER-BIONTECH COVID-19 VACCINE TO PREVENT CORONAVIRUS DISEASE 2019 (COVID-19)Gargano JW, Wallace M, Hadler SC, et al Use of mRNA COVID-19 vaccine after reports of myocarditis among vaccine recipients: update from the Advisory Committee on Immunization Practices – United States, June 2021 Early release; vol 7",Advisory Committee on Immunization Practices – United States,Who updated COVID-19 vaccine after reports of myocarditis among vaccine recipients?,"['who made the greatest advance in COUV-19 vaccine', 'Asides \n CObrid-19 vaccine after reports of mycoteness among vaccine recipient', 'The Council on Alcoholic Medicine and Student Conservation']"
859," Published online July 6, 2021 Surveillance of myocarditis (inflammation of the heart muscle) cases between December 2020 and May 2021 Israeli Ministry of Health; June 6, 2021","June 6, 2021",When did Israeli Ministry of Health publish myocarditis cases?,[]
860," Accessed July 7, 2021  Kim HW, Jenista ER,Wendell DC, et al Patients with acute myocarditis following mRNA COVID-19 vaccination","July 7, 2021","When is Kim HW, Jenista ER,Wendell DC?","['June 5, 2030', ""Kim peers'birthday"", 'Kimidates with acuteMycoteness']"
861," Published online June 29, 20212828Montgomery J, Ryan M, Engler R, et al Myocarditis following immunization with mRNA COVID-19 vaccines in members of the US military","June 29, 20212828Montgomery J, Ryan M, Engler R, et al",When was Myocarditis immunized with mRNA COVID-19 vaccines?,"['June 29, 200 vote28', 'When was MyCard illness found in members of the US military?', 'May 29, 2012 --- 22 safest roads in the US']"
862," Published online June 29, 20212833Centers for Disease Control and Prevention Myocarditis and pericarditis considerations","June 29, 20212833",When was the Centers for Disease Control and Prevention published?,"['June 29, 200 vote', 'June 29, --- curious ld', 'June 29 and May 21']"
863," This policy brief provides relevant insights from behavioural evidence and a set of behavioural considerations for those promoting COVID-19 preventive behaviours among young people Designers of programmes and initiatives targeting youth may find it helpful to refer to the youth-specific barriers and drivers identified in this policy brief and to prioritize these for testing when planning initiatives targeted at young people For more information, please contactbehavioural",youth-specific barriers and drivers,What do designers of programmes and initiatives targeting youth find it helpful to refer to in this policy brief?,"[""it's necessary for young people to have good Behaviors"", ""young people's Behaviors"", 'people who have good impression on their own']"
864,"Download infographicHealthcare professionals and public health authorities have a central role in discussing vaccination against COVID-19 with their patients Vaccines play a critical role in preventing deaths, hospitalisation caused by infectious diseases",infectious diseases,What causes hospitalisation?,"['Vaccines', 'diseases caused by infectious diseases', 'Vaccines in preventing death and hospitalization']"
865," Emerging data on effectiveness indicates that licenced COVID-19vaccines are contributing to controlling the spread of the disease Until widespread vaccination has been achieved, both vaccinated and unvaccinated people need to be aware of the additional protective behaviours required to control the pandemic locallyThe global impact of the COVID-19 pandemic has resulted in an unprecedented level of public interest in vaccines",vaccines,What is responsible for controlling the spread of the disease?,"['Vaccination', 'coided vaccine -19', 'Vocuses on keeping people healthy']"
866," This includes a focus on the development of vaccines and their regulatory review and safety monitoring Much of this coverage has taken place through mass and social media Reports of adverse events (side effects) have led some people to express concerns about getting vaccinated, delay getting vaccinated or even be strongly opposed to vaccination",adverse events,"What has caused some people to express concerns about getting vaccinated, delay getting vaccinated or even be strongly opposed to vaccination?","[' vaccine development', 'Vaccinating', 'Vaccine development']"
867," There are also differences in individual confidence in national safety monitoring systems Another challenge in communicating the importance of COVID-19 vaccination is that younger adults are typically less clinically affected by COVID-19 infection and so may see limited value in getting vaccinated, including until further data confirms that vaccines prevent transmission and that vaccines are effective against variants Clear and consistent communication is therefore essential to support people in making the choice to be vaccinated",vaccinated,What can younger adults see limited value in getting?,"['vaccine - protected', 'brought', 'Vaccotor']"
868," We appreciate that you, your colleagues and your patients may have a number of questions around the development, regulatory review and ongoing safety monitoring of COVID-19 vaccinesPurposeThis joint International Coalition of Medicines Regulatory Authorities (ICMRA)* and WHO statement aims to help healthcare professionals answer questions about the role of regulators in the oversight of COVID-19 vaccines It explains how vaccines undergo robust scientific evaluation to determine their safety, efficacy and quality and how safety is closely and continually monitored after approval","how vaccines undergo robust scientific evaluation to determine their safety, efficacy and quality",What does ICMRA explain?,"['how safety is closely and continually monitored after approval', 'where safety and quality are determined and then safety are measured', 'how many studies are being done on the safety of CODA-19 vaccines']"
869,"Vaccination has been shown to contribute to reducing deaths and severe illness from COVID-19, and to reduce the transmission of COVID-19 Vaccinating as many people as possible and reducing the spread of disease is important Vaccination of a significant proportion of the population also protects vulnerable people, including those who cannot receive vaccines, or the small proportion of people who might remain at risk of infection after vaccination",Vaccination,What has been shown to contribute to reducing deaths and severe illness from COVID-19?,"['Preventing disease', 'as far as possible', 'Vaccinating as many people as possible']"
870," Failure to vaccinate widely also enables continued circulation of the virus and the generation of variants, including some that may pose a greater risk Widespread vaccination will help prevent people from having to go to hospital and contribute to fewer people getting sick, ultimately alleviating the burden of COVID-19 on healthcare systems It will also help allow a return to normal societal functioning and the re-opening of economies",COVID-19,What type of vaccine will help alleviate the burden on healthcare systems?,"['Vaccinating widely', 'Vaccination', 'failure to vaccination widely']"
871,"Vaccines and the regulatory processHow do regulatory authorities evaluate COVID-19 vaccines?Regulators rigorously evaluate scientific and clinical evidence provided by vaccine manufacturers Vaccine manufactures are legally obliged to follow defined standards in the data they provide, and their clinical research and manufacturing operations are subject to regulatory oversight Either full or summary data from clinical trials is made available following vaccine evaluation",vaccine evaluation,What is made available from clinical trials?,"['Vaccines and the environmental process', 'The information collected by vaccine manufacturers', 'The information made available by clinical trials']"
872," Each vaccine is thoroughly assessed for safety, efficacy and pharmaceutical quality to determine whether it can be approved for use Regulators use available scientific evidence from preclinical laboratory research, human clinical trials, and manufacturing information to assess benefits and risks of candidate vaccinesRegulators may seek additional expert advice from independent scientific advisory committees to help inform their decision on whether to approve a vaccine",independent scientific advisory committees,Who can help inform their decision on whether to approve a vaccine?,"['regulations of candidates for vaccine development.', 'Regulations', 'regulations of the studies about the vaccine and its being approved']"
873," These committees are made up of experts in science, medicine (including infectious diseases) and public health, and often include consumer and healthcare professional representativesPublic health agencies have a different role than regulatory authorities They develop and deliver vaccination programmes, often working with their expert immunisation technical advisory committees",immunisation technical advisory committees,What type of committees do health agencies often work with?,"['immunization technical services', 'regulations and health care', 'government bodies']"
874," This includes prioritising and designating populations for vaccination with specific vaccines, issuing additional recommendations and providing information more broadly about vaccines and immunization They also collaborate with regulators to monitor the safety of vaccines after they are approved for use Globally, the public can have confidence in the rigour of the process used to scientifically evaluate the safety, efficacy and quality of vaccines before they are approved for use in the wider population",vaccines,What does this include prioritizing and designating populations for vaccination with?,"['vaccins', 'Vaccins.', 'Vocuses']"
875,Safety evidence prior to potential regulatory authorisation:Safety evidence is an essential part of each regulatory submission for a COVID-19 vaccine It is gathered during all phases of the vaccine development process Robust assessment of safety is carried out in the clinical trials and submitted to regulators for review as part of the approval process,approval,What process is Robust assessment of safety carried out in the clinical trials and submitted to regulators for review?,"['regulations', 'Safety studies', ' safety studies']"
876,"All adverse events need to be examined and reported in the regulatory submission by the companies for a marketing licence Typically, regulators will require that participants in clinical trials have been followed for at least 1-2 months after receiving their final vaccine dose Generally, based on previous experience with vaccines, most adverse events occur within such timeframes, though rare adverse events might not be recognised until after wide population use",1-2 months,How long should participants in clinical trials have been followed after receiving their final vaccine dose?,"['2-3 weeks', '1-4 years', '1-5 -9 months']"
877," There will also be longer-term (for example for 6-12 months or more) follow-up of those who participated in the earlier phases of the clinical trials of each vaccine Many trial participants will also be followed for at least one year to assess the duration of protection and longer-term safety of individual vaccines, and safety data from these longer-term trials will be carefully reviewed by regulators as part of post-approval monitoring of safetyEfficacy:Apart from information on the types of immune responses induced by the vaccine, companies must submit data from well-designed clinical trials to regulators to demonstrate that the vaccine prevents COVID-19",the vaccine prevents COVID-19,What does a vaccine prevent?,"['the vaccine stops blood cancer', 'the vaccine has a positive effect on the immune', 'the vaccine can prevent the blood pressure']"
878,"Vaccine clinical trials for a new candidate vaccine showed that vaccines very significantly reduced COVID-19 in people who were vaccinated, compared to a control group of people who did not receive the vaccine, through a reduction in numbers of laboratory confirmed SARS-CoV-2 infectionsQuality:Any COVID-19 vaccine that receives regulatory authorisation must be manufactured according to internationally accepted stringent regulatory standards of good manufacturing practices (GMP) Regulators review data to confirm that the manufacturing process at each production site is well-controlled and consistent",Vaccine clinical trials,What showed that vaccines very significantly reduced COVID-19 in people who were vaccinated?,"['All the vaccine studies', 'Who got the best vaccine', 'Vaccine \n  studies']"
879," This will include data on the composition and purity of the vaccine and its potency, as well as data on every step of manufacturing and on the controls used to ensure that each batch of vaccine is consistently of a high quality Data on vaccine stability must also be provided before a vaccine can be approved After approval, batches may also undergo evaluation by individual national regulatory authorities to ensure they meet national requirements, before they can be supplied",data on the composition and purity of the vaccine and its potency,What will be included in the data on each step of manufacturing and controls used to ensure that each batch of vaccine is consistently of a high quality?,"['sh data on Noise and purity should be included in the data', ' data on all step of manufacturing', ' data on both measures of the production of the vaccine']"
880,"Monitoring safety and effectiveness after vaccine approval:After a vaccine is approved for use, regulators conduct robust effectiveness monitoring as well as monitoring of safety and risk minimisation activities (pharmacovigilance) They need to continuously monitor vaccine safety to ensure that the benefits of the vaccine continue to outweigh the risks Regulators do this by:Reviewing and analysing adverse eventsreported by healthcare professionals and consumers and requiring industry vaccine companies (sometimes called “sponsors”) to report to regulators on adverse events received both within the regulator’s home country and globally;Many regulators will implement enhanced passive surveillance systems",enhanced passive surveillance systems,What type of surveillance systems will regulators implement?,"['preferred passive systems', 'monitoring safety and effectiveness', 'monitoring the safety and effectiveness after vaccine approved']"
881," These include systems to rapidly compare numbers of suspected side effects reported with vaccines to the numbers of events expected to occur by chance, and include access to near real-time data on vaccine usage in different settings Several regulators also implemented traceability systems for different vaccine brands and batches;Taking rapid action to mitigate risks, also considering the information about emerging safety issues shared among regulatorsand researchers through international collaboration;Reviewing medical literature and other sources of new safety information;Requiring vaccine manufacturers to continue safety surveillance from the ongoing clinical trials of their products; andMany regulators also require vaccine manufacturers to have risk management plans describing how they will monitor and minimise risks, including further epidemiological studies, associated with their vaccines It is very important that healthcare professionals not only diligently report any adverse events they see in their patients, but also encourage people who are vaccinated to immediately report adverse events to their healthcare professionals or to the medicines regulator in countries where direct reports from members of the public are accepted by the regulator",direct reports from members of the public,What is accepted by the medicines regulator in countries where vaccinated people are encouraged to immediately report adverse events to their healthcare professionals or to the medicines regulator,"['direct reports to the medicines Qiandao', 'accurate action to protect the consumers', 'accurate information about the safety issues shared among the readers']"
882," Reporting all relevant events helps regulators assess the possible role of the vaccine in causing the adverse event and assists in identifying safety issues relating to newly introduced vaccinesAs part of the safety monitoring and review of all suspected side effects reporting for vaccines, regulators have developed lists of “Adverse Events of Special Interest” These lists include some events that have been associated with other vaccines (for example anaphylaxis)",anaphylaxis,What is one example of an event that has been associated with other vaccines?,"['anphylasures', 'adverse event', 'Adverse event of Special Interest']"
883," Others are included on these lists because they are serious events that are important to monitor extremely closely, even though there is no evidence that they are causally associated with specific vaccines Having information on the background rates of these events that would be expected in people who have not received a vaccine will help ensure that any increased reporting of these events can be quickly detected and thoroughly investigated by regulators The widespread use of COVID-19 vaccines, including in the elderly and in patients with underlying health conditions, will unfortunately mean that there will be deaths and serious illnesses that are purely coincidental and unrelated to vaccinations",serious illnesses,What will happen to COVID-19 vaccines?,"['asides of vaccine', 'asideside cancer', 'people with bad health conditions']"
884," The job of each regulator, together with the relevant medical experts and vaccine manufacturers is to determine causality There will be a special focus on monitoring safety in some groups of people, such as pregnant women, persons with severe pre-existing illness, older people, children, and in people also receiving vaccines for prevention of other diseases Regulators, often in collaboration with public health authorities, are able to take decisive action if a safety issue is identified",if a safety issue is identified,What are Regulators able to take decisive action?,"['if the vaccine can be offered', 'if there is no problem with vaccine issue', 'if a safety problem happens']"
885,"These actions might include: issuing safety communications for patients, healthcare professionals and the community; updating the product information or consumer information for the vaccine; preventing the release of a particular batch of vaccine; and, taking other regulatory actions such as restriction of vaccine authorisation to a particular subgroup of the community or revocation of authorisationCommonly reported adverse eventsThe most commonly-reported events with COVID-19 vaccines are expected vaccine side effects, such as headache, fatigue, muscle and joint pain, fever and chills and pain at the site of injection The occurrence of these adverse events is consistent with what is already known about the vaccines from clinical trials","issuing safety communications for patients, healthcare professionals and the community",What can be done to prevent the release of a particular batch of vaccine?,"['Changing vaccine authorization to a specific subgroup', 'preventing the release of a particular quantity of vaccine', 'all these events are consistent with what is already known about the vaccines']"
886,"Adverse events of special interestRegulators approve and maintain an approval of a vaccine only if they determine that the known and potential benefits of the vaccine outweigh its known and potential risks Anaphylaxis is a very rare side effect that may occur with any vaccine There have been some other reported adverse events which include facial weakness, seizures, loss of sense of taste or small and cardiac events, but none are confirmed to be causally related to the vaccines",none,How many adverse events are confirmed to be causally related to the vaccines?,"['none of the events', ' vaccine', 'Facial weakness']"
887,"mRNA vaccines The major adverse event of special interest reported for these vaccines, which include the Pfizer and Moderna vaccines is anaphylaxis Regulators carefully review the reports of possible anaphylaxis to determine whether they are consistent with true anaphylaxis and whether they may have been caused by the vaccine Anaphylaxis reports remains very rare (in the order of 10 cases per million vaccinated)",Anaphylaxis,What vaccine is a vaccine that can cause anaphylaxis?,"['The vaccine', 'Aphyloid', 'A common vaccine']"
888, Guidance on the management of possible anaphylaxis is included in the Product Information/Label for these vaccines Routine vaccination procedures include keeping people under observation for at least 15 minutes after vaccination and having appropriate medical treatment on hand so that anaphylaxis can be rapidly managed These vaccines should not be given to people with a known history of a severe allergic reaction to any of the vaccine components,vaccines,What is included in the Product Information/Label for?,"['vaccins', 'all the vaccine components', 'anphyloid']"
889," A second dose of mRNA vaccine should not be given to those who have experienced anaphylaxis to the first doseThere have been some other reported adverse events, which include unusual bleeding and blood clotting disorders, facial weakness, seizures, loss of sense of taste or smell and cardiac events Regulators monitor and carefully review if there is a causal relationship between the vaccines with those adverse events, and, if appropriate, they will be included in Product Information / Product Label of vaccines of concern",anaphylaxis,What was the first dose of mRNA vaccine?,"['A vaccine', 'the first dose ofibaba vaccine.', 'the first dose']"
890," Adenovirus vector vaccinesThese include the AstraZeneca, Janssen, Gamaleya and CanSino Biologics vaccines Internationally, the AstraZeneca and Janssen COVID-19 vaccines have been associated with a very rare and unusual clotting syndrome involving thromboembolic events (blood clots) with thrombocytopenia (low blood platelet count) This condition has been termed Thrombosis with Thrombocytopenia Syndrome (TTS)",Thrombosis with Thrombocytopenia Syndrome,What is TTS?,"['Thrombosis with blood clots', 'Thrombosis with Thrombosis', 'Thrombosis withThrombosis']"
891, Medicines regulators are meeting regularly to share information about cases to better characterise this risk and understand this syndrome Less information is available internationally about adverse events following the Gamaleya and CanSino Biologics vaccinesThe overall number of reports received of blood clots in the veins or arteries (including venous thrombosis or venous thromboembolism) occurring without thrombocytopenia is no higher than the expected background population rate for the more common type of blood clots in most countries,thrombocytopenia,What is no higher than the expected background population rate for the more common type of blood clots in most countries?,"['Venous thrombosis', 'blood clots', 'the blood clots in most countries']"
892,"The spontaneous reporting rates of thromboembolic events with thrombocytopenia vary by country and the precise incidences are difficult to estimate, but for the AstraZeneca vaccine, based on substantial use in Europe and the UK, the frequency of such events is very rare Available estimates are of the order of 10-15 per million people vaccinated (note that for some countries this statistic is based on the numbers of reports of suspected cases of TTS rather than numbers of confirmed cases) Thromboembolic events with thrombocytopenia have also been reported in the United States for the Janssen vaccine, at a rate of about 2-3 per million doses administered",2-3 per million,What is the rate of thromboembolic events with thrombocytopenia reported in the United States for the Janssen vaccine?,"['0-15 %', '9-15 - million people vaccine', '1-15-4 per']"
893," National regulators are continuing to monitor the issue closely and to publish up to date information on the numbers of cases reported and the latest estimates of the incidenceThe cases of thromboembolic events with thrombocytopenia after vaccination were mainly reported for younger rather than older individuals This, together with the risk of serious illness or death associated with COVID-19 being much higher in middle-aged and older people, has led public health authorities in some countries to recommend that vaccination with the Astra Zeneca vaccine not be initiated in younger individuals",Astra Zeneca,What vaccine has led public health authorities in some countries to recommend that vaccination not be initiated in younger individuals?,"['Vaccinating in younger individuals', 'Vaccio', 'Dhisto-19']"
894," Healthcare professionals should be alert to the signs and symptoms of thromboembolism and thrombocytopenia as well as coagulopathies after vaccination as TTS requires specific management Vaccinated individuals should be instructed to seek immediate medical attention if they develop symptoms such as a severe or persistent headache, blurred vision, shortness of breath, chest pain, leg swelling, persistent abdominal pain or unusual skin bruising and/or petechiae (tiny purple, red, or brown spots on the skin) mostly occurring within around 4-20 days after vaccination, although some cases have been reported later than 20 days post vaccination This information is in the Product Information / Product Label of the vaccines as approved by regulators",thromboembolism and thrombocytopenia,What symptoms should healthcare professionals be alert to after vaccination?,"['thromb idioms and coagul kilometers', ""doctors'warning about thromb idioms and coagulology"", 'doctors and their patients']"
895," The adenovirus technology used for adenovirus vector vaccines was first tested with SARS, MERS and Ebola virus over the last 20 years, and so was able to be adapted quickly to COVID-19, which has several similarities to these virusesClinical trial successes- it has been possible to rapidly recruit large numbers of volunteers into clinical trials and, with unfortunately high rates of infection in several countries, to complete trials with 10,000-50,000 people in a short period of time Under normal circumstances, it may take many months or even a few years to carry out trials of this size to determine whether a vaccine is effective",COVID-19,What was the adenovirus technology able to be adapted quickly to?,"['SARS, MERS and Ebola! T viruses was first tested with this technology', 'SARS, MERS and Ebola virus', 'Adenovirus virus']"
896,"Very close collaboration- between regulators, industry and clinical researchers enabled clear indications of regulatory requirements and early access to resultsIntensive and insightful research - researchers predicted that the “spike protein” on the virus would be a good target for vaccine development, and almost all vaccines have been designed to induce a response to this protein So far, the spike protein has produced a strong immune response in those vaccinated, and for those vaccines that have reported clinical results are highly protective from COVID-19 disease",COVID-19,What type of disease is the spike protein highly protective against?,"['Vaccine', 'Spike protein', 'spike protein.']"
897,"Q: Will mRNA vaccines affect the DNA of vaccine recipients?A: No The mRNA in the vaccine has not been shown to incorporate itself into the genes of vaccine recipients and breaks down in the weeks after vaccination mRNA vaccines contain genetic instructions for our cells, which only read them and provide copies of the SARS-CoV2 spike protein",mRNA vaccines contain genetic instructions for our cells,What does the mRNA in the vaccine break down in the weeks after vaccination?,"['The vaccine is made of genetic instructions for our cells', 'The vaccine can only be read with the genes of vaccine recipient', 'The vaccine has not been shown to affect the DNA of vaccine riders']"
898, This enables the body’s natural immune systems to cause a response in vaccine recipients if they are later exposed to the virusQ: How long will COVID-19 vaccination provide protection for immunised people?A: We do not yet know how long protection from any of these vaccines lasts We will get better insights over the next 12 months,the virusQ,What does COVID-19 vaccine provide protection for immunised people?,"['the vaccine', 'the immune system', ""the body's natural immune system""]"
899,"The duration of protection provided by vaccines can vary For example, the seasonal influenza vaccine is given annually, because the influenza virus mutates, and protection wanes over a number of months Other vaccines, such as those for rubella or measles provide multi-year or even life-long protection from disease",rubella or measles,What type of vaccines provide multi-year or even life-long protection from disease?,"['a flu vaccine', 'as far as possible', 'the influenza virus']"
