,context,answer,question,distractor
1600," CEPI also invested in platform technologiesthat can be used for rapid vaccine and immunoprophylactic development against unknown pathogens (Disease X)About WHOThe World Health Organization provides global leadership in public health within the United Nations system Founded in 1948, WHO works with194 Member States, across six regions and from more than 150 offices,to promote health, keep the worldsafe and serve the vulnerable",WHO,Who is the WHO that provides global leadership in public health within the United Nations system?,"['The United Nations system', 'The World Health Organization', "" WHO's offices in many countries""]"
1601," Our goal for 2019-2023 is to ensure that a billion more people have universal health coverage, to protect a billion more people from health emergencies, and provide a further billion people with better health and wellbeingFor updates on COVID-19 and public health advice to protect yourself from coronavirus, visitwwwintand follow WHO onTwitter, Facebook,Instagram, LinkedIn,TikTok, Pinterest,Snapchat, YouTube",coronavirus,What does COVID-19 protect yourself from?,"['Public health advice', ' Health emergencies', 'online health news.']"
1602,"GENEVA/NEW YORK, 15 July 2020 – The World Health Organization and UNICEF warned today of an alarming decline in the number of children receiving life-saving vaccines around the world This is due to disruptions in the delivery and uptake of immunization services caused by the COVID-19 pandemic According to new data by WHO and UNICEF, these disruptions threaten to reverse hard-won progress to reach more children and adolescents with a wider range of vaccines, which has already been hampered by a decade of stalling coverage",a decade,How long has the stalling coverage been hampered by?,"['a shorter time', 'a wider range of vaccines', 'a longer time ago']"
1603," The latest data on vaccine coverage estimates from WHO and UNICEF for 2019 shows that improvements such as the expansion of the HPV vaccine to 106 countries and greater protection for children against more diseases are in danger of lapsing For example, preliminary data for the first four months of 2020 points to a substantial drop in the number of children completing three doses of the vaccine against diphtheria, tetanus and pertussis (DTP3) This is the first time in 28 years that the world could see a reduction in DTP3 coverage – the marker for immunization coverage within and across countries",106,How many countries are in danger of lapsing the HPV vaccine?,"['100 countries', '100 countries. ks5u', ' vaccine against diph invention']"
1604,"“Vaccines are one of the most powerful tools in the history of public health, and more children are now being immunized than ever before,” said Dr Tedros Adhanom Ghebreyesus, WHO Director-General “But the pandemic has put those gains at risk The avoidable suffering and death caused by children missing out on routine immunizations could be far greater than COVID-19 itself",COVID-19,What was the name of the vaccine that caused children missing out on routine immunizations?,"['Vaccins are popular', 'Vaccines', 'Vaccine - called the vaccine']"
1605," But it doesn’t have to be that way Vaccines can be delivered safely even during the pandemic, and we are calling on countries to ensure these essential life-saving programmes continue”COVID-19 disruptionsDue to the COVID-19 pandemic, at least 30 measles vaccination campaigns were or are at risk of being cancelled, which could result in further outbreaks in 2020 and beyond",30,How many measles vaccination campaigns were cancelled due to the COVID-19 pandemic?,"['40', 'Because many measles vaccines campaigns were closed', '10']"
1606," According to a new UNICEF, WHO and Gavi pulse survey, conducted in collaboration with the US Centers for Disease Control, the Sabin Vaccine Institute and Johns Hopkins Bloomberg School of Public Health, three quarters of the 82 countries that responded reported COVID-19 related disruptions in their immunization programmes as of May 2020 The reasons for disrupted services vary Even when services are offered, people are either unable to access them because of reluctance to leave home, transport interruptions, economic hardships, restrictions on movement, or fear of being exposed to people with COVID-19",three quarters,How many of the 82 countries that responded to the survey reported disruptions in their immunization programs as of May 2020?,"['Three quarters', 'two and three quarters', 'two \n three \n thirds']"
1607," Many health workers are also unavailable because of restrictions on travel or redeployment to COVID response duties as well as a lack of protective equipment“COVID-19 has made previously routine vaccination a daunting challenge,” said UNICEF Executive Director Henrietta Fore “We must prevent a further deterioration in vaccine coverage and urgently resume vaccination programs before children’s lives are threatened by other diseases",vaccination programs,What do UNICEF Executive Director Henrietta Fore urge to resume before children's lives are threatened by other diseases?,"['Vaccination response duties', 'aspirations in vaccine protection', 'aspirant vaccine']"
1608," We cannot trade one health crisis for another” Stagnating global coverage rate Progress on immunization coverage was stalling before COVID-19 hit, at 85 per cent for DTP3 and measles vaccines The likelihood that a child born today will be fully vaccinated with all the globally recommended vaccines by the time she reaches the age of 5 is less than 20 per cent",20,What is the likelihood that a child born today will be fully vaccinated with all the globally recommended vaccines by the time she reaches the,"['10 per cent', '35 per cent of her children are fully vaccine', '85 per cent']"
1609," In 2019, nearly 14 million children missed out on life-saving vaccines such as measles and DTP3 Most of these children live in Africa and are likely to lack access to other health services Two-thirds of them are concentrated in 10 middle- and low-income countries: Angola, Brazil, Democratic Republic of the Congo, Ethiopia, India, Indonesia, Mexico, Nigeria, Pakistan, and Philippines",10,How many middle- and low-income countries are there?,"['11', '16', '4']"
1610," Children in middle-income countries account for an increasing share of the burden Progress and challenges, by country and regionThere has been some progress Regional coverage for the third dose of DTP in South Asia has increased by 12 percentage points over the last 10 years, notably across India, Nepal and Pakistan",12 percentage points,How much has DTP coverage increased in South Asia over the last 10 years?,"['20 % points', '20 percentage points in the last 10 years', '12 %']"
1611," However, that hard-won progress could be undone by COVID-19 related disruptions Countries that had recorded significant progress, such as Ethiopia and Pakistan, are now also at risk of backsliding if immunization services are not restored as soon as feasible The situation is especially concerning for Latin America and the Caribbean, where historically high coverage has slipped over the last decade",historically high coverage has slipped,What has happened in Latin America and the Caribbean over the last decade?,"['historical high coverage has been eaten by illness', 'people have lost their covered covering', 'it has lost its great amount of money']"
1612," In Brazil, Bolivia, Haiti and Venezuela, immunization coverage plummeted by at least 14 percentage points since 2010 These countries are now also confronting moderate to severe COVID19-related disruptions As the global health community attempts to recover lost ground due to COVID-19 related disruptions, UNICEF and WHO are supporting countries in their efforts to reimagine immunization and build back better by:Restoring services so countries can safely deliver routine immunization services during the COVID-19 pandemic, by adhering to hygiene and physical distancing recommendations and providing protective equipment to health workers; Helping health workers communicate actively with caregivers to explain how services have been reconfigured to ensure safety;Rectifying coverage and immunity gaps; Expanding routine services to reach missed communities, where some of the most vulnerable children live",14 percentage points,"How much did immunization coverage drop in Brazil, Bolivia, Haiti and Venezuela since 2010?","['4 % of the increase in income', '15 %', '15 % points. And 14 %']"
1613," About the data2019 IMMUNIZATION COVERAGE ESTIMATESEvery year, UNICEF and the World Health Organization (WHO) produce a new round of immunization coverage estimates for 195 countries, enabling a critical assessment of how well we are doing in reaching every child with life-saving vaccines In addition to producing the immunization coverage estimates for 2019, the WHO and UNICEF estimation process revises the entire historical series of immunization data with the latest available information The 2019 revision covers 39 years of coverage estimates, from 1980 to 2019",39 years,How long does the 2019 revision cover of immunization coverage estimates?,[]
1614," DTP3 coverage is used as an indicator to assess the proportion of children vaccinated and is calculated for children under one year of age The estimated number of vaccinated children are calculated using population data provided by the 2019 World Population Prospects (WPP) from the UNIMMUNIZATION PULSE SURVEY, JUNE 2020The new UNICEF, WHO and Gavi pulse survey was conducted in collaboration with US Centers for Disease Control, the Sabin Vaccine Institute and Johns Hopkins Bloomberg School of Public Health, in June 2020",June 2020,"When was the new UNICEF, WHO and Gavi pulse survey conducted?",[]
1615," Respondents from 82 countries, including 14 with lower than 80 per cent vaccination coverage rates in 2019, reported on disruptions in immunization services due to COVID-19 as of May 2020 The online immunization pulse survey received responses from 260 immunization experts, including representatives of Ministries of Health, academia and global health organizations across 82 countries A previous pulse poll, conducted in April received 801 responses from 107 countries, showed that disruption to the routine immunization programs were already widespread and affected all regions",82,How many countries reported on the disruptions in immunization services due to COVID-19?,"['66', '79', '80']"
1616," 64 per cent of countries represented in that poll indicated that routine immunizations had been disrupted or even suspendedThe World Health Organization provides global leadership in public health within the United Nations system Founded in 1948, WHO works with194 Member States, across six regions and from more than 150 offices,to promote health, keep the world safe and serve the vulnerable",64,What percentage of countries indicated that routine immunizations had been disrupted or even suspended?,"['America', 'would you like to be offered routinehealth recognition', '50 - 60']"
1617," Our goal for 2019-2023 is to ensure that a billion more people have universal health coverage, to protect a billion more people from health emergencies, and provide a further billion people with better health and wellbeing For updates on COVID-19 and public health advice to protect yourself from coronavirus, visitwwwintand follow WHO onTwitter,Facebook,Instagram,LinkedIn,TikTok,Pinterest,Snapchat,YouTube",health emergencies,What does COVID-19 protect a billion more people from?,"['health protection', 'health care', 'a billion more people']"
1618," More on vaccines and immunizationGuiding principles for immunization activities during the COVID-19 How WHO is supporting ongoing vaccination efforts during the COVID-19 pandemicThe vaccines success story gives us hope for the futureUNICEF works in some of the world’s toughest places, to reach the world’s most disadvantaged children Across 190 countries and territories, we work for every child, everywhere, to build a better world for everyone For more information about UNICEF and its work for children, visit www",www,Where can you find more information about UNICEF and its work for children?,"['www. UNiceF.org', 'www. United Nations.in charge of the COided-19', ""www.UNICized Children's Health insurance card""]"
1619," For more information about COVID-19, visit www Information on UNICEF’s Immunization programme, available here Follow UNICEF on Twitter and Facebook",Twitter and Facebook,Where does UNICEF follow UNICEF?,"['UNicyF', 'UNiceF', 'Facebook and information about UNiceF']"
1620,"WHO Director-General, Dr Tedros Ghebreyesus declared that the outbreak of COVID-19 caused by the 2019 novel coronavirus (SARS-CoV-2) constitutes a Public Health Emergency of International Concern Since then many countries have implemented measures to combat the spread of the disease, including restrictions on travel and social interactions Likewise, WHO HQ in Geneva implemented teleworking for the majority of staff, as of 15 March 2020",teleworking,What did WHO HQ in Geneva implement for the majority of staff?,"['sARS-CoV-2', 'narrow window', 'anti - travel activities']"
1621," In addition, a small group of key WHO staff and experts, including some who work for WHO prequalification Unit (PQT) are involved in activities to combat the COVID-19 pandemicSome delays in prequalification activities are likely to occur since:Inspections must be suspended or postponed if:Manufacturing sites to be inspected are in one of the outbreak hotspots or where travel has been restrictedManufacturing sites themselves have cancelled planned inspection following their own restrictions forbidding entry of visitors into their premises, or if their staff are quarantined at home",their staff are quarantined at home,What is the cause of a delay in prequalification?,"['they have to closed some of the sites', 'they have cancelled their planned inspection', 'their staff are not allowed to visit their places']"
1622,Co-inspectors are not allowed to travel given restrictions imposed by their institutions and/or National Regulatory AuthoritiesSome PQT staff and experts are now dedicating time to COVID-19 activities such as the Emergency Use Listing (EUL) for IVDs and providing expert input on possible therapeutics and vaccinesApplicants may be unable to respond to PQ assessment questions and inspection observations in a timely manner due to movement and work restrictions at their sites,PQT staff and experts,Who is now dedicating time to COVID-19 activities?,"['Co -inspectsors and PQT staff and experts', 'Co -inspectingors', 'PJT employees and experts \n']"
1623,Increased medicines assessment via external assessorsPrioritization of products based on public health needsEnhanced teleworking capacity and tools,teleworking capacity and tools,What is enhanced by external assessors?,"['reduced medicines assessment via internal assessors', 'extended medicine assessment', 'reduced medicine Assessment via internal assessedors']"
1624,"We are working hard to minimize the impact of COVID-19 but request your patience and understandingDeusdedit MubangiziHead, Prequalification UnitOn June 25, WHO Director General Dr Tedros Adhanom Ghebreyesus and Dr Hand Kluge, Regional Director of WHO Europe, spoke at the European Parliament Committee for Environment, Public Health and Food Safety (ENVI) on the fight against COVID-19 and the global response and highlighted the leadership of the European Union during this unprecedented time",the European Union,Who was the leader of WHO during this unprecedented time?,"['the WHO Centre', 'China', 'the World']"
1625,"“The EU is in a unique position to provide global leadership in defining the “new normal” as part of the global recovery”, Dr Tedros saidHe reminded parlamentarians, that “although the situation in Europe has improved, globally it is still getting worse” and he added that “In the first month of this outbreak, less than 10,000 cases were reported to WHO In the last month, almost 4 million cases have been reported",4 million,How many cases have been reported to WHO in the last month?,"['1,000 case', '5 million', '5,000 to 4 million']"
1626,"Dr Kluge warned parliamentarians about a second wave in Europe and that countries should be prepared In this regard, he announced that the WHO European Region has startedan ACTION REVIEW, gathering lessons learned in order to develop policy options to help countries to prepare for the AutumnThe Regional Director underlined that “health systems based on strong primary health care are the foundation for health security and universal health coverage” and that national routine immunization programmes needs to be maintained during the pandemic, he said",national routine immunization programmes,What needs to be maintained during the pandemic?,"['health systems based on strong primary health care', 'health care systems and universal health care', ' universal health care']"
1627,Click here for the interactive timelineLast updated 28 December 2020 to restore some dates that had been inadvertently deleted from this text version of the timeline They remained in the interactive timeline throughout------WHO provides this timeline of the Organization’s COVID-19 response activities for general information,COVID-19,What type of response activities did the WHO provide?,"['volunteer response activities', 'MOQ-15', 'MOven-19 and CODA-19']"
1628," WHO will update the timeline on a regular basis and in light of evolving events and new information Unless noted otherwise, country-specific information and data are as reported to WHO by its Member StatesThis timeline supersedes theWHO Timeline statementpublished in April 2020",April 2020,When was the WHO Timeline statement published?,"['October 20', 'As soon as the WHO knew about it', 'When was the first time that WHO published']"
1629," It is not intended to be exhaustive and does not contain details of every event or WHO activityAs of 11 December 2020, the following milestones and events focused on COVID-19 have taken place:The Director-General and Executive Director of the WHO Health Emergencies Programme have held120 media briefingsThe Director-General'sopening remarks,transcripts, videos and audio recordingsfor these media briefings are available online",120,How many media briefings have the Director-General and Executive Director of the WHO Health Emergencies Programme held?,"['10 media releases.', 'The mediavre is free.', 'How many mediawolves have the Director-General and Executive Director of the WHO Health Education Programme included?']"
1630,"There have been 38 Member State Briefings and information sessionsWHO convenes international expert networks,covering topics such asclinical management, laboratory and virology, infection prevention and control, mathematical modelling, seroepidemiology, and research and development for diagnostics, therapeutics and vaccines, which have held frequent teleconferences,starting inearly January These networks include thousands of scientists, medical and public health professionals from around the world",38,How many Member State Briefings and information sessions have there been?,"['39', '51', 'join State Briefings and information sessions']"
1631,"TheOpenWHOplatform has had more than 47 million total course enrolments, with 149 courses available to support the COVID-19 response, spanning 22 topics and 44 languages for COVID-19TheStrategic and Technical Advisory Group on Infectious Hazards(STAG-IH) has met 53 times",53,How many times has the STAG-IH met?,"['When has the stag-IH met?', 'As many times as the stag-IH has had', '51']"
1632," STAG-IH provides independent advice and analysis to the WHO Health Emergencies Programme on the infectious hazards that may pose a threat to global health securityAs of 8 December 2020, WHO’slandscape of COVID-19 candidate vaccineslists 52 candidate vaccines in clinical evaluation and 162 in preclinical evaluationIn addition to the selected guidance included below, all of WHO’s technical guidance on COVID-19 can be found onlinehere",WHO Health Emergencies Programme,What does STAG-IH provide independent advice and analysis to?,"[' WHO Health Program', "" WHO'slandscape of CODA-19 candidates"", ' WHO World Health Problem']"
1633,"All events listed below are in the Geneva, Switzerland time zone (CET/CEST) Note that the dates listed for documents are based on when they werefinalizedand timestamped------31 Dec 2019WHO’s Country Office in the People’s Republic of China picked up a media statement by the Wuhan Municipal Health Commission from their website on cases of ‘viral pneumonia’ in Wuhan, People’s Republic of China",the Wuhan Municipal Health Commission,"Who picked up a media statement from their website on cases of 'viral pneumonia' in Wuhan, People's Republic of China?","[""the WHO 'S Country Office"", ""the People's Republic of China"", ""the WHO 'S Office in the People's Republic ofChina""]"
1634,"The Country Office notified the International Health Regulations (IHR) focal point in the WHO Western Pacific Regional Office about the Wuhan Municipal Health Commission media statement of the cases and provided a translation of itWHO’s Epidemic Intelligence from Open Sources (EIOS) platform also picked up amedia reporton ProMED (a programme of the International Society for Infectious Diseases) about the same cluster of cases of “pneumonia of unknown cause”, in WuhanSeveral health authorities from around the world contacted WHO seeking additional information",WHO Western Pacific Regional Office,Where was the International Health Regulations focal point located?,"[' WHO offices', 'A programme of the International Society for Infectious Diseases', 'The International Health regulations']"
1635,"1 January 2020WHO requested information on the reported cluster of atypical pneumonia cases in Wuhan from the Chinese authoritiesWHO activated itsIncident Management Support Team(IMST), as part of its emergency response framework, which ensures coordination of activities and response across the three levels of WHO (Headquarters, Regional, Country) for public health emergencies2 January 2020The WHO Representative in China wrote to the National Health Commission, offering WHO support and repeating the request for further information on the cluster of cases",the National Health Commission,Who did the WHO Representative in China write to?,"['The Chinese government', 'the Chinese authorities', 'the Chinese government and its officials']"
1636,"WHO informedGlobal Outbreak Alert and Response Network(GOARN) partners about the cluster of pneumonia cases in the People’s Republic of China GOARN partners include major public health agencies, laboratories, sister UN agencies, international organizations and NGOs3 January 2020Chinese officials provided information to WHO on the cluster of cases of ‘viral pneumonia of unknown cause’ identified in Wuhan",Wuhan,Where was the cluster of cases of 'viral pneumonia of unknown cause' identified?,"[""Where was the mystery of 'Viralcause' identified? \n Wuhan"", 'The major public health agencies', 'Where was ""viral cause of unknown causes only identified?and there was no other']"
1637,"4 January 2020WHOtweetedthat there was a cluster of pneumonia cases – with no deaths – in Wuhan, Hubei province, People’s Republic of China, and that investigations to identify the cause were underway5 January 2020WHO shared detailed information about a cluster of cases of pneumonia of unknown cause through the IHR (2005) Event Information System, which is accessible to all Member States The event notice provided information on the cases and advised Member States to take precautions to reduce the risk of acute respiratory infections","Wuhan, Hubei province, People’s Republic of China",Where was there a cluster of pneumonia cases?,"['Where was there a big depression in China?', ""There was a big city in Wuhan, Hubei province, People's Republic o f Republic ofChina."", 'In Wuhan, Habori, China']"
1638,"WHO issued its first Disease Outbreak News report This is a public, web-based platform for the publication of technical information addressed to the scientific and public health communities, as well as global media The report contained information about the number of cases and their clinical status; details about the Wuhan national authority’s response measures; and WHO’s risk assessment and advice on public health measures",WHO’s risk assessment and advice on public health measures,What was the name of the WHO's first Disease Outbreak News report?,"[""The details about the Wuhan national authority's response measures"", 'The information about the number of cases and their clinical status', 'What was the first Disease outbreak News']"
1639," It advised that “WHO’s recommendations on public health measures and surveillance of influenza and severe acute respiratory infections still apply”9 January 2020WHO reported that Chinese authorities have determined that the outbreak is caused by a novel coronavirusWHO convened the first of many teleconferences with global expert networks, beginning with the Clinical Network",Clinical Network,What type of network did the first teleconferences with global experts begin with?,"['Global expert networks', 'Global Health Network.ks5u', 'The clinical Network']"
1640,"10-12 January 2020WHO published a comprehensive package of guidance documents for countries, covering topics related to the management of an outbreak of a new disease:Infection prevention and controlLaboratory testingNational capacities review toolRisk communication and community engagementDisease Commodity Package (v1)Disease Commodity Package (v2)Travel adviceClinical managementSurveillance case definitions10 January 2020TheStrategic and Technical Advisory Group on Infectious Hazards(STAG-IH) held itsfirst meetingon the novel coronavirus outbreakThe Global Coordination Mechanism for Research and Development to prevent and respond to epidemics held its first teleconference on the novel coronavirus, as did the Scientific Advisory Group of the research and development (R&D)Blueprint, a global strategy and preparedness plan that allows the rapid activation of research and development activities during epidemicsThe Director-General spoke with the Head of the National Health Commission of the People’s Republic of China",10-12 January 2020,When did WHO publish a comprehensive package of guidance documents for countries?,[]
1641, He also had a call to share information with the Director of the Chinese Center for Disease Control and Prevention11 January 2020WHOtweetedthat it had received the genetic sequences for the novel coronavirus from the People’s Republic of China and expected these to soon be made publicly availableChinese media reported the first death from the novel coronavirus,People’s Republic of China,Who received the genetic sequences for the novel coronavirus?,"['Who sent the geneticases for the novel carnavirus?', 'China', ""The People's Republic ofChina""]"
1642,"13 January 2020WHO convened the first teleconference with the diagnostics and laboratories global expert networkThe Ministry of Public Health in Thailand reported an imported case of lab-confirmednovel coronavirus from Wuhan, the first recorded case outside of the People’s Republic of ChinaWHO publishesfirst protocol for a RT-PCR assayby a WHO partner laboratory to diagnose the novel coronavirus",the first recorded case,What was the first recorded case of lab-confirmednovel coronavirus from Wuhan?,"['the first person to be recorded', 'the first imported virus', 'the first reported cases of lab- confirmednovel Coravirus']"
1643,"14 January 2020WHO held a press briefing during which itstatedthat, based on experience with respiratory pathogens, the potential for human-to-human transmission in the 41 confirmed cases in the People’s Republic of China existed: “it is certainly possible that there is limited human-to-human transmission”WHO tweetedthat preliminary investigations by the Chinese authorities had found “no clear evidence of human-to-human transmission” In itsrisk assessment, WHO said additional investigation was “needed to ascertain the presence of human-to-human transmission, modes of transmission, common source of exposure and the presence of asymptomatic or mildly symptomatic cases that are undetected”",14 January 2020,When did WHO hold a press briefing?,[]
1644,"16 January 2020The Pan American Health Organization/WHO Regional office for the Americas (PAHO/AMRO) issued itsfirst epidemiological alerton the novel coronavirus The alert included recommendations covering international travellers, infection prevention and control measures and laboratory testing 17 January 2020WHO convened the first meeting of the analysis and modelling working group for the novel coronavirus",17 January 2020WHO,On what date was the first epidemiological alert issued for the novel coronavirus?,[]
1645,"19 January 2020The WHO Western Pacific Regional Office (WHO/WPRO)tweetedthat, according to the latest information received and WHO analysis, there was evidence of limited human-to-human transmission20 January 2020WHO publishedguidanceon home care for patients with suspected infection20-21 January 2020WHO conducted thefirst mission to Wuhanand met with public health officials to learn about the response to the cluster of cases of novel coronavirus",the cluster of cases of novel coronavirus,What was the response to the first mission to Wuhanand?,"['the WHO family', 'the case of disease of novel carn virus', 'two cases of human beings']"
1646,WHO convened the first meeting of the global expert network on infection prevention and control22 January 2020The WHO mission to Wuhan issueda statementsaying that evidence suggested human-to-human transmission in Wuhan but that more investigation was needed to understand the full extent of transmission22-23 January 2020The WHO Director-Generalconvenedan IHR Emergency Committee (EC) regarding the outbreak of novel coronavirus,novel coronavirus,What was the outbreak of in Wuhan?,"['Human transmission', 'human transmission in Wuhan', 'Human - to -human transmission']"
1647," The EC was comprised of15 independent experts from around the world and was charged with advising the Director-General as to whether the outbreak constituted a public health emergency of international concern (PHEIC)The Committee was not able to reach a conclusion on 22 January based on the limited information available As the Committee was not able to make a recommendation, the Director-General asked the Committee to continue its deliberations the next day",the Director-General,Who did the EC advise on whether the outbreak constituted a public health emergency of international concern?,"['the Centre for the worse health', 'the independent experts', 'The members of this meeting']"
1648," The Director-General held amedia briefingon the novel coronavirus, to provide an update on the Committee’s deliberationsThe EC met again on 23 January and members were equally divided as to whether the event constituted a PHEIC, as several members considered that there was still not enough information for it, given its restrictive and binary nature (only PHEIC or no PHEIC can be determined; there is no intermediate level of warning) As there was a divergence of views, the EC did not advise the Director-General that the event constituted a PHEIC but said it was ready to be reconvened within 10 days",10 days,How long did the EC say the event was ready to be reconvened?,"['two days', '9 days', '5 days']"
1649," The ECformulated advicefor WHO, the People’s Republic of China, other countries and the global communityThe Director-General accepted the advice of the Committee andheld a second media briefing, giving astatementon the advice of the EC and what WHO was doing in response to the outbreak24 January 2020France informed WHO of three cases of novel coronavirus, all of whom had travelled from Wuhan",Wuhan,Where did all of the cases of novel coronavirus come from?,"['Where did all of the cases of novel carnavirus come from?', 'Where did these cases come from?', 'How did these people travel to Western countries']"
1650," These werethe first confirmed cases in the WHO European region(EURO)WHO held aninformal consultationon the prioritization of candidate therapeutic agents for use in novel coronavirus infectionThe Director of the Pan American Health Organization (PAHO)urged countries in the Americasto be prepared to detect early, isolate and care for patients infected with the new coronavirus, in case of receiving travelers from countries where there was ongoing transmission of novel coronavirus cases",the prioritization of candidate therapeutic agents for use in novel coronavirus infection,What did the WHO European region(EUROWHO) hold aninformal consultation on?,"['the priorityization and care for patients infected with the new carnavirus cases', 'the areas where there was currently transmission of novelbull cases', 'the finding of the cases of novel Corvirus cases']"
1651," The Director spoke at a PAHO briefing for ambassadors of the Americas to the Organization of American States (OAS) in Washington25 January 2020The WHO Regional Director for Europe issued apublic statementoutlining the importance of being ready at the local and national levels for detecting cases, testing samples and clinical management26 January 2020WHO released itsfirstfree online course on the novel coronavirus on its OpenWHO learning platform",the novel coronavirus,What did WHO release its first free online course on?,"['the Open WHO learning platform', 'the first free online course on computers', 'the first online course']"
1652,"27 January 2020The WHO Regional Director for South-East Asia issued apress releasethat urged countries in the Region to focus on their readiness for the rapid detection of imported cases and prevention of further spread27-28 January 2020A senior WHO delegation led by the Director-General arrived in Beijing to meet Chinese leaders, learn more about the response in the People’s Republic of China, and to offer technical assistanceThe Director-General met with President Xi Jinpingon 28 January, and discussed continued collaboration on containment measures in Wuhan, public health measures in other cities and provinces, conducting further studies on the severity and transmissibility of the virus, continuing to share data, and a request for China to share biological material with WHO",27 January 2020The WHO Regional Director for South-East Asia,When did the WHO release a press release?,"['17 January 2020- 28 January 2020', '28 January 2020', '26 January 2020, the latest time for information about the virus']"
1653," They agreed that an international team of leading scientists should travel to China to better understand the context, the overall response, and exchange information and experience29 January 2020On his return to Switzerland from China, the Director-General presented anupdateto Member States on the response to the outbreak of novel coronavirus infection in China, at the 30th Meeting of the Programme, Budget and Administration Committee (PBAC) of the Executive Board He informed the PBAC that he had reconvened the Emergency Committee on the novel coronavirus under the IHR (2005), which would meet the following day to advise on whether the outbreak constituted a PHEIC","30th Meeting of the Programme, Budget and Administration Committee",At what meeting did the Director-General present anupdate on the response to the outbreak of novel coronavirus infection in China?,"[' Party of the IOC', '30 \n th meeting of the IOCAC', '1 \n F.O. meeting of the Emergency Board']"
1654,"The Director-General also held apress briefingon his visit to China and announced the reconvening of the EC the next day The Director-General based the decision to reconvene on the “deeply concerning” continued increase in cases and evidence of human-to-human transmission outside China, in addition to the numbers outside China holding the potential for a much larger outbreak, even though they were still relatively small The Director-General also spoke of his agreement with President Xi Jinping that WHO would lead a team of international experts to visit China as soon as possible to work with the government on increasing the understanding of the outbreak, to guide global response efforts",apress briefing,What did the Director-General hold on his visit to China?,"['as soon as possible', 'TheEC', 'His trip to China']"
1655,"WHO held the first of its weekly informal discussions with a group of public health leaders from around the world, in line with its commitment to conducting listening exercises and outreach beyond formal mechanismsThe United Arab Emirates reported the first cases in the WHO Eastern Mediterranean Region The Regional Directoraffirmedthat the Regional Office continued to monitor disease trends and work with Member States to ensure the ability “to detect and respond to potential cases”",the Regional Office,Who did the Regional Director confirm continued to monitor disease trends and work with Member States to ensure the ability to detect and respond to potential cases?,"['the WHO Eastern Mediterranean region', 'the Health Organization', 'a group of public health leaders']"
1656,30 January 2020WHO held a Member State briefing to provide more information about the outbreakThe WHO Director-General reconvened theIHR Emergency Committee(EC)The EC advised the Director-General that the outbreak now met the criteria for a PHEIC,30 January 2020,When did WHO hold a briefing to provide more information about the outbreak?,[]
1657," The Director-General accepted the EC’s advice anddeclared the novel coronavirus outbreak a PHEIC At that time there were 98 cases and no deaths in 18 countries outside China Four countries had evidence (8 cases) of human-to-human transmission outside China (Germany, Japan, the United States of America, and Viet Nam)",98,How many cases were there at the time of the novel coronavirus outbreak?,"['XV', 'There were 8 cases of human- to - human transmission outside China', ' deaths outside China']"
1658,"The EC formulated advice for the People’s Republic of China, all countries and the global community, which the Director-General accepted and issued as Temporary Recommendations under the IHR The Director-General gave a statement, providing an overview of the situation in China and globally; the statement also explained the reasoning behind the decision to declare a PHEIC and outlined the EC's recommendations31 January 2020WHO’s Regional Director for Africa sent out a guidance note to all countries in the Region emphasising the importance ofreadiness and early detection of cases",the importance ofreadiness and early detection of cases,What did the EC recommend to all countries in the region?,"['the need for early detection and late detection', 'the need of fast detection of cases and early detection of cases. [ : Zxxk. Com ]', 'the progress of the investigation of the cases']"
1659,"2 February 2020First dispatch of RT-PCR lab diagnostic kits shipped to WHO Regional Offices3 February 2020WHO finalised itsStrategic Preparedness and Response Plan(SPRP), centred on improving capacity to detect, prepare and respond to the outbreak The SPRP translated what had been learned about the virus at that stage into strategic action to guide the development of national and regional operational plans",strategic action,What did the SPRP translate to to guide the development of national and regional operational plans?,"['Nationalational and retailational plan', 'Treating the disease', 'rPCR test']"
1660," Its content is structured around how to rapidly establish international coordination, scale up country preparedness and response operations, and accelerate research and innovation4 February 2020The WHO Director-General asked the UN Secretary-General to activate the UN crisis management policy, which held itsfirst meetingon 11 FebruaryDuring the 146thExecutive Board, WHO held a technical briefing on the novel coronavirus",the novel coronavirus,What did the WHO brief on?,"['theUN crisis Management policy', 'the United Nations crisis management policy. ( )', 'how to strengthen our international unity']"
1661," In hisopening remarks, the Director-General urged Member States to prepare themselves by taking action now, saying “We have a window of opportunity While 99% of cases are in China, in the rest of the world we only have 176 cases”Responding to a questionat the Executive Board, the Secretariat said, “it is possible that there may be individuals who are asymptomatic that shed virus, but we need more detailed studies around this to determine how often that is happening and if this is leading to secondary transmission”",176,How many cases are there in China?,"['Half of the cases are in China.', 'In the rest of the world we only have 21 cases.', ' passes of the general in China']"
1662,"5 February 2020WHO's headquarters began holding daily media briefings on the novel coronavirus, the first time that WHO has held daily briefings by the Director-General or Executive Director of the WHO Health Emergencies Programme9 February 2020WHO deployed an advance team for the WHO-China Joint Mission, having received final sign-off from the People’s Republic of China that day The mission had been agreed between the Director-General and President Xi Jinping during the WHO delegation’s visit to China at the end of January",the People’s Republic of China,Who was the final sign-off for the WHO-China Joint Mission?,"['The President Xi', 'the President Xi Jinping', 'the director-General or Executive Director of the WHO Health object']"
1663," The advance team completed five days of intensive preparation for the Mission, working with China’s National Health Commission, the Chinese Center for Disease Control and Prevention, local partners and related entities and the WHO China Country Office11 February 2020WHO announced that the disease caused by the novel coronavirus would be namedCOVID-19 Followingbest practices, the name of the disease was chosen to avoid inaccuracy and stigma and therefore did not refer to a geographical location, an animal, an individual or group of people",the disease caused by the novel coronavirus,What was COVID-19 named after?,"['the name of the disease', 'the person who was born with the novel carnavirus', 'the cause of novel refrigeravirus']"
1664,"11-12 February 2020WHO convened a   Global Research and Innovation Forumon the novel coronavirus, attended in person by more than 300 experts and funders from 48 countries, with a further 150 joining onlineParticipants came together to assess the level of knowledge, identify gaps and work together to accelerate and fund priority research, with equitable access as a fundamental principle underpinning this workTopics covered by the Forum included: the origin of the virus, natural history, transmission, diagnosis; epidemiological studies; clinical characterization and management; infection prevention and control; R&D for candidate therapeutics and vaccines; ethical considerations for research; and the integration of the social sciences into the outbreak response",the social sciences,What did the Forum integrate into the outbreak response?,"['the health care', 'the infection prevention and control', 'the origin of the virus']"
1665,"The Forum was convened in line with theWHO R&D Blueprint, which was activated to accelerate diagnostics, vaccines and therapeutics for this novel coronavirus12 February 2020Supplementing the SPRP with further detail, WHO publishedOperational Planning Guidelines to Support Country Preparedness and Response, structured around the eight pillars of country-level coordination, planning, and monitoring; risk communication and community engagement; surveillance, rapid response teams, and case investigation; points of entry; national laboratories; infection prevention and control; case management; and operational support and logistics These guidelines operationalised technical guidance, such as that published on 10-12 January",10-12 January,When was the SPRP published?,"['9-10 December', 'when was the SPRP published', 'before was the springP published?']"
1666,"13 February 2020WHO’s Digital Solutions Unit convened a roundtable of 30 companies in Silicon Valley to help build support for WHO to keep people safe and informed about COVID-1914 February 2020Based on lessons learned from the H1N1 and Ebola outbreaks, WHO finalisedguidelinesfor organizers of mass gatherings, in light of COVID-1915 February 2020The Director-General spoke at the Munich Security Conference, a global forum dedicated to issues of international security, including health security, where he also held several bilateral meetingsIn hisspeech, the Director-General made three requests of the international community: use the window of opportunity to intensify preparedness, adopt a whole-of-government approach and be guided by solidarity, not stigma",30,How many companies did the Digital Solutions Unit gather in Silicon Valley to help build support for WHO?,"['50 companies', '20', '00']"
1667," He also expressed concern at the global lack of urgency in funding the response16 February 2020The WHO-China Joint Mission began its work As part of the mission to assess the seriousness of this new disease; its transmission dynamics; and the nature and impact of China’s control measures, teams made field visits to Beijing, Guangdong, Sichuan and Wuhan",WHO-China Joint Mission,What joint mission began its work as part of the mission to assess the seriousness of this new disease?,"['What a serious disease is', 'What a great risk it is to the world', 'What is the meaning of the word "" this new disease ""']"
1668,"The Mission consisted of 25 national and international experts from the People’s Republic of China, Germany, Japan, the Republic of Korea, Nigeria, the Russian Federation, Singapore, the United States of America and WHO, all selected after broad consultation to secure the best talent from a diversity of geographies and specialties It was led by a Senior Advisor to the WHO Director-General, with the Head of Expert Panel of COVID-19 Response at the China National Health Commission (NHC) as co-leadThroughout the global outbreak, WHO has regularly sent missions to countries to learn from and support responses, at the request of the affected Member State",25,How many national and international experts did the WHO mission consist of?,"['20', '22', '10']"
1669," Particularly in the early stages of the worldwide COVID-19 response,missionswent to countries facing relatively high levels of community transmission, such as theIslamic Republic of Iran, Italy, andSpain 19 February 2020Weekly WHO Member State Briefings on COVID-19began, to share the latest knowledge and insights on COVID-19 21 February 2020The WHO Director-Generalappointedsix special envoys on COVID-19, to provide strategic advice and high-level political advocacy and engagement in different parts of the world:Professor Dr Maha El Rabbat, former Minister of Health of Egypt;Dr David Nabarro, former special adviser to the UN Secretary-General on the 2030 Agenda for Sustainable Development and Climate Change;Dr John Nkengasong, Director of the African Centres for Disease Control and Prevention;Dr Mirta Roses, former Director of the WHO Region of the Americas;Dr Shin Young-soo, former Regional Director of the WHO Region of the Western Pacific;Professor Samba Sow, Director-General of the Center for Vaccine Development in Mali",Samba Sow,Who was the Director-General of the Center for Vaccine Development in Mali?,"['Professor Maha Elcellat', 'Dr Maha El Retat', 'Professor MahaEl Retat, former Minister of Health of Egypt']"
1670,"24 February 2020The Team Leaders of the WHO-China Joint Mission on COVID-19 held apress conferenceto report on the main findings of the missionThe Mission warned that ""much of the global community is not yet ready, in mindset and materially, to implement the measures that have been employed to contain COVID-19 in China”The Mission stressed that “to reduce COVID-19 illness and death, near-term readiness planning must embrace the large-scale implementation of high-quality, non-pharmaceutical public health measures”, such as case detection and isolation, contact tracing and monitoring/quarantining and community engagement",24 February 2020,When did the WHO-China Joint Mission on COVID-19 take place?,"['the date when the meeting was taken', 'the meeting of the members of the whole world', 'the date of it']"
1671,"Major recommendations were developed for the People’s Republic of China, countries with imported cases and/or outbreaks of COVID-19, uninfected countries, the public and the international community For example, in addition to the above, countries with imported cases and/or outbreaks were recommended to ""immediately activate the highest level of national Response Management protocols to ensure the all-of-government and all-of-society approach needed to contain COVID-19""Success was presented as dependent on fast decision-making by top leaders, operational thoroughness by public health systems and societal engagement",the People’s Republic of China,What country had imported cases and/or outbreaks of COVID-19?,"['the countries with imported cases', 'in some countries', 'in some of the countries of the world \n \n  China']"
1672,"In addition to the Mission press conference, WHO publishedoperational considerationsfor managing COVID-19 cases and outbreaks on board ships, following the outbreak of COVID-19 during an international voyage25 February 2020Confirmation of the second case in WHO's African Region, in Algeria This followed the earlier reporting of a case in Egypt, the first on the African continent",Egypt,Where was the first case reported on the African continent?,"['Alibaba', 'An African continent', 'The African continent.']"
1673," The Regional Director for Africa called for countries to step up their readiness27 February 2020WHO publishedguidanceon the rational use of personal protective equipment, in view of global shortages This provided recommendations on the type of personal protective equipment to use depending on the setting, personnel and type of activity","the setting, personnel and type of activity",What did the Regional Director for Africa provide recommendations on the type of personal protective equipment to use?,"['the choice of personal protective equipment', 'the type of equipment', 'personal protective equipment']"
1674,"28 February 2020TheReport of the WHO-China Joint Missionwas issued, as a reference point for countries on measures needed to contain COVID-1929 February 2020WHO publishedconsiderationsfor the quarantine of individuals in the context of containment for COVID-19 This described who should be quarantined and the minimum conditions for quarantine to avoid the risk of further transmission",WHO-China Joint Mission,What was the reference point for countries on measures needed to contain COVID-1929 February 2020WHO publishedconsiderations for the quarantine of individuals in,"['Chinese government', ""China'svolunteers"", 'The Report of the WHO-China Joint Mission']"
1675,"The Roadmap outlines key research priorities in nine key areas These include the natural history of the virus, epidemiology, diagnostics, clinical management, ethical considerations and social sciences, as well as longer-term goals for therapeutics and vaccines7 March 2020To mark the number of confirmed COVID-19 cases surpassing 100 000 globally, WHO issued astatementcalling for action to stop, contain, control, delay and reduce the impact of the virus at every opportunity",the impact of the virus,"What did WHO do to stop, contain, control, delay and reduce at every opportunity?","['the number of disease', 'how to control the \n the virus', 'how to prevent \n from being bitten by the virus.']"
1676,"WHO issued a consolidated package of existingguidancecovering the preparedness, readiness and response actions for four different transmission scenarios: no cases, sporadic cases, clusters of cases and community transmission9 March 2020The Global Preparedness Monitoring Board, an independent high-level body established by WHO and the World Bank, responsible for monitoring global preparedness for health emergencies,called for an immediate injection of US$8 billion for the COVID-19 responseto: support WHO to coordinate and prioritize support efforts to the most vulnerable countries; develop new diagnostics, therapeutics, and vaccines; strengthen unmet needs for regional surveillance and coordination; and to ensure sufficient supplies of protective equipment for health workers10 March 2020WHO, UNICEF and the International Federation of Red Cross and Red Crescent Societies (IFRC) issuedguidanceoutlining critical considerations and practical checklists to keep schools safe, with tips for parents and caregivers, as well as children and students themselves",four,"How many different transmission scenarios did WHO issue a package of existingguidancecovering the preparedness, readiness and response actions?","['four times', 'six times', 'Four']"
1677,"11 March 2020Deeply concerned both by the alarming levels of spread and severity, and by the alarming levels of inaction,WHO made the assessmentthat COVID-19 could be characterized as a pandemicSpeaking at theCOVID-19 media briefing, the Director-General highlighted how WHO had been in full response mode since being notified of the first cases and ""called every day for countries to take urgent and aggressive action""Recognising that COVID-19 was not just a public health crisis but one that would touch every sector, he restated WHO's call – made from the beginning – for countries to take a whole-of-government, whole-of-society approach, built around a comprehensive strategy to prevent infections, save lives and minimize impact",11 March 2020,When did WHO make the assessment that COVID-19 could be characterized as a pandemic?,[]
1678,"Emphasising that ""we cannot say this loudly enough, or clearly enough, or often enough"", he stressed that ""all countries can still change the course of this pandemic"" if they “detect, test, treat, isolate, trace, and mobilize their people in the response”He stressed that “the challenge for many countries who are now dealing with large clusters or community transmission is not whether they can do the same – it’s whether they will”13 March 2020The Director-Generalsaidthat Europe had become the epicentre of the pandemic with more reported cases and deaths than the rest of the world combined, apart from the People’s Republic of China",the People’s Republic of China,Who did the Director-General say that Europe had become the epicentre of the pandemic?,"['Europe', 'the countries who are now dealing with largeveyor', 'the rest of the world']"
1679,"WHO, the UN Foundation and partners launched theCOVID-19 Solidarity Response Fundto receive donations from private individuals, corporations and institutions Injust 10 days, the Fund raised more than US$70 million, from more than 187,000 individuals and organizations, to help health workers on the front lines to do their life-saving work, treat patients and advance research for treatments and vaccines16 March 2020WHO launched theCOVID-19 Partners Platformas an enabling tool for all countries, implementing partners, donors and contributors to collaborate in the global COVID-19 response",COVID-19 Solidarity Response Fund,"What fund did WHO, the UN Foundation and partners launch to receive donations from private individuals, corporations and institutions?","['TheUN Foundation and partners', ""It's a great help to health workers"", 'A great many people are helping health workers']"
1680," The Partners Platform features real-time tracking to support the planning, implementation and resourcing of country preparedness and response activities17 March 2020WHO, together with the International Federation of Red Cross and Red Crescent Societies (IFRC), International Organization for Migration (IOM) and the UN Refugee Agency (UNHCR) published guidance onscaling-up COVID-19 outbreak readiness and response operations in camps and camp-like settings18 March 2020WHO and partners launched theSolidarity trial, an international clinical trial that aims to generate robust data from around the world to find the most effective treatments for COVID-19",theSolidarity trial,What is the name of the international clinical trial that aims to generate robust data from around the world to find the most effective treatments for COVID-19,"['the trial', 'theners platform', 'theInternational clinical trial']"
1681,"While randomized clinical trials normally take years to design and conduct, the Solidarity trial was designed to accelerate this process Enrolling patients in one single randomized trial was to help facilitate the rapid worldwide comparison of unproven treatments This arrangement was also to overcome the risk of multiple small trials not generating the strong evidence needed to determine the relative effectiveness of potential treatments",the Solidarity trial,What was designed to accelerate this process?,"['the randomly designed trial', 'the randomly designedStudy of patients', 'the Global trials']"
1682,"WHO publishedguidanceon mental health and psychosocial considerations during the COVID-19 outbreak20 March 2020WHO Health Alert, which offers instant and accurate information about COVID-19,launchedon WhatsApp It is available in multiple languages with users around the world",WHO,Who publishedguidanceon mental health and psychosocial considerations during the COVID-19 outbreak?,"['who publishedguidanceon mental health andPsychosocial consideration', 'A Health Alert \n \n', 'whose users \n  ly  sign is \n  ly \n \n \n \n \n  ly \n \n  ly \n \n \n \n \n  ly \n \n \n \n  ly  ly \n \n \n  ly  ly  ly  ly  ly \n \n \n  ly  ly \n \n  ly \n  ly  ly  ly  ly \n  ly  ly  ly  ly \n \n  ly  ly  ly  ly \n \n \n \n  ly ']"
1683,"21 March 2020In light of many Member States facing shortfalls in testing capacity, WHO published laboratory testing strategy recommendationsfor COVID-19 23 March 2020WHO and FIFAlaunchedthe ‘Pass the message to kick out coronavirus’ awareness campaign, led by world-renowned footballers, who called on people around the world to protect their health, through hand washing, coughing etiquette, not touching one’s face, maintaining physical distance and staying home if feeling unwell25 March 2020The UNGlobal Humanitarian Response Planwas launched by the WHO Director-General, UN Secretary-General, UN Under-Secretary-General for Humanitarian Affairs and UNICEF Executive Director",WHO,Who published laboratory testing recommendations for COVID-19 23 March 2020WHO and FIFAlaunched the ‘Pass the message to kick out corona,"[' WHO and FiftAl ly', ""The UN's Health Response Plan"", ""The United Humankind's awareness campaign""]"
1684,"WHO also updated itsoperational planning guidelinesto help countries balance the demands of responding directly to COVID-19 while maintaining essential health service delivery, protecting health care workers and mitigating the risk of system collapse26 March 2020The Director-Generaladdressedthe Extraordinary G20 Summit on COVID-19, chaired by King Salman of Saudi Arabia,and called on G20 leaders to fight, unite, and ignite againstCOVID-19 In the opening of theirStatemen",King Salman,Who chaired the Extraordinary G20 Summit on COVID-19?,"['G20 leaders', 'The Director-General of World Health Organization', 'who is to blame for CODA-19']"
1685,"On Olympic Day, 23 June 2020, the International Olympic Committee and WHO together with theUnited Nations launch a partnership to encourage individuals and communities around the world to be #HEALTHYTogetherThe three partners and Olympic athletes will spotlight the global collaboration needed to stay healthy and reduce the spread and impact of COVID-19Olympic athletes will help deliver important public health information,toinspirepeople to adopt or continue behavioursthat will curtail the pandemic and provide information that promotes physical and mental health",COVID-19Olympic athletes,Who will help deliver important public health information?,"['who will help deliver important public health information?', 'The three partners of the Olympic Games', 'The International Olympic committee and WHO']"
1686," The partnership kicks off today with Olympians around the world showcasing various exercises to stay healthy during this timeA WHO survey showed that many people who had severe COVID-19 disease were already living with or at risk for noncommunicable diseases (NCDs) The results emphasize the importance of maintaining a healthy lifestyle including being physically active, having a healthy diet, and avoiding tobacco and alcohol",avoiding tobacco and alcohol,What does the WHO survey show that people with COVID-19 were already living with or at risk for noncommunicable diseases?,"['having a healthy diet', 'Having a healthy lifestyle', 'preventing diet and good exercise']"
1687,"“We are pleased to partner with the International Olympic Committee to spread important health messages that will save lives Olympians will help us advocate for healthier populations to ensure that people are as resilient as our health systems must be to fight COVID-19,” said Dr Tedros Adhanom Ghebreyesus, Director-General, WHOOver the past six months, the COVID-19 pandemic has impacted every corner of the globe and every aspect ofpeople‘slives",every corner of the globe,Where has the COVID-19 pandemic affected?,"['as far as the globe is', ""people's health"", ""every part of people'sslives""]"
1688,"The world is looking for global institutionsto work together andfor leaders to deliverreliable, credibleinformation from sources they trust Olympic athletes are symbols of strength that can act as trusted messengers for this informationIOC President Thomas Bachsaid, “Sport can save lives",Olympic athletes,Who are symbols of strength that can act as trusted messengers for information?,"['Sport leaders', 'The president of the IOC', 'Athletes who are good messengers']"
1689, We have seen over the last few months just how important sport and physical activity are for health and well-being And working together with the WHO and the United Nations we can take another step together We will ask our Olympic athletes to help share the information and best practice that the world needs now,Olympic athletes,Who will ask to share the information and best practice that the world needs?,"[' WHO and the United Nations', 'The world', ""The World's Olympic Council""]"
1690,"”António Guterres, Secretary-General of the United Nations, added“During this time of unprecedented challenges and change --from the COVID-19 pandemic to the ongoing struggle for racial and social justice, to the climate crisis --there has never been a greater need for global solidarity and hope The Olympic movementand its athleteshavealways brought out the best in humanity, and the UnitedNationsis pleased to work with the InternationalOlympicCommitteeandtheWorldHealthOrganizationin calling on people everywhereto unite and be #HEALTHYTogether”The global partnership will act locally, through the voices of Olympic athletes – voices that symbolize perseverance, dedication and endurance – qualities all individuals need during this public health challenge",the COVID-19 pandemic,"What was the name of the pandemic that led to the ongoing struggle for racial and social justice, to the climate crisis?","['the global partnership', 'the battle for social justice', 'the fight for racial and social justice, to the global crisis']"
1691," WHO will work with athletes to bring tailored health messages to people who are living through various stages of the pandemic through digital platformsAs COVID-19 forces changes to our daily routines and lives – from how we interact with others to how we move and exercise – we need to pay attention to our own mental and physical health and help others who may need extra support By working together, the aim of the partnership on Olympic Day and every day is to stay Healthy Together",stay Healthy Together,What is the aim of the partnership on Olympic Day?,"['work with athletes', 'stay healthy together', 'stay Healthy together with athletes']"
1692,"For more information, please visithttps://wwwint/campaigns/connecting-the-world-to-combat-coronavirus/healthytogetherGENEVA - Prevention and treatment services for noncommunicable diseases (NCDs) have been severely disrupted since the COVID-19 pandemic began, according to a WHO survey released today",COVID-19 pandemic,What was the cause of the outbreak of noncommunicable diseases?,"['Noncommunicative diseases', 'Noncommuniques diseases', 'Noncommunicative illnesses']"
1693," The survey, which was completed by 155 countries during a 3-week period in May, confirmed that the impact is global, but that low-income countries are most affected This situation is of significant concern because people living with NCDs are at higher risk of severe COVID-19-related illness and death “The results of this survey confirm what we have been hearing from countries for a number of weeks now,” said Dr Tedros Adhanom Ghebreyesus, Director-General of the World Health Organization",Dr Tedros Adhanom Ghebreyesus,Who is the Director-General of the World Health Organization?,"['Dr David-General of the World Health Organization', 'Mr TedrosAdhanom Ndreyesus', 'The World Health Organization']"
1694," “Many people who need treatment for diseases like cancer, cardiovascular disease and diabetes have not been receiving the health services and medicines they need since the COVID-19 pandemic began It’s vital that countries find innovative ways to ensure that essential services for NCDs continue, even as they fight COVID-19”Service disruptions are widespreadThe main finding is that health services have been partially or completely disrupted in many countries",health services have been partially or completely disrupted,What is the main finding in many countries that have been affected by the COVID-19 pandemic?,"['many people need treatment for diseases', 'many people are not receiving the services and medicines', 'many people need treatment for diseases like cancer, cardiovascular disease and diabetes']"
1695," More than half (53%) of the countries surveyed have partially or completely disrupted services for hypertension treatment; 49% for treatment for diabetes and diabetes-related complications; 42% for cancer treatment, and 31% for cardiovascular emergencies Rehabilitation services have been disrupted in almost two-thirds (63%) of countries, even though rehabilitation is key to a healthy recovery following severe illness from COVID-19Reassignment of staff and postponing of screeningIn the majority (94%) of countries responding, ministry of health staff working in the area of NCDs were partially or fully reassigned to support COVID-19",53,How many countries have partially or completely disrupted services for hypertension treatment?,"['50% for treatment for diabetes and diabetes', '81 percent for treatment for diabetes and diabetes - related illness', '70 % of them']"
1696," The postponement of public screening programmes (for example for breast and cervical cancer) was also widespread, reported by more than 50% of countries This was consistent with initial WHO recommendations to minimize non-urgent facility-based care whilst tackling the pandemicBut the most common reasons for discontinuing or reducing services were cancellations of planned treatments, a decrease in public transport available and a lack of staff because health workers had been reassigned to support COVID19 services",cancellations of planned treatments,What were the most common reasons for discontinuing or reducing services?,"['a lack of staff in hospitals', 'a shortage of service', 'a decrease in public transport available']"
1697," In one in five countries (20%) reporting disruptions, one of the main reasons for discontinuing services was a shortage of medicines, diagnostics and other technologies Unsurprisingly, there appears to be a correlation between levels of disruption to services for treating NCDs and the evolution of the COVID-19 outbreak in a country Services become increasingly disrupted as a country moves from sporadic cases to community transmission of the coronavirus",sporadic cases,What type of cases do services become disrupted as a country moves from to community transmission of the coronavirus?,"[' community transmission of the carnavirus', ' Service supply', ' community transmission']"
1698," Seventeen percent of countries reporting have started to allocate additional funding from the government budget to include the provision of NCD services in their national COVID-19 plan Alternative strategies for continuing care being implementedEncouraging findings of the survey were that alternative strategies have been established in most countries to support the people at highest risk to continue receiving treatment for NCDs Among the countries reporting service disruptions, globally 58% of countries are now using telemedicine (advice by telephone or online means) to replace in-person consultations; in low-income countries this figure is 42%",58%,How many countries are using telemedicine to replace in-person consultations?,[]
1699," Triaging to determine priorities has also been widely used, in two-thirds of countries reporting Also encouraging is that more than 70% of countries reported collecting data on the number of COVID-19 patients who also have an NCD ”It will be some time before we know the full extent of the impact of disruptions to health care during COVID-19 on people with noncommunicable diseases,” said Dr Bente Mikkelsen, Director of the Department of Noncommunicable Diseases at WHO",more than 70%,How many countries reported collecting data on the number of COVID-19 patients who also have an NCD?,"['2- thirds of countries reporting data on the number of COided-19 patients', 'Two- thirdsof the countries reported collecting data on the number', 'less than 50 percent']"
