,context,answer,question,distractor
1500," “Our goal of eliminating trans fats by 2023 must not be delayed” Fifteen countries account for approximately two thirds of the worldwide deaths linked to trans fat intake Of these, four (Canada, Latvia, Slovenia, United States of America) have implemented WHO-recommended best-practice policies since 2017, either by setting mandatory limits for industrially produced trans fats to 2% of oils and fats in all foods or banning partially hydrogenated oils (PHO)",2023,By what year can trans fats be eliminated?,"['There will be no need to introduce all the foods in the world.', 'by 1.5 billion people', 'by 1,000,000,000,000,000,000,000,000,000,000,000,000,000,000,000,000,000,000,000,000,000,000,000,000,000,000,000,000,000,000,000,000,000,000,000,000,000,000,000,000,000,000,000,000,000,000,000,000,000,000,000,000,000,000,000,000,000,000,000,000,000,000,000,000,000,000,000,000,000,000,000,000,000,000,000,000,000,000,000,000,000,000,000,000,000,000,000,000,000,000,000,000,000,000,000,000,000,000,000,000,000,000,000,000,000,000,000,000,000,000,000,000,000,000,000,000,000']"
1501,"But the remaining 11 countries (Azerbaijan, Bangladesh, Bhutan, Ecuador, Egypt, India, Iran, Mexico, Nepal, Pakistan, Republic of Korea) still need to take urgent action The report highlights two encouraging trends First, when countries do act, they overwhelmingly adopt best-practice policies rather than less restrictive ones",11,How many countries still need urgent action?,"['11 countries. \n Azerbaijan', '11. The other 11 countries \n : India, Pakistan, India and Republic of Korea', '11 \n The remaining 11 ian \n countries are \n \n \n :']"
1502," New policy measures passed and/or introduced in the past year in Brazil, Turkey and Nigeria all meet WHO’s criteria for best-practice policies Countries, such as India, that have previously implemented less restrictive measures, are now updating policies to align with best practice Second, regional regulations that set standards for multiple countries are becoming increasingly popular, emerging as a promising strategy for accelerating progress towards global elimination by 2023",2023,By what year are regional regulations emerging as a promising strategy for accelerating progress towards global elimination?,"[' regional regulations', ' regional regulation', ' regional regulations are becoming more popular']"
1503," In 2019, the European Union passed a best-practice policy, and all 35 countries that are part of the WHO American Region/Pan American Health Organization unanimously approved a regional plan of action to eliminate industrially produced trans fats by 2025 Together, these two regional initiatives have the potential to protect an additional 1 billion people in more than 50 countries who were not previously protected by trans fat regulations “With the global economic downturn, more than ever, countries are looking for best buys in public health,” said Dr Tom Frieden, President and CEO of Resolve to Save Lives",2025,By what year did the WHO approved a plan of action to eliminate industrially produced trans fats?,"['50 countries', '3020', '30 - 35']"
1504," “Making food trans fat-free, saves lives and saves money, and, by preventing heart attacks, reduces the burden on health care facilities” Despite the encouraging progress, important disparities persist in policy coverage by region and country income level Most policy actions to date, including those passed in 2019 and 2020, have been in higher-income countries and in the WHO Regions of the Americas and Europe",WHO Regions of the Americas and Europe,Where have most policy actions been passed in 2019 and 2020?,"['Where have most policy actions been passed?', ' policy actions by region and country', 'The WHO regions and countries']"
1505," Best-practice policies have been adopted by seven upper-middle-income countries and 33 high-income countries; no low-income or lower-middle-income countries have yet done so Note to editors:Industrially produced trans fats are contained in hardened vegetable fats, such as margarine and ghee, and are often present in snack food, baked foods, and fried foods Manufacturers often use them as they have a longer shelf life and are cheaper than other fats",seven,How many upper-middle-income countries have adopted best-practice policies?,"['seven countries', 'three countries', 'seven middle - middle - income countries']"
1506," But healthier alternatives can be used that do not affect taste or cost of foodWHO recommends that trans fat intake be limited to less than 1% of total energy intake, which translates to less than 22 g/day with a 2,000-calorie diet",less than 22 g/day,What does trans fat intake mean?,[]
1507," To achieve a world free of industrially produced trans fats by 2023, WHO recommends that countries: develop and implement best-practice policies to set mandatory limits for industrially produced trans fats to 2% of oils and fats in all foods or to ban partially hydrogenated oils (PHO); invest in monitoring mechanisms, e lab capacity to measure and monitor trans fats in foods; and advocate for regional or sub-regional regulations to expand the benefits of trans fat policiesThis report launches during 2020 Global Week for Action on Noncommunicable Diseases (NCDs) from 7 to 13 September",2020,When is the Global Week for Action on Noncommunicable Diseases (NCDs) launched?,"[' 2013', 'NCD', 'Necessity of publishing a report']"
1508," This year's theme is accountability to ensure that commitments made by governments, policy makers, industries, academia, and civil society become a reality Link to Report:https://appsint/iris/bitstream/handle/10665/334170/9789240010178-eng",accountability,What is the theme of this year's theme?,"[' theme', 'friends', 'governments and policy makers']"
1509,"pdfAbout WHOThe World Health Organization provides global leadership in public health within the United Nations system Founded in 1948, WHO works with194 Member States, across six regions and from more than 150 offices,to promote health, keep the world safe and serve the vulnerable Our goal for 2019-2023 is to ensure that a billion more people have universal health coverage, to protect a billion more people from health emergencies, and provide a further billion people with better health and wellbeing",to ensure that a billion more people have universal health coverage,What is the goal of the World Health Organization for 2019-2023?,"['to protect a billion people from health emergencies', 'to help a lot of people in poor health', 'To protect a lot more people in health emergencies.']"
1510,"For updates on COVID-19 and public health advice to protect yourself from coronavirus, visitwwwintand follow WHO onTwitter,Facebook,Instagram,LinkedIn,TikTok,Pinterest,Snapchat,YouTubeAbout Resolve to Save LivesResolve to Save Lives, an initiative of the global health organization Vital Strategies, focuses on preventing deaths from cardiovascular disease and by preventing epidemics Resolve to Save Lives is funded by Bloomberg Philanthropies, the Bill & Melinda Gates Foundation, and Gates Philanthropy Partners, which is funded with support from the Chan Zuckerberg Foundation",Chan Zuckerberg Foundation,Who supports Gates Philanthropy Partners?,"['Gates Phil philanthropy partners', 'Global health organization Viv Strategies', 'Bill and Melinda Gates Foundation']"
1511," Tom Frieden, former director of the U Centers for Disease Control and Prevention To find out more, visit: https://www",Tom Frieden,Who was the former director of the U Centers for Disease Control and Prevention?,"['The former director of the U States for Disease Control and Prevention', 'A former director of the U Health Department', 'A former scientist']"
1512,org or Twitter @ResolveTSL and @DrTomFriedenAbout Vital StrategiesVital Strategies is a global health organization that believes every person should be protected by a strong public health system We work with governments and civil society in 73 countries to design and implement evidence-based strategies that tackle their most pressing public health problems Our goal is to see governments adopt promising interventions at scale as rapidly as possible,73,How many countries do we work with to design and implement evidence-based strategies that tackle their most pressing public health problems?,"['70', '75', 'When do we work with them to design evidence- based strategies']"
1513," To find out more, please visit wwworg or Twitter @VitalStratDear friends and partners,My last “Letter to partners” came to you in December 2019, following the launch of the World malaria report",December 2019,When did my last “Letter to partners” come to you?,"['The launch of the World malaria report', 'The letter to partners', 'The World malaria report']"
1514," Since that time, the world has changed in ways we never could have imagined I hope that you and your loved ones have managed to avoid contracting COVID-19, orto recover from it rapidly For those who have lost family members or friends, I extend my deepest condolences",COVID-19,What did you and your loved ones avoid contracting?,"['Ways of avoiding falling from COide-19', 'Ways to avoidending your loved ones falling from it', ""You 'll never forget them""]"
1515,This letter will focus largely on WHO’s efforts to address the double challenge of malaria & COVID-19 Our work in recent months has been carried out in close collaboration with country-based experts and global partners We are very gratefulto all of our partners for their ongoing commitment and contributions,WHO,Whose efforts to address the double challenge of malaria & COVID-19?,"["" WHO's"", 'Malaria & COvin-19', ""Malaria and covenuses of WHO's work""]"
1516,"Topics covered in this letterMalaria & COVID-19Virtual forums: 3-4 September 2020Development and dissemination of policy guidanceArtemisinin resistance in RwandaMalaria & COVID-19As COVID-19 began its rapid spread earlier this year from China to Italy, and beyond, alarm bells began ringing across the malaria community After taking such a devastating toll on countries with robust health systems, how would malaria-endemic countriesin Africa prevail? Among colleagues at WHO, there was deep concern that the coronavirus had the potential to upend years – perhaps decades – of progress in malaria controlIn March, before COVID-19 had secured a strong footing in Africa, WHO established a cross-partner mechanism aimed at mitigating the impact of the pandemic in malaria-affected areas",3-4 September 2020,When did the development and dissemination of policy guidance begin?,[]
1517," Since that time, leaders and experts from more than 30 partner organizationshave been lending their expertise across 7 workstreams focused on a range of issues – from disruptions in the supply of key malaria commodities to surveillance and clinical drug trialsOur first order of business was to issue a clear statement calling for the continuity of malaria services We were troubled by reports that some countries in sub-Saharan Africahad suspended mass insecticide-treated net campaigns, the mainstay of malaria prevention efforts in the region for nearly 2 decades",more than 30,How many partners have been lending their expertise across 7 workstreams?,"['Nearly 30', 'many leaders and experts', 'about 7 workstreams']"
1518," This malaria-specific guidance is aligned with broader WHO guidance on maintaining essential services in COVID-19 settings It also complements guidance from WHO, UNICEF and IFRC on the role of community-based health careA modelling analysis, published just ahead of World Malaria Day, reinforces our urgent call for sustaining malaria services",WHO,Who provides guidance on maintaining essential services in COVID-19 settings?,"['World Malaria Day', "" WHO's guidance"", 'What malaria- specific guidance is']"
1519," Under the worst-case scenario, we predicted a doubling in deaths in sub-Saharan Africa in 2020 alone if access to net campaigns and antimalarialtreatment was severely curtailed during the pandemicWe have been very encouraged to see net campaigns move forward in many countries across Africa Benin, the Democratic Republic of the Congo, Sierra Leone and Chad paved the way this spring, and many others have followed in their footsteps",doubling in deaths,What was predicted in sub-Saharan Africa in 2020?,"[' doubled in net campaigns', 'having net campaigns', 'a doubled in death in sub-idy Africa']"
1520," Many of the reports we have received are incomplete or anecdotalParadoxically, in some areas there are reports of reductions in malaria, which probably reflects the fact that fewer people are seeking care at health facilities; if a person with a malarial fever does not seek care, he or she will not be diagnosed, treatedor reported We expect a clearer picture to emerge as more data become available",fewer,How many people are seeking care at health facilities?,"['more and more', 'more people', 'Fewer']"
1521,"We will continue to keep you updated on our ongoing efforts to tackle malaria & COVID-19 Our Q&A provides additional background and is updated periodicallyVirtual forums: 3-4 September 2020Later this week, WHO and the RBM Partnership to End Malaria will co-host live, interactive forums on 2 consecutive days under the theme: “Responding to the double challenge of malaria & COVID-19",3-4 September 2020,"When will the RBM Partnership to End Malaria co-host live, interactive forums?",[]
1522,"” On day 1, we will hear from country-basedexperts about the challenges they are facing on the frontlines of the response to these urgent health threats Their shared reflections will inform discussions on day 2 with global health leaders, including our WHO Director-General, among othersDiscussions with be moderated in English, with simultaneous translation in French and Spanish",French and Spanish,In what languages will the simultaneous translation of WHO's speech occur on day 2 of discussions with global health leaders?,"['French and German.', 'French andSpanish only', 'World Health leaders']"
1523," We encourage you to register in advance; an agenda and registration details can be found hereDevelopment and dissemination of policy guidanceIn 2018, as you may recall, the Global Malaria Programme (GMP) undertook an extensive review of our policy-making processes for malaria Following the recommendations that came out of this exercise, our malaria policy pathway is now structured around3 high-level steps:better anticipatedevelop policyoptimize uptakeGuideline development groupsIn order to better anticipate unmet public health needs (step 1), GMP solicited suggestions in 2019, including via an online consultation, for topics requiring new or updated malaria policy recommendations",2019,When did GMP request suggestions for topics requiring new or updated malaria policy recommendations?,"['Underdeveloped countries', '18 November', ""GMP's suggestions""]"
1524," Based on the feedback received, we are formingindividual guideline development groups (GDGs) for each of the technical areas identified: chemoprevention, vector control, elimination, treatment, diagnosis, Plasmodium vivax, and anaemiaTo enhance the transparency of our processes, GMP will publish the names and brief biographies of individuals who are being considered for participation in each GDG Everyone is welcome to comment on any perceived conflicts of interest",any perceived conflicts of interest,What is everyone welcome to comment on?,"['any personal information of the individuals', 'any personal conflicts o n interest', 'any potential conflict in the group']"
1525,"We are currently inviting comments, through 8 September, on proposed members of a GDG on malaria elimination For details, please visit this link If you would like to receive regular updates on the GDGs – including alerts about otherupcoming “calls for comments” – send us an email at: gmpfeedback@who",gmpfeedback,What is the name of the email you send us if you would like to receive regular updates on the GDGs?,"['Gadfeedback', 'Gmpfeed back', 'Gad feed']"
1526,"New policy guidance appStep 3 in our new policy pathway calls for optimizing uptake of WHO’s malaria policy guidance, particularly in endemic countries To that end, I am very pleased to share a new app which brings together all WHO policy documents on malaria –guidelines, recommendations, operational manuals and other technical documents – in one easy-to-navigate resourceThe app complements theCompendium of WHO malaria guidance, published in April 2018, and adedicated policy guidance sectionon the WHO website",adedicated,What section of WHO's policy guidance is on the WHO website?,"['Obesedicated', ' policy guidance', 'adcluded']"
1527,"Download the app for iOS devices | Download the app for Android devicesArtemisinin resistance in RwandaAs you may have seen, Nature Medicine recently published an article confirming the emergence in Rwanda of parasites with mutations associated with artemisinin partial resistance The study found, at the same time, that artemisinin-based combinationtherapy (ACT) continues to be an effective treatment for malariaThis article was co-authored by WHO and is based on data generated by WHO surveillance systems",WHO surveillance systems,What is ACT based on?,"['Artisanin In therapy', 'Artemisinins resistance in Tanzania', 'ARTemisinina resistance']"
1528," Importantly, the parasites emerged independently in Rwanda and did not spread directly from the Greater Mekong Subregion, as some had predictedUnfortunately, some news articles have misrepresented the key findings and implications of the study Together with our malaria partners, we have been working to reinforce the message that ACTs – at this point in time – continue to be an effectivetreatment for malaria in all settings around the world, including Rwanda",Rwanda,Where did parasites emerge independently?,"['The Greater Mekong sub region', 'How did malaria occur?', 'As far as malaria was concerned']"
1529," We encourage you to read an information note on this issue developed by Medicines for Malaria Venture as well as our WHO Q&ANine CEPI-supported candidate vaccines are part of the COVAX initiative, with a further nine candidates under evaluation, and procurement conversations on-going with additional producers not currently receiving research and development (R&D) funding through COVAX – giving COVAX the largest and most diverse COVID-19 vaccine portfolio in the world80 potentially self-financing countries have submitted non-binding expressions of interest to the Gavi-coordinated COVAX Facility, joining 92 low- and middle-income economies that are eligible to be supported by the COVAX Advance Market Commitment (AMC)Goal of bringing the pandemic under control via equitable access to COVID-19 vaccines needs urgent, broadscale commitment and investment from countries172 economies are now engaged in discussions to potentially participate in COVAX, a global initiative aimed at working with vaccine manufacturers to provide countries worldwide equitable access to safe and effective vaccines,once they are licensed and approved COVAX currently has the world’s largest and most diverse COVID-19 vaccine portfolio - including nine candidate vaccines, with a further nine under evaluation and conversations underway with other mayor producers",nine,How many candidates are under evaluation?,"['twelve', 'Twenty', 'twice and nine candidates']"
1530,"COVAX, the vaccines pillar of the Access to COVID-19 Tools (ACT) Accelerator, is co-led by the Coalition for Epidemic Preparedness Innovations (CEPI), Gavi, the Vaccine Alliance, and the World Health Organization (WHO) – working in partnership withdeveloped and developing country vaccine manufacturers It is the only global initiative that is working with governments and manufacturers to ensure COVID-19 vaccines are available worldwide to both higher-income and lower-income countriesIn order to be able to secure enough doses of vaccines to protect the most vulnerable populations, such as health workers and the elderly, the next step for the partnership is to confirm potential self-financing participants’ intent to participateby 31 August and to turn these into binding commitments to join the COVID-19 Vaccine Global Access Facility (COVAX Facility) by 18September, with first upfront payments to follow thereafter, and no later than 9October 2020",COVAX,What is the vaccines pillar of the Access to COVID-19 Tools Accelerator?,"['Vaccine Global access Practice', ' COUV - 19', 'VioX']"
1531,"“Equal access to a COVID-19 vaccine is the key to beating the virus and paving the way for recovery from the pandemic,” said Stefan Löfven, Prime Minister of Sweden “This cannot be a race with a few winners, and the COVAX Facilityis an important part of the solution – making sure all countries can benefit from access to the world’s largest portfolio of candidates and fair and equitable distribution of vaccine doses”The COVAX Facility is a Gavi-coordinated pooled procurement mechanism for new COVID-19 vaccines, through which COVAX will ensure fair and equitable access to vaccines for each participating economy, using an allocation framework currently being formulatedby WHO",WHO,Who is currently developing the allocation framework for COVID-19 vaccines?,"['The COUV-19 vaccine', 'The CODAX facilities', 'A single country, CODAX and WHO']"
1532," The COVAX Facility will do this by pooling buying power from participating economies and providing volume guarantees across a range of promising vaccine candidates, allowing those vaccine manufacturers whose expertise is essential to largescale production of the new vaccines, to make early, at-risk investments in manufacturing capacity – providing participating countries and economies with the best chance at rapid access to doses of a successful COVID-19 vaccine The success of COVAX hinges not only on countries signing up to the COVAX Facility, but also filling key funding gaps for both COVAX R&D work and a mechanism to support participation of lower-income economies in the COVAX Facility “COVID-19 is an unprecedented global health challenge that can only be met with unprecedented cooperation between governments, researchers, manufacturers and multilateral partners,” said Dr Tedros Adhanom Ghebreyesus, Director-General of WHO",Dr Tedros Adhanom Ghebreyesus,Who is the Director-General of WHO?,"['The Director-General of WHO', 'The VioX Programme', 'The leader in charge of the CO VIX program']"
1533,"“By pooling resources and acting in solidarity through the ACT Accelerator and the COVAX Facility, we can ensure that once a vaccine is available for COVID-19, it’s available equitably to all countries”CEPI is leading COVAX vaccine research and development work, which aims to develop three safe and effective vaccines which can be made available to countries participating in the COVAX Facility Nine candidate vaccines are currently being supported byCEPI; seven of which are currently in clinical trials",seven,How many vaccines are currently in clinical trials?,"[' nine', 'five', 'seven of them are supported by the CO VIX facilities']"
1534," Governments, vaccine manufacturers (in addition to their own R&D), organizations and individuals have committed US$ 14 billion towards vaccine R&D so far, but an additional US$1 billion is urgently neededto continue to move the portfolio forward A further nine candidates vaccines which complement the current CEPI portfolio are currently being evaluated for inclusion in COVAX",COVAX,Where are nine candidates vaccines currently being evaluated for inclusion in the CEPI portfolio?,"['Vaccine manufacturers', ' nine candidates', 'R&D']"
1535," Furthermore, COVAX will consider procuring vaccines that complement the portfolio from any producer in the world;conversations are already underway with a number of additional manufacturers not receiving R&D support from CEPI to procure their vaccines if they are successful Maximizing the portfolio of vaccines increases the probability of success as individualvaccines historically have a high failure rate“In the scramble for a vaccine, countries can act alone – creating a few winners, and many losers - or they can come together to participate in COVAX, an initiative which is built on enlightened self-interest but also equity, leaving no countrybehind,” said Richard Hatchett, CEO of CEPI",CEPI,Who will not receive R&D support from to procure vaccines?,"['COPI [', ' COKEV', 'CepI']"
1536," “Only by taking a global view can we protect those most at risk around the world from the terrible effects of this disease COVAX can deliver the vaccines that could end the pandemic, but itneeds countries to step forward both to join the COVAX Facility, and also to address the serious funding shortfalls, including for R&D The decisions that are taken now about COVID-19 vaccines have the power to change our future",COVID-19 vaccines,What are the decisions that are taken now about?,"['R&D', 'VioX', 'Vocuses on health']"
1537," We must be courageousand ambitious in striving for a multilateral solution”A collaboration between Serum Institute of India (SII), Gavi and the Bill & Melinda Gates Foundation announced earlier this month will ensure up to 100 million doses of AstraZeneca or Novavax’s candidate vaccines, if successful, will be available to low- and middle-income economies through the COVAX Facility at just US$ 3 per dose The arrangement also provides an optionto secure additional doses if COVAX sees a need for it",100 million,How many doses of AstraZeneca or Novavax's candidate vaccines will be available to low- and middle-income economies,"['up to 100 million people in India', 'How many boxes ofAstraffic vaccine will be available to low - and middle - middle - income economies', '85 million']"
1538," Separate agreements between Gavi, CEPI and AstraZeneca, announced in June, guarantee a further 300 million doses of their candidate vaccine, if successful, for the COVAX FacilityIn addition, in June Gavilaunchedthe COVAX Advance Market Commitment (AMC),a financing instrument aimed atsupporting the participation of 92 lowerand middleincome economies in the COVAX Facility TheCOVAXAMChas raisedmore thanUS$ 600 millionagainst an initial target of securing US$ 2 billionseed funding from sovereigndonorsas well asphilanthropy andthe private sector,needed by the end of 2020",300 million,"How many doses of the COVAX Facility are guaranteed by separate agreements between Gavi, CEPI and AstraZeneca?","['3,300 million dollars', '3 million', '1,500,000']"
1539,"Funding the COVAX AMC will be critical to ensuring ability to pay is not a barrier to accessing COVID-19 vaccines, a situation which would leavethemajority ofthe world unprotected, with the pandemic and its impact continuing unabatedEighty higher-income economies, which would finance the vaccines from their own public finance budgets, have so far submitted Expressions of Interest ahead of the deadline of 31 August for confirmation of intent to participate They will partner with 92 low-and middle-income countries that will be supported by the AMC if it meets its funding targets",92,How many low- and middle-income countries will the COVAX AMC partner with?,"['92 low-and middle markets mentioned', '11', 'Zoe - and middle - income Countries']"
1540," Together, this group of 172 countries represents more than 70% of the world’s population Among the group are representatives from every continentand more than half of the world’s G20 economies“The momentum we are witnessing behind this unprecedented global effort means there could be light at the end of the tunnel: A vaccine is our best route to ending the acute phase of the pandemic and the COVAX effort is the best way to get there,”said Dr Seth Berkley, CEO of Gavi, the Vaccine Alliance",172,How many countries represent 70% of the world's population?,"['70 countries', ""How many countries have the world's population?"", 'visited']"
1541," “For higher-income countries it represents a win-win: not only will you be guaranteed access to the world’s largest portfolio of vaccines, you will also be negotiating as part ofa global consortium, bringing down prices and ensuring truly global access Signing up to the COVAX Facility gives each country its best chance at protecting the most vulnerable members of their populations – which in turn gives the world itsbest chance at mitigating the toll this pandemic has taken on individuals, communities and the global economy To make this end-to-end vision a reality, we need countries to make end-to-end commitments: funding R&D, signing up to the Facility,and supporting the COVAX AMC",higher-income countries,For what type of countries is it a win-win?,"['Highland countries', 'high - achieving countries', 'high - income']"
1542,"”The COVAX Facility is coordinated by Gavi, the Vaccine Alliance, and forms a key part of COVAX – the vaccines pillar of the ACT Accelerator, a ground-breaking global collaboration involving vaccine manufacturers to accelerate the development, production,and equitable access to COVID-19 tests, treatments, and vaccines The overall aim of COVAX is to accelerate the development and manufacture of COVID-19 vaccines, and to guarantee fair and equitable access for every country in the world It will achievethis by sharing the risks associated with vaccine development, and where necessary investing in manufacturing upfront so vaccines can be deployed at scale as soon as they are proven to be safe and effective, and pooling procurement and purchasingpower to achieve sufficient volumes to end the acute phase of the pandemic by 2021",2021,By what year does COVAX begin to end the acute phase of the pandemic?,"['2021 or earlier.', ""1620 - to - 25 years'development"", 'By the end of the whole course of the pandemales']"
1543,"The goal of COVAX is by the end of 2021 to deliver two billion doses of safe, effective vaccines that have passed regulatory approval and/or WHO prequalification These vaccines will be offered equally to all participating countries, proportional to theirpopulations, initially prioritising healthcare workers then expanding to cover vulnerable groups, such as the elderly and those with pre-existing conditions Further doses will then be made available based on country need, vulnerability and COVID-19threat",two billion,"How many doses of safe, effective vaccines will COVAX deliver by 2021?","['Two billion', 'One billion', 'two years']"
1544," The COVAX Facility will also maintain a buffer of doses for emergency and humanitarian use, including dealing with severe outbreaks before they spiral out of control---------------------------------------------Notes to editorsThe full list of CEPI-supported candidate vaccines is as follows:Inovio, United States of America (Phase I/II)Moderna, United States of America (Phase III)CureVac, Germany (Phase I)Institut Pasteur/Merck/Themis, France/ United States of America /Austria (Preclinical)AstraZeneca/University of Oxford, United Kingdom of Great Britain and Northern Ireland (Phase III)University of Hong Kong, China (Preclinical)Novavax, United States of America (Phase I/II)Clover Biopharmaceuticals, China (Phase I)University of Queensland/CSL, Australia (Phase I)The nine candidate vaccines that are currently being evaluated for inclusion in the COVAX Facility include two from China, two from the United States of America, one from Republic of Korea, one from the United Kingdom of Great Britain and Northern Ireland and one global, multi-manufacture partnership Two of these are in Phase I trials, two are tech transfers and the remainder are at the discovery stage",two,How many candidate vaccines are currently being evaluated for inclusion in the COVAX Facility?,"['Two', 'four from China', 'two from the United Kingdom of Great Britain and Northern Ireland']"
1545,"The 80 countries that have submitted expressions of interest to the Gavi-coordinated COVAX Facility include 43 that have agreed to be publicly named: Andorra, Argentina, Armenia, Botswana, Brazil, Canada, Chile, Colombia, Croatia, Czech Republic, Dominican Republic, Estonia, Finland, Greece, Iceland, Iraq, Ireland, Israel, Japan, Jordan, Kuwait, Lebanon, Luxembourg, Mauritius, Mexico, Monaco, Montenegro, New Zealand, North Macedonia, Norway, Palau, Portugal, Qatar, Republic of Korea, San Marino, Saudi Arabia, Seychelles, Singapore, South Africa, Switzerland, United Arab Emirates, United Kingdom of Great Britain and Northern Ireland and VenezuelaIn July the Gavi Board agreed on the 92 economies that will be supported the COVAX Advance Market Commitment (AMC) The full list is as follows:Low income: Afghanistan, Benin, Burkina Faso, Burundi, Central African Republic, Chad, Democratic Republic of the Congo, Eritrea, Ethiopia, Gambia, Guinea, Guinea-Bissau, Haiti, Democratic People's Republic of Korea, Liberia, Madagascar, Malawi, Mali, Mozambique, Nepal, Niger, Rwanda, Sierra Leone, Somalia, South Sudan, Syrian Arab Republic, Tajikistan, Togo, Uganda, United Republic of Tanzania and Yemen",43,How many countries have submitted expressions of interest to the COVAX Facility?,"['28', '21', '16']"
1546,"Lower-middle income: Angola, Algeria, Bangladesh, Bhutan, Bolivia, Cabo Verde, Cambodia, Cameroon, Comoros, Congo, Côte d'Ivoire, Djibouti, Egypt, El Salvador, Eswatini, Ghana, Honduras, India, Indonesia, Kenya, Kiribati, Kyrgyztan, Lao People’s Democratic Republic, Lesotho, Mauritania, Micronesia, Moldova, Mongolia, Morocco, Myanmar, Nicaragua, Nigeria, Pakistan, Papua New Guinea, Philippines, São Tomé and Principe, Senegal, Solomon Islands, Sri Lanka, Sudan, Timor-Leste, Tunisia, Ukraine, Uzbekistan, Vanuatu, Vietnam, West Bank and Gaza, Zambia and ZimbabweAdditional IDA eligible: Dominica, Fiji, Grenada, Guyana, Kosovo, Maldives, Marshall Islands, Samoa, St Vincent and the Grenadines, Tonga and TuvaluAbout Gavi, the Vaccine AllianceGavi, the Vaccine Alliance is a public-private partnership that helps vaccinate half the world’s children against some of the world’s deadliest diseases",half,How many of the world's children are vaccinated?,"['Half', ""Half of the world's children"", 'Two']"
1547," Since its inception in 2000, Gavi has helped to immunise a whole generation – over 760 million children – and prevented more than 13 million deaths, helping to halve child mortality in 73 developing countries Gavi also plays a key role in improving global health security by supporting health systems as well as funding global stockpiles for Ebola, cholera, meningitis and yellow fever vaccinesAfter two decades of progress, Gavi is now focused on protecting the next generation andreaching the unvaccinated children still being left behind, employing innovative finance and the latest technology – from drones to biometrics – to save millions more lives, prevent outbreaks before they can spread and help countries on the road to self-sufficiency",over 760 million,How many children have Gavi helped to immunise since 2000?,"['70 developing countries', '3 million', 'by helping African countries']"
1548,"About CEPICEPI is an innovative partnership between public, private, philanthropic, and civilorganisations, launched at Davos in 2017, to develop vaccines to stop future epidemics CEPI has moved with great urgency and in coordination with WHO in response to the emergence of COVID-19 CEPI has initiatedninepartnerships to develop vaccines against the novel coronavirus",vaccines against the novel coronavirus,What has CEPI initiatedinepartnerships to develop?,"['vaccines to stop future pandics', 'Vaccines against the novelbull virus', 'it is to develop vaccines against the novel carnivals']"
1549," Theprogrammesare leveraging rapid response platforms already supported by CEPI as well as new partnerships Before the emergence of COVID-19, CEPI’s priority diseases included Ebola virus, Lassa virus, Middle East Respiratory Syndrome coronavirus,Nipahvirus, Rift Valley Fever and Chikungunya virus CEPI also invested in platform technologies that can be used for rapid vaccine and immunoprophylactic development against unknown pathogens (Disease X)",Theprogrammesare,What is leveraging rapid response platforms already supported by CEPI?,"['CEPI', 'Cepi', 'CepI']"
1550,"About WHOThe World Health Organization provides global leadership in public health within the United Nations system Founded in 1948, WHO works with194 Member States, across six regions and from more than 150 offices,to promote health, keep the world safe and serve the vulnerable Our goal for 2019-2023 is to ensure that a billion more people have universal health coverage, to protect a billion more people from health emergencies, and provide a further billion people with better health and wellbeing",to ensure that a billion more people have universal health coverage,What is the goal of the World Health Organization for 2019-2023?,"['to protect a billion people from health emergencies', 'to help a lot of people in poor health', 'To protect a world safe and serve the vulnerable']"
1551,"For updates on COVID-19 and public health advice to protect yourself from coronavirus, visitwwwintand follow WHO onTwitter,Facebook,Instagram,LinkedIn,TikTok,Pinterest,Snapchat,YouTubeThefourthmeeting of the Emergency Committee convened by the WHO Director-General under the International Health Regulations (IHR) (2005) regarding the coronavirus disease (COVID-19) took place onFriday, 31July 2020 from 12:00to17:45Geneva time (CEST)","Friday, 31July 2020",On what date did the fourth meeting of the Emergency Committee take place?,[]
1552,"Proceedings of the meetingMembers and advisors of the Emergency Committeewere convened by videoconferenceThe Director-General welcomed the Committee, highlighted the advances in global understanding of the SARS-CoV-2 virus since the declaration of the public health emergency of international concern (PHEIC) on 30 January 2020, and outlined key areas wherefurther attention by the Emergency Committees is neededRepresentatives of the legal department and the Department of Compliance, Risk Management, and Ethics (CRE) briefed the members on their roles and responsibilities",30 January 2020,When was the public health emergency of international concern declared?,"['30 January 2016 - 30 January 2020 ( )', '30 January 2017- 30 January 2020- 30 January 2020- 30 January 2020-u', 'before the declared of the public health emergency of international concern']"
1553," The Ethics Officer from CRE provided the members and advisers with an overview of theWHO Declaration of Interest process The members and advisers were made aware of their individual responsibility to disclose to WHO, in a timely manner, any interests of a personal, professional, financial, intellectual or commercial nature that maygive rise to a perceived or direct conflict of interest They were additionally reminded of their duty to maintain the confidentiality of the meeting discussions and the work of the committee",the committee,Who were members and advisers reminded of their duty to maintain the confidentiality of the meeting discussions and the work of?,"['the members of the committee', 'The members', 'The members and stones of the committee.']"
1554," Each member who was present was surveyed and no conflictsof interest were identifiedThe Secretariat turned the meeting over to the Chair, Professor Didier HoussinProfessor Houssin also welcomed the Committee and reviewed the objectives and agenda of the meeting",the Chair,Who did the Secretariat turn the meeting over to?,"['Professor Didier Houssin', 'the chair', 'The members of Houssin']"
1555,"The WHO Regional Emergency Directors and the Executive Director of the WHO Health Emergencies Programme (WHE) provided regional and the global situation overview WHO continues to assess the global risk level of COVID-19 to be very high Dr David Heymann,chair of the WHE Strategic and Technical Advisory Group for Infectious Hazards (STAG-IH), presented on national best practices and global COVID-19 experiences",Dr David Heymann,Who was the chair of the WHE Strategic and Technical Advisory Group for Infectious Hazards?,"['The WHO regional Emergency directors', 'The WHO Office', ""The WHO's technical Services""]"
1556, Dr Johanna Jordaan presented an overview of the International Civil Aviation Organization(ICAO) Council Aviation Recovery Taskforce (CART)’s report and public health focused recommendationsThe Committee expressed appreciation for WHO and partners’ COVID-19 pandemic response efforts The Committee noted progress made on the Temporary Recommendations issued on 1 May 2020 and examined additional areas that require further attention,Dr Johanna Jordaan,Who presented an overview of the CART report?,"['Who wrote the CART report?', 'The International Civil Aviation Organization', ""Jordain's work""]"
1557,"The Committee highlighted the anticipated lengthy duration of this COVID-19 pandemic, noting the importance of sustained community, national, regional, and global response efforts The Committee encouraged all individuals, in particular young people, and communities to continue to play an active role in preventing and controlling transmission of COVID-19 The Committee recognized that State Parties should enable and support communitiesand individuals and thus build trust in governments’ response measures","the importance of sustained community, national, regional, and global response efforts",What did the Committee note about the duration of the COVID-19 pandemic?,"['the length of the pandemic', 'the limited time for the development of the COided-19 virus -19 pand virus.', 'the thought of all people in the whole world in preventing and controlling of the pandem']"
1558,"After ensuing discussion, the Committee unanimously agreed that the pandemic still constitutes a public health emergency of international concern and offered advice to the Director-GeneralThe Director-General declared that the outbreak of COVID-19 continues to constitute a PHEIC He accepted the advice of the Committee to WHO and issued the Committee’s advice to States Parties as Temporary Recommendations under the IHR (2005)",the Committee unanimously agreed that the pandemic still constitutes a public health emergency of international concern,What did the Committee agree about the pandemic?,"['the pandemic still requires advice to the Director-General', 'The Chinese government has been strongly against the construction of the pandine', 'the Pardo was sent to the IHK as a PHEIC']"
1559,"The Emergency Committee will be reconvened within three months,at the discretion of the Director-GeneralThe Director-General thanked the Committee for its workAdvice to the WHO SecretariatContinue to distill and rapidly communicate lessons learned and best practices from the COVID-19 pandemic and national intra-action reviews",three months,How long will the Emergency Committee be reconvened?,"['two months', 'four months', 'two years and three months']"
1560,"Continue to coordinate and mobilize global and regional multilateral organizations, partners and networks for robust political commitment and resourcing of COVID-19 pandemic preparedness and response, including for development of vaccines and therapeuticsProvide nuanced, pragmatic guidance on criteria for appropriate COVID-19 response activities to reduce the risk of response fatigue in the context of socio-economic pressuresContinue to support State Parties and partners in conducting active and community-based COVID-19 surveillance, through technical and operational resources, such as guidance, tools, and trainings on case definitions and identification, contact tracing,and death certifications; encourage State Parties to continue reporting relevant data to WHO through platforms such as the Global Influenza Surveillance and Response System",Global Influenza Surveillance and Response System,What platform encourages State Parties to continue reporting relevant data to WHO?,"[' COUV-19 pandemic preparedness and response', 'Countries and national organizations', ' State Parties and partners']"
1561," Accelerate research into remaining SARS-CoV-2 critical unknowns, such as the animal source and potential animal reservoirs, and improve understanding of the epidemiology and severity of COVID-19 (including its long-term health effects; viral dynamicssuch as modes of transmission, shedding, potential mutations; immunity and correlates of protection; co-infection; as well as risk factors and vulnerabilities) and the effectiveness of public health measuresContinue to work with partners to counter mis/disinformation and infodemics by developing and disseminating clear, tailored messaging on the COVID-19 pandemic and its effects; encourage and support individuals and communities to follow recommendedpublic health and social measuresSupport diagnostics, safe and effective therapeutics and vaccines’ rapid and transparent development (including in developing countries) and equitable access through the Access to COVID-19 Tools (ACT) Accelerator; support all countries to implementthe necessary clinical trials and to prepare for the rollout of therapeutics and vaccines",the animal source and potential animal reservoirs,What are some of the critical unknowns of SARS-CoV-2?,"['the disease and its long- term health effects', 'the human body and the animal', 'the physical and social effects of CO&V-2']"
1562,"Work with partners to revise WHO’s travel health guidance to reinforce evidence-informed measures consistent with the provisions of the IHR (2005) to avoid unnecessary interference with international travel; proactively and regularly share informationon travel measures to support State Parties’ decision-making for resuming international travelSupport State Parties, particularly vulnerable countries, in strengthening their essential health services and accompanying supply chains as well as preparing for and responding to concurrent outbreaks, such as seasonal influenzaTemporary recommendations to State PartiesShare best practices, including from intra-action reviews, with WHO; apply lessons learned from countries that are successfully re-opening their societies (including businesses, schools, and other services) and mitigating resurgence of COVID-19",COVID-19,What is the resurgence of countries that are successfully re-opening their societies?,"['UNESCO-19-II', ' state Parties', ' State Parties']"
1563,"Support multilateral regional and global organizations and encourage global solidarity in COVID-19 responseEnhance and sustain political commitment and leadership for national strategies and localized response activities driven by science, data, and experience; engage all sectors in addressing the impacts of the pandemicContinue to enhance capacity for public health surveillance, testing, and contact tracing",COVID-19,What is the name of the response that encourages global solidarity?,"['MOQ-16', 'Ways of globalarity', ""China's call for worldwidearity""]"
1564,"Share timely information and data with WHO on COVID-19 epidemiology and severity, response measures, and on concurrent disease outbreaks through platforms such as the Global Influenza Surveillance and Response SystemStrengthen community engagement, empower individuals, and build trust by addressing mis/disinformation and providing clear guidance, rationales, and resources for public health and social measures to be accepted and implemented Engage in the Access to COVID-19 Tools (ACT) Accelerator, participate in relevant trials, and prepare for safe and effective therapeutic and vaccine introduction",WHO,Who share timely information and data on COVID-19 epidemiology and severity with?,"['who share information and data with WHO', 'who share the data on COUV-19', ' COided']"
1565,"Implement, regularly update, and share information with WHO on appropriate and proportionate travel measures and advice, based on risk assessments; implement necessary capacities, including at points of entry, to mitigate the potential risks of internationaltransmission of COVID-19 and to facilitate international contact tracingMaintain essential health services with sufficient funding, supplies, and human resources; prepare health systems to cope with seasonal influenza, other concurrent disease outbreaks, and natural disastersA zoonosis is an infectious disease that has jumped from a non-human animal to humans",zoonosis,What is an infectious disease that has jumped from a non-human animal to humans?,"['exposure to a non - human animal', 'An infectious disease', 'The infectious disease that has jumped from non- human animals to humans']"
1566," Zoonotic pathogens may be bacterial, viral or parasitic, or may involve unconventional agents and can spread to humans through direct contact or through food, water or the environment They represent a major public health problem around the world due to our close relationship with animals in agriculture, as companions and in the natural environment Zoonoses can also cause disruptions in the production and trade of animal products for food and other uses","food, water or the environment",How can zoonoses spread to humans?,"['food from animals', 'Food, water, animal products or environment', 'the production and trade of animal products']"
1567," Zoonoses comprise a large percentage of all newly identified infectious diseases as well as many existing ones Some diseases, such as HIV, begin as a zoonosis but later mutate into human-only strains Other zoonoses can cause recurring disease outbreaks, such as Ebola virus disease and salmonellosis",recurring disease outbreaks,What can zoonoses cause?,"['recording new infectious diseases', 'babies infected with HIV', 'bacterial disease and Salion disease']"
1568," Still others, such as the novel coronavirus that causes COVID-19, have the potential to cause global pandemicsPrevention and controlPrevention methods for zoonotic diseases differ for each pathogen; however, several practices are recognized as effective in reducing risk at the community and personal levels Safe and appropriate guidelines for animal care in the agricultural sector help to reduce the potential for foodborne zoonotic disease outbreaks through foods such as meat, eggs, dairy or even some vegetables",foodborne zoonotic disease outbreaks,What is the potential of zoonotic disease outbreaks?,"['food supply and animal care', 'food supply to cause disease outbreaks', 'food related to zoonotic diseases']"
1569," Standards for clean drinking water and waste removal, as well as protections for surface water in the natural environment, are also important and effective Education campaigns to promote handwashing after contact with animals and other behavioural adjustments can reduce community spread of zoonotic diseases when they occurAntimicrobial resistance is a complicating factor in the control and prevention of zoonoses",Antimicrobial resistance,What is a complicating factor in the control and prevention of zoonoses?,"['Clean drinking water and waste removal', 'Ways of protection for surface water', 'The control and prevention of zoonoses']"
1570," The use of antibiotics in animals raised for food is widespread and increases the potential for drug-resistant strains of zoonotic pathogens capable of spreading quickly in animal and human populationsWho is at risk?Zoonotic pathogens can spread to humans through any contact point with domestic, agricultural or wild animals Markets selling the meat or by-products of wild animals are particularly high risk due to the large number of new or undocumented pathogens known to exist in some wild animal populations",antibiotics,What does the use of in animals raised for food increase the potential for drug-resistant strains of zoonotic pathogens?,"['bacteria', 'Zoonotic bacteria', 'antibacterial bacteria']"
1571," Agricultural workers in areas with a high use of antibiotics for farm animals may be at increased risk of pathogens resistant to current antimicrobial drugs People living adjacent to wilderness areas or in semi-urban areas with higher numbers of wild animals are at risk of disease from animals such as rats, foxes or raccoons Urbanization and the destruction of natural habitats increase the risk of zoonotic diseases by increasing contact between humans and wild animals",zoonotic diseases,"What is the risk of animals such as rats, foxes or raccoons?","['Zoonotic diseases', 'Animals', ""Animals'disease against humans""]"
1572,"WHO ResponseWHO works with national governments, academia, non-governmental and philanthropic organizations, and regional and international partners to prevent and manage zoonotic threats and their public health, social and economic impacts These efforts include fostering cross-sectoral collaboration at the human-animal-environment interface among the different relevant sectors at regional, national and international levels WHO also works to develop capacity and promote practical, evidence-based and cost-effective tools and mechanisms for zoonoses prevention, surveillance and detection through reporting, epidemiological and laboratory investigation, risk assessment and control, and assisting countries in their implementation",fostering cross-sectoral collaboration,What is one of WHO's efforts to prevent and manage zoonotic threats?,"['promoting practical, evidence- based and cost-effective tools and mechanisms for zoonoses prevention', 'encouraging governments to join in the task', 'failing to provide effective tools for zoonotic protection']"
1573,"As part of the One Health approach, the World Health Organization collaborates with the Food and Agriculture Organization of the United Nations (FAO) and the World Organisation for Animal Health (OIE) on the Global Early Warning System for Major Animal Diseases (GLEWS) This joint system builds on the added value of combining and coordinating alert mechanisms of the three agencies to assist in early warning, prevention and control of animal disease threats, including zoonoses, through data sharing and risk assessmentLaunching today, the COVID-19 Law Lab initiative gathers and shares legal documents from over 190 countries across the world to help states establish and implement strong legal frameworks to manage the pandemic",the One Health approach,What approach does the World Health Organization collaborate with the Food and Agriculture Organization of the United Nations (FAO) and the World Organisation for Animal Health (O,"['the World Health Organization', 'the Food and Agriculture Organization of the United Nations', 'the Global early Warning System for Major Animal Diseases']"
1574," The goal is to ensure that laws protect the health and wellbeing of individuals and communities and that they adhere to international human rights standardsorg) is a joint project of United Nations Development Programme (UNDP), the World Health Organization (WHO), the Joint United Nations Programme on HIV/AIDS (UNAIDS) and the O’Neill Institute for National and Global Health Law at Georgetown UniversityWell-designed laws can help build strong health systems; evaluate and approve safe and effective drugs and vaccines; and enforce actions to create healthier and safer public spaces and workplaces",O’Neill Institute for National and Global Health Law,What is the name of the Georgetown University Institute for National and Global Health Law?,"[' Georgetown University', 'G Georgetown University. Ks5u', 'The Global Health Law']"
1575," Critically, they are key to effective implementation of the WHO International Health Regulations: surveillance; infection prevention and control; management of travel and trade; and implementation of measures to maintain essential health services“Laws and policies that are grounded in science, evidence and human rights can enable people to access health services, protect themselves from COVID-19 and live free from stigma, discrimination and violence,” says Achim Steiner, UNDP Administrator “The COVID-19 Law Lab is an important tool for sharing good practices on laws and policies",the WHO International Health Regulations,What is the key to effective implementation of?,"['the measures to maintain essential health services', 'the measures of preventing disease and good practices', 'a law about health']"
1576,"”The COVID-19 pandemic has seen a vast increase in urgent legislative action to control and reduce the pandemic“Strong legal frameworks are critical for national COVID-19 responses,” said Dr Tedros Adhanom Ghebreyesus, WHO Director-General",Dr Tedros Adhanom Ghebreyesus,Who is the WHO Director-General?,"['The WHO Director-General', 'Dr DavidrosAdhanom Fheb Space', 'A TedrosAdhanom Nheb reesus, WHO Director-General']"
1577,"“Laws that impact health often fall outside the health sector As health is global, legal frameworks should be aligned with international commitments to respond to current and emerging public health risks A strong foundation of law for health is more important now than ever before",health,What type of law often falls outside of the health sector?,"['laws for health', 'laws in the health care field', 'the health care']"
1578,"”However, laws that are poorly designed, implemented, or enforced can harm marginalized populations, entrench stigma and discrimination, and hinder efforts to end the pandemic“Harmful laws can exacerbate stigma and discrimination, infringe on people’s rights and undermine public health responses,” according to Winnie Byanyima, Executive Director of UNAIDS “To ensure responses to the pandemic are effective, humane and sustainable, governments must use the law as a tool to uphold the human rights and dignity of people affected by COVID-19",UNAIDS,Who is Winnie Byanyima Executive Director of?,"['Winnie Byanyima', 'Harmful laws', 'Laws']"
1579,"”The COVID-19 Law Lab is a database of laws that countries have implemented in response to the pandemic It includes state of emergency declarations, quarantine measures, disease surveillance, legal measures relating to mask-wearing, social distancing, and access to medication and vaccines The database will continue to grow as more countries and themes are added",COVID-19 Law Lab,What is a database of laws that countries have implemented in response to the pandemic?,"['A database of laws that countries have done in response to the pandemic', 'A database of laws in the world.', 'A law against the pandemic']"
1580,"It will also feature research on different legal frameworks for COVID-19 These analyses will focus on the human rights impacts of public health laws and help countries identify best practices to guide their immediate responses to COVID-19 and socioeconomic recovery efforts once the pandemic is under control It builds off the work of the UHC Legal Solutions Network, which was established to help countries achieve universal health coverage through the implementation of rights-based legal frameworks",UHC Legal Solutions Network,What organization was established to help countries achieve universal health coverage through the implementation of rights-based legal frameworks for COVID-19?,"['A law organization', 'A law bodies for COided-19', 'A company for Health care']"
1581,"“We need to track and evaluate how laws and policies are being used during the Pandemic to understand what works,” said Dr Kavanagh, faculty in Georgetown University’s Department of International Health Katie Gottschalk, Executive Director of the O’Neill Institute for National and Global Health Law at Georgetown University Law Center added, “We must learn lessons from the early stage of pandemic policies to implement the most effective laws going forward – the COVID-19 Law Lab allows us to do just that",COVID-19 Law Lab,What lab allows us to do exactly that?,"[' Georgetown University Law Center', 'G Georgetown University', 'The Law and policies']"
1582,"”About UNDPUNDP is the leading United Nations organization fighting to end the injustice of poverty, inequality, and climate change Working with ourbroad network of experts and partners in 170 countries, we help nations to build integrated, lasting solutions for people and planetorgor follow at @UNDP",UNDPUNDP,"Who is the leading United Nations organization fighting to end the injustice of poverty, inequality, and climate change?","['UNDP', 'Climate change', 'Climate Change']"
1583,"About WHOThe World Health Organization provides global leadership in public health within the United Nations system Founded in 1948, WHO works with194 Member States, across six regions and from more than 150 offices,to promote health, keep the world safe and serve the vulnerable Our goal for 2019-2023 is to ensure that a billion more people have universal health coverage, to protect a billion more people from health emergencies, and provide a further billion people with better health and wellbeing",to ensure that a billion more people have universal health coverage,What is the goal of the World Health Organization for 2019-2023?,"['to protect a billion people from health emergencies', 'to help a lot of people in poor health', 'To protect a world safe and serve the vulnerable']"
1584," For updates on COVID-19 and public health advice to protect yourself from coronavirus, visitwwwintand follow WHO onTwitter,Facebook,Instagram,LinkedIn,TikTok,Pinterest,Snapchat,YouTubeAbout UNAIDSThe Joint United Nations Programme on HIV/AIDS (UNAIDS) leads and inspires the world to achieve its shared vision of zero new HIV infections, zero discrimination and zero AIDS-related deaths UNAIDS unites the efforts of 11 UN organizations—UNHCR, UNICEF, WFP, UNDP, UNFPA, UNODC, UN Women, ILO, UNESCO, WHO and the World Bank—and works closely with global and national partners towards ending the AIDS epidemic by 2030 as part of the Sustainable Development Goals",2030,By what year will the AIDS epidemic end?,"['2025', 'When will the AIDS epidemic end?', 'By will the world AIDS epidemic stop completely']"
1585," Learn more atunaidsorgand connect with us onFacebook,Twitter,InstagramandYouTubeO’Neill Institute for National and Global Health Law and Georgetown UniversityThe O’Neill Institute, housed at Georgetown University, was established to create innovative solutions to the most pressing national and international health concerns, with the essential vision that the law has been, and will remain, a fundamental tool for solving critical health problems","the law has been, and will remain, a fundamental tool for solving critical health problems",What is the vision of the O’Neill Institute for National and Global Health Law?,"['the law is a tool for solving national and freedom of voice hereunder President president Lincoln Brown is carrying out his vision', 'it has been set up by Georgetown University', 'the law has been and will be as key as the health problem']"
1586," The Georgetown University Department of International Health is home to scholarship in public health, economics, political science, and medicine Georgetown’s Global Health Initiative serves as a university-wide platform for developing concrete solutions to the health challenges facing families and communities throughout the world Read more at oneillinstitute",oneillinstitute,Where can you read more about Georgetown's Global Health Initiative?,"[' GeorgetownUniversity', ' Georgetown University. ks5u', ' Georgetown University']"
1587,"org and connect with us on Twitter and FacebookAbout the UHC Legal Solutions NetworkThe COVID-19 Law lab is a product of the UHC Legal Solutions Network is a collaboration between the World Health Organization (WHO), the United Nations Development Programme (UNDP), the Joint United Nations Programme on HIV and AIDS (UNAIDS), the Inter-Parliamentary Union (IPU), and the O’Neill Institute for National and Global Health Law at Georgetown University The initiative aims to support countries to achieve universal health coverage by working with policymakers, civil society groups and other stakeholders to craft laws ensure that all people and communities have the right to access the promotive, preventive, curative, rehabilitative and palliative health services they need, of sufficient quality to be effective, while also ensuring that the use of these services does not expose the user to financial hardship",UHC Legal Solutions Network,What network is the COVID-19 Law lab?,"['UCollege of Health Sciences', 'U college of Law', 'Global Health Law']"
1588,"Seventy-five countries submit expressions of interest to COVAX Facility, joining up to 90 further countries which could be supported by the COVAX Advance Market Commitment (AMC)The COVAX Facility, and the AMC within it, is designed to guarantee rapid, fair and equitable access to COVID-19 vaccines for every country in the world, rich and poor, to make rapid progress towards slowing the pandemic Interest from governments representing more than 60% of the world’s population offers ‘tremendous vote of confidence’ in the effort to ensure truly global access to COVID-19 vaccines, once developedGeneva/London, 15 July 2020 – Seventy-five countries have submitted expressions of interest to protect their populations and those of other nations through joining the COVAX Facility, a mechanism designed to guarantee rapid, fairand equitable access to COVID-19 vaccines worldwideThe 75 countries, which would finance the vaccines from their own public finance budgets, partner with up to 90 lower-income countries that could be supported through voluntary donations to Gavi’s COVAX Advance Market Commitment (AMC) Together,this group of up to 165 countries represents more than 60% of the world’s population",165,How many countries represent more than 60% of the world's population?,"['66', ""accumulate 9.5 % of the world's population"", '70']"
1589," Among the group are representatives from every continent and more than half of the world’s G20 economies“COVAX is the only truly global solution to the COVID-19 pandemic,” said Dr Seth Berkley, CEO of Gavi, the Vaccine Alliance ““For the vast majority of countries, whether they can afford to pay for their own doses or require assistance,it means receiving a guaranteed share of doses and avoiding being pushed to the back of the queue, as we saw during the H1N1 pandemic a decade ago",COVAX,What is the only global solution to the COVID-19 pandemic?,"['Gchildren', 'H1N1 pandemic', 'Vaccine Association']"
1590," COVAX aims to accelerate the development and manufacture ofCOVID-19 vaccines, and to guarantee fair and equitable access for every country in the world It will achieve this by sharing the risks associated with vaccine development, investing in manufacturing upfront so vaccines can be deployed at scale as soon as they are proven successful, and pooling procurement and purchasing power to achieve sufficientvolumes to end the acute phase of the pandemic by 2021“This early level of interest represents a tremendous vote of confidence in COVAX and our shared goal to protect people around the globe through the fair allocation of a COVID-19 vaccine,” said Dr Richard Hatchett, CEO of CEPI",COVAX,Who aims to accelerate the development and manufacture of COVID-19 vaccines?,"['CepI', ' COUVX', 'Vitamin -19']"
1591," “COVAXoffers an innovative solution to the gravest public health crisis in living memory It will speed up the availability of safe and effective vaccines through early investment in manufacturing capacity, and maximise the chances of success by backinga broad and diverse portfolio of vaccine candidates Through COVAX our aspiration is to be able to vaccinate the most vulnerable 20% of the population of every country that participates, regardless of income level, by the end of 2021",2021,By what year does COVAX aim to vaccinate the most vulnerable 20% of the population of every country that participates?,"['20% of the population', '5020', '1650']"
1592," Ensuring fairaccess is not only a matter of equity; it is the fastest way to end this pandemic” The goal of COVAX is by the end of 2021 to deliver two billion doses of safe, effective vaccines that have passed regulatory approval and/or WHO prequalification These vaccines will be delivered equally to all participating countries, proportional totheir populations, initially prioritising healthcare workers then expanding to cover 20% of the population of participating countries Further doses will then be made available based on country need, vulnerability and COVID-19 threat",2021,"By what year will COVAX deliver two billion doses of safe, effective vaccines?","['5020', '50 % of the population', '50 %']"
1593," The COVAX Facilitywill also maintain a buffer of doses for emergency and humanitarian use, including dealing with severe outbreaks before they spiral out of control“The COVID-19 pandemic, like every health crisis, also presents us with opportunities,” said Dr Soumya Swaminathan, WHO Chief Scientist “A vaccine that is affordable and accessible to all will help us address systemic health inequalities",systemic health inequalities,What does Dr Soumya Swaminathan believe a vaccine that is affordable and accessible will help us address?,"['the health crisis', 'a vaccine that is affordable and available', 'the health care shortage']"
1594,"We need all countries to support COVAX to achieve this goal and bring an end to the acute phase of the pandemic”The success of these efforts will ultimately depend on securing enough funding from governments and commitments from vaccine manufacturers to participate at a scale large enough to deliver a global solution The formal expressions of interest submittedare non-binding; the COVAX pillar will now begin a process of consultation with all 165 countries, with countries funding vaccines through their own domestic budgets being required to provide an upfront payment and a commitment to purchase doses bythe end of August to secure involvement in the COVAX Facility",165,How many countries will the COVAX pillar begin a process of consultation with?,"['Countries', 'Over 150 countries', '50 - 60 countries']"
1595," Significant progress has been achieved by the COVAX partners to date, with seven of the nine candidate vaccines supported by CEPI already in clinical trials A memorandum of understanding with AstraZeneca also commits them to supply 300 million dosesof COVID-19 vaccines to COVAX In addition, in June Gavi launched the COVAX Advance Market Commitment (AMC), a financing instrument aimedat incentivising vaccine manufacturers to produce sufficient quantities of eventual COVID-19 vaccines to ensure access for developing countries",300 million,How many doses of COVID-19 vaccines does AstraZeneca commit to supply to COVAX?,"['3,300 million.', '5 percent', '300 \n000']"
1596," The AMC has already raised close to US$ 600 million against an initial target of US$ 2 billion from highincome donors as well as the private sector The Gavi Alliance will also work with the developing countries to assure readiness of supply and cold chain and training to reach high risk groupsNotes to editorsThe countries submitting expressions of interest include Argentina, Armenia, Brazil, Canada, Czech Republic, Estonia, Finland, Iceland, Ireland, Israel, Japan, Kuwait, Luxembourg, Mauritius, Mexico, Monaco, Montenegro, New Zealand, North Macedonia, Norway, Portugal, Qatar, Republic of Korea, San Marino, Saudi Arabia, Switzerland, United Arab Emirates and the United Kingdom",US$ 600 million,How much has the AMC raised?,[]
1597,"In addition to the 75 potentially self-financing countries that have submitted Expressions of Interest in the COVAX Facility, 20 Gavi COVAX AMC-eligible countries have also voluntarily submitted Expressions of InterestThe proposed list of 90 AMC-eligible countries includes existing Gavi-supported countries, former Gavi-supported countries and IDA-eligible small economies The full list is subject to approval by the Gavi Board and will be released once approved",the Gavi Board,Who approves the full list of 90 AMC-eligible countries?,"['the Gchildren', 'the Gavio - supported countries', 'an independent country']"
1598," View the full list of donor governments and other leading organizations that fund Gavi’s workhereAbout CEPICEPI is an innovative partnership between public, private, philanthropic, and civilorganisations, launched at Davos in 2017, to develop vaccines to stop future epidemics CEPI has moved with great urgency and in coordination with WHO in responseto the emergence of COVID-19",COVID-19,What is the name of the vaccine that CEPI has moved with great urgency and in coordination with WHO in response to?,"['G powers', 'CepI', 'Cepi and WHO']"
1599," CEPI has initiatedninepartnerships to develop vaccines against the novel coronavirus Theprogrammesare leveraging rapid response platforms already supported by CEPI as well as new partnershipsBefore the emergence of COVID-19, CEPI’s priority diseases included Ebola virus, Lassa virus, Middle East Respiratory Syndrome coronavirus,Nipahvirus, Rift Valley Fever and Chikungunya virus",vaccines against the novel coronavirus Theprogrammesare,What is the name of the novel coronavirus?,"['Virus', 'Viruses of the novel carnavirus', 'Virus against the novel CEPI']"
