,context,answer,question,distractor
1700," “What we know now, however, is that not only are people with NCDs more vulnerable to becoming seriously ill with the virus, but many are unable to access the treatment they need to manage their illnesses It is very important not only that care for people living with NCDs is included in national response and preparedness plans for COVID-19 -̶ but that innovative ways are found to implement those plans  We must be ready to “build back better” ̶ strengthening health services so that they are better equipped to prevent, diagnose and provide care for NCDs in the future, in any circumstances",COVID-19,What is the national response and preparedness plan for NCDs?,"['National response and preparedness plan', 'N CDs', 'National response and preparedness plans for N CDs']"
1701,"”Editor’s noteNoncommunicable diseases kill 41 million people each year, equivalent to 71% of all deaths globally Each year, 15 million people die from an NCD between the ages of 30 and 69 years; more than 85% of these ""premature"" deaths occur in low- and middle-income countriesWHO and Costa Rica launch landmark COVID-19 Technology Access PoolThirty countries and multiple international partners and institutions have signed up to support the COVID-19 Technology Access Pool (C-TAP) an initiative aimed at making vaccines, tests, treatments and other health technologies to fight COVID-19 accessible to all",15 million,How many people die from an NCD between the ages of 30 and 69 years?,[]
1702,"“Global solidarity and collaboration are essential to overcoming COVID-19,” said WHO Director-General Dr Tedros Adhanom Ghebreyesus “Based on strong science and open collaboration, this information-sharing platform will help provide equitable access to life-saving technologies around the world”The COVID-19 (Technology) Access Pool will be voluntary and based on social solidarity",social solidarity,What will the COVID-19 (Technology) Access Pool be based on?,"['International friendship', 'International co - operation', 'all kinds of social justice']"
1703," It will provide a one-stop shop for scientific knowledge, data and intellectual property to be shared equitably by the global communityThe aim is to accelerate the discovery of vaccines, medicines and other technologies through open-science research, and to fast-track product development by mobilizing additional manufacturing capacity This will help ensure faster and more equitable access to existing and new COVID-19 health products","vaccines, medicines and other technologies",What is the aim of open-science research?,"['Vaccines and other technologies', 'Open-science development', 'The development of science and technology']"
1704,"There are five key elements to the initiative:Public disclosure of gene sequences and data;Transparency around the publication of all clinical trial results;Governments and other funders are encouraged to include clauses in funding agreements with pharmaceutical companies and other innovators about equitable distribution, affordability and the publication of trial data;Licensing any potential treatment, diagnostic, vaccine or other health technology to the Medicines Patent Pool - a United Nations-backed public health body that works to increase access to, and facilitate the development of, life-saving medicines for low- and middle-income countriesPromotion of open innovation models and technology transfer that increase local manufacturing and supply capacity, including through joining the Open Covid Pledge and the Technology Access Partnership (TAP)With supportive countries across the globe, C-TAP will serve as a sister initiative to the Access to COVID-19 Tools (ACT) Accelerator and other initiatives to support efforts to fight COVID-19 worldwide",five,How many key elements are included in the initiative?,"['Twenty three', 'Twentythree', 'Public announcement of gene sequences and data']"
1705,"WHO, Costa Rica and all the co-sponsor countries have also issued a “Solidarity Call to Action” asking relevant stakeholders to join and support the initiative, with recommended actions for key groups, such as governments, research and development funders, researchers, industry and civil societyWHO and Costa Rica co-hosted today’s launch event, which began with a high-level session addressed by the WHO Director-General and President Alvarado in addition to Prime Minister Mia Mottley of Barbados and Aksel Jacobsen, State Secretary, Norway There were video statements by President Lenín Moreno of Ecuador; President Thomas Esang Remengesau Jr",President Thomas Esang Remengesau Jr,Who was President Lenn Moreno?,"['President Alvarado', 'President Benito Claus', 'AlfreddinYes']"
1706," of Palau; Michelle Bachelet United Nations High Commissioner for Human Rights; Jagan Chapagain Secretary General of the International Federation of Red Cross and Red Crescent Societies; and Retno Marsudi Minister for Foreign Affairs for Indonesia Leaders from across the UN, academia, industry and civil society joined for a moderated discussionTo date, the COVID-19 Technology Access Pool is now supported by the following countries: Argentina, Bangladesh, Barbados,Belgium, Belize,Bhutan, Brazil, Chile, Dominican Republic, Ecuador, Egypt, El Salvador, Honduras, Indonesia, Lebanon, Luxembourg, Malaysia, Maldives, Mexico, Mozambique, Norway, Oman, Pakistan, Palau, Panama, Peru, Portugal, Saint Vincent and Grenadines, South Africa,Sri Lanka,Sudan, The Netherlands, Timor-Leste, Uruguay, ZimbabweOther international organizations, partners and experts have also expressed support to the initiative and others can join them using the website",the website,What website does the COVID-19 Technology Access Pool support?,"['the international organization, partners and experts', 'the official access pool', 'the information on the Internet']"
1707,"Note to Editors:The Solidarity Call to Action follows from numerous international commitments, including: Global Sustainable Development Goal 3, target 3b; The WHO Global Strategy and Plan of Action on Public Health, Innovation and Intellectual Property (GSPA- PHI) and the WHO Roadmap for access to medicines, vaccines and health products 2019-2023; the UN General Assembly Resolution on “International cooperation to ensure global access to medicines, vaccines and medical equipment to face COVID-19” (A/RES/74/274); and the 73rd World Health Assembly Resolution on the “COVID-19 response” (WHA73To access the event:https://whous/j/99683467690-Password: WHO%OMS27",WHO%OMS27,What is the Password for WHO to access the event?,"['A/Res/ 74/ Popularity', 'A sufficiency-19', 'The WHO Roadmap']"
1708,"On 30 January 2020 the Director-General of the World Health Organization (WHO) declared the current COVID-19 outbreak as a public health emergency of international concern under the International Health Regulations (2005) and issued Temporary Recommendations On 11 March 2020, the Director-General of the WHO characterized the situation of the COVID-19 outbreak as a pandemic The WHO, the International Maritime Organization (IMO) and the International Labour Organization (ILO), in cooperation with international seafarers’ and shipowners’ organizations, are working together to ensure the ability of shipping and seafarers to continue to deliver vital goods, including medical supplies and food",International Health Regulations,What document declared the COVID-19 outbreak as a public health emergency of international concern?,"['International Health Organization ( 2005 )', 'The World Health Organization', 'The Organization of the World Heritage Organization']"
1709," Our three Organizations seek to ensure that seafarers are protected from the COVID-19 virus, are medically fit and have access to medical care, and that their ships meet international sanitary requirements, bearing in mind the challenges presented by this situation More than two thirds of the countries globally are implementing restrictions on international traffic, including flight suspensions and port closures This has a significant impact on global trade, 90% of which is transported via ships",international traffic,What are more than two thirds of the countries implementing restrictions on?,"['international travel', 'international trade', 'international transport']"
1710," WHO has advised countries that restrictions on international traffic should be based on evidence and be proportionate with the level of risk for each country It is working closely with global experts, governments and partners to rapidly expand scientific knowledge about this new virus, to track the spread and virulence of the virus, and to provide advice to countries and the global community on measures to protect health and contain the spread of this outbreak without unnecessary interference with international trafficIn this context, we strongly encourage Governments to facilitate ships’ movements, including docking, crew changes, ship inspection and issuance of ship sanitation certificates during the COVID-19 pandemic",WHO,Who has advised countries that restrictions on international traffic should be based on evidence and be proportionate with the level of risk for each country?,"['Global experts, governments and partners', ""The World's leading authority"", 'Ways to study the spread of this virus']"
1711," We further call upon Governments to ensure that information regarding suspension of port services and other measures introduced in response to COVID-19 is quickly and effectively communicated to international shipping and all relevant stakeholdersIMO has issued a series of Circular Letters addressing global issues relevant to seafarers and shipping in the context of COVID-19: Circular Letter No4204 of 31 January 2020, providing information and guidance on the precautions to be taken to minimize risks to seafarers, passengers and others on board ships from the novel coronavirus (COVID-19); Circular Letter No",Circular Letter No4204,"What document provides information and guidance on precautions to be taken to minimize risks to seafarers, passengers and others on board ships from the novel coron","['Theular Letter No419', 'A number of letters', 'A letter of warning']"
1712,"1 of 19 February 2020, COVID-19 – Implementation and enforcement of relevant IMO instruments;Circular Letter No2 of 21 February 2020, Joint Statement IMO-WHO on the Response to the COVID-19 Outbreak; Circular Letter No3 of 2 March 2020, Operational considerations for managing COVID-19 cases/outbreak on board ships prepared by WHO;Circular Letter No",COVID-19,What is the implementation and enforcement of relevant IMO instruments?,"['Obesity-1', 'Aged IMO instruments', 'Circular Letter No3']"
1713,"4 of 5 March 2020, ICS Coronavirus (COVID-19) Guidance for ship operators for the protection of the health of seafarers; Circular Letter No1 of 2 April 2020, Coronavirus (COVID-19) – Guidance relating to the certification of seafarers and fishing vessel personnel; Circular Letter No6 of 30 March 2020, Coronavirus (COVID-19) - Preliminary list of recommendations for Governments and relevant national authorities on the facilitation of maritime trade during the COVID-19 pandemic; and Circular Letter No",4 of 5 March 2020,When was the ICS Coronavirus Guidance for ship operators for the protection of seafarers?,[]
1714,"7 of 3 April 2020, Coronavirus (COVID-19) - Guidance concerning unforeseen delays in the delivery of shipsILO is addressing all aspects of the impact of COVID-19 on the world of work, through the protection of people, jobs, incomes and enterprises, and relying on social dialogue for solutions Medical care of seafarers The Maritime Labour Convention, 2006, as amended (MLC, 2006) provides that every seafarer has the right to a safe and secure workplace that complies with safety standards and to health protection, medical care, welfare measures and other forms of social protection",7 of 3 April 2020,When did Coronavirus occur?,[]
1715," All seafarers must be covered by adequate measures for the protection of their health and must have access to prompt and adequate medical care whilst working on board Port States must ensure that seafarers on board ships in their territory who are in need of immediate medical care are given access to medical facilities on shoreFollowing the outbreak, questions have arisen concerning the application of the provisions of the MLC, 2006, in light of the COVID-19 pandemic",COVID-19 pandemic,What was the cause of the MLC outbreak?,"['How the MLC outbreak came into being', 'How the M Crystal pandemic came into being?.', 'What was the cause of the MLC outbreak?']"
1716," These have included questions related to medical care of seafarers ILO, following consultations with Governments, shipowners and seafarers represented by the Officers of the Special Tripartite Committee of the MLC, 2006, is providing information to assist Governments and other relevant actors to take consistent actions under these exceptional circumstances Other unforeseen health related issues have also arisen",unforeseen health related issues,What have arisen in addition to medical issues related to seafarers ILO?,"[' urgent medical care of seacrossers', 'regulations of medical care of seawarers', 'Some serious medical problems']"
1717," These include the need to address the situation of seafarers who, due to their unforeseen longer periods on board, are facing expiration of essential medical prescriptions, and the consideration of the testing of seafarers immediately prior to their joining their ships, when testing for COVID-19 becomes more widely availableMedical certificates of seafarersMedical certificates of seafarers are required in regulation I/9 of the International Convention on Standards of Training, Certification and Watchkeeping for Seafarers (STCW Convention), 1978, and in regulation 1 According to both international treaties, medical certificates are valid for a maximum of two years",two years,How long are medical certificates valid?,"['Three years', 'a year', 'four years']"
1718," If a medical certificate expires during the course of a voyage, then it shall continue to be valid until the next port of call where a medical practitioner recognized by a Party is available, provided that the additional time needed does not exceed three months While in the current situation renewals of medical certificates may not be possible, exemption from national restriction of movements physicians responsible for medical examination of seafarers should be considered Competent authorities are requested to regularly review the evolution of existing restrictions and to renew the certificates as soon as the situation improves",the additional time needed does not exceed three months,What is required to renew a medical certificate if it expires during the course of a voyage?,"['a medical Practist recognized by a Party is able to renew the certificate', ""you needn't renew the medical certificate before you get on the voyage"", 'the may be allowed to renew a medical certificate after the course of a voyage']"
1719," Port State control authorities are further encouraged to take a pragmatic and practical approach in relation to the acceptance of these certificates in the exercise of control procedures in accordance with the MLC, 2006 and article X (Control) and regulation I/4 (Control procedures) of the 1978 STCW Convention Ship Sanitation Certificates The Ship Sanitation Control Exemption Certificate/Ship Sanitation Control Certificate SSCEC/SSCC are regulated in articles 20 and 39, and Annex 3, of the International Health Regulations (IHR) (2005) These certificates are valid for a maximum period of six months",six months,How long are these certificates valid?,"['only one period', 'seven years', 'six years']"
1720," This period may be extended by one month if the inspection or control measures required cannot be accomplished at the port Extraordinary temporary measures Governments are invited to request the submission of the Maritime Declaration of Health by all arriving ships In the absence or information of valid suspicion or confirmed active case(s) of COVID-19 on board reported through the Maritime Declaration of Health, or by the Master, or their agents in accordance with Article 28(4) of the IHR (2005), issuing Administrations are encouraged to accept an exceptional extension of the above-mentioned certificates, and to notify shipowners, seafarers and relevant Administrations accordingly",one month,How long is the Maritime Declaration of Health extended?,"['Two months', 'Three months', 'two months']"
1721," They may: Provide for the extension of an existing Ship Sanitation Certificate by one month under Article 39(1 ) of the IHR (2005) on one or more occasions as necessary, provided that no authorized port along the ship's route is able to conduct ship inspection and issuance of sanitation certificates; and provided that such exceptional extension does not extend beyond the termination of the current public health emergency of international concern by the WHO Director-General Exempt from national restrictions of movement the inspectors and key personnel responsible for ship inspections and issuance of Ship Sanitation Certificates Ensure that they can perform ship inspections and implement health control measures in good conditions and appropriate protective measures against COVID-19",one month,How long is an existing Ship Sanitation Certificate extended?,"['One month', ' One or more occasions', 'two years and one month']"
1722," These personnel should receive training and sufficient resources (personal protective equipment, cleaning and disinfection products) as per WHO interim guidance for Rational use of personal protective equipment for coronavirus disease 2019 (COV1D-19)[1] and Operational considerations for managing COVID-19 cases/outbreak on board ships[2]We invite Governments and other stakeholders to bring the contents of this joint statement to the attention of the competent authorities and all concernedint/iris/bitstream/handle/1 0665/331 498/WHO-2019-nCoV-IPCPPEuse-2020",WHO,Who gave interim guidance for the use of personal protective equipment for coronavirus disease 2019 (COV1D-19)?,"['The person who made the warning', 'Who made the warning', "" WHO's wish""]"
1723,"int/publications-detail/operational-considerations-for-managing-covid-19-cases-outbreak-onboard-shipsA new report by WHO, UNICEF, and the International Baby Food Action Network (IBFAN) reveals that despite efforts to stop the harmful promotion of breast-milk substitutes, countries are still falling short in protecting parents from misleading informationThe COVID-19 pandemic highlights the need for stronger legislation to protect families from false claims about the safety of breast-milk substitutes or aggressive marketing practices","WHO, UNICEF, and the International Baby Food Action Network",Who published a new report on the safety of breast-milk substitutes?,"['China, the International Baby Food Network and the International Baby Food Action Network (IBFAN )', 'The International Baby Food Action Network', 'Banning the promotion of breast-milk substitutes']"
1724," Breastmilk saves children’s lives as it provides antibodies thatgive babies a healthy boost and protect them against many childhood illnesses WHO and UNICEF encourage women to continue to breastfeed during the COVID-19 pandemic, even if they have confirmed or suspected COVID-19 While researchers continue to test breastmilk from mothers with confirmed or suspected COVID-19, current evidenceindicate that it is unlikely that COVID-19 would be transmitted through breastfeeding or by giving breastmilk that has been expressed by a mother who is confirmed or suspected to have COVID-19",breastmilk,What do researchers continue to test from mothers with confirmed or suspected COVID-19?,"['Breastmilk', 'breast milk', 'Breast milk']"
1725," The numerous benefits of breastfeeding substantiallyoutweigh the potential risks of illness associated with the virus It is not safer to give infant formula milkOf the 194 countries analysed in the report, 136 have in place some form of legal measure related to the International Code of Marketing of Breast-milk Substitutes and subsequent resolutions adopted by the World Health Assembly (the Code)",136,How many countries have in place some form of legal measure related to the International Code of Marketing of Breast-milk Substitutes?,"["" Treatments on mothers'health and other important issues"", 'aken by the World Health Assembly', 'outside the United States, where the International code of marketing of breast-milk exists']"
1726," Attention tothe Code is growing, as 44 countries have strengthened their regulations on marketing over the past two yearsHowever, the legal restrictions in most countries do not fully cover marketing that occurs in health facilities Only 79 countries prohibit the promotion of breast-milk substitutes in health facilities, and only 51 have provisions that prohibit the distributionof free or low-cost supplies within the health care system",51,How many countries have provisions that prohibit the distribution of free or low-cost supplies within the health care system?,"['71', 'Free or low - cost supplies in health care system', '50']"
1727," Only 19 countries have prohibited the sponsorship of scientific and health professional association meetings by manufacturers of breast-milk substitutes, which include infant formula, follow-up formula, and growing up milks marketed for use by infantsand children up to 36-months old“The aggressive marketing of breast-milk substitutes, especially through health professionals that parents trust for nutrition and health advice, is a major barrier to improving newborn and child health worldwide,” says Dr Francesco Branca,Director of WHO’s Department of Nutrition and Food Safety “Health care systems must act to boost parent’s confidence in breastfeeding without industry influence so that children don’t miss out on its lifesaving benefits",19,How many countries have prohibited sponsorship of scientific and health professional associations?,"['20', '22', '10']"
1728,"”WHO and UNICEF recommend that babies be fed nothing but breast milk for their first 6 months, after which they should continue breastfeeding – as well as eating other nutritious and safe foods – until 2 years of age or beyond Breastfeeding under threat as health systems stretched thinBabies who are exclusively breastfed are 14 times less likely to die than babies who are not breastfed However, today, only 41% of infants 0–6 months old are exclusively breastfed, a rate WHO Member States have committed to increasing to at least50% by 2025",at least50%,What percentage of infants 0–6 months old are exclusively breastfed by 2025?,[]
1729," Inappropriate marketing of breast-milk substitutes continues to undermine efforts to improve breastfeeding rates and the COVID-19 crisis is intensifying the threat Health care services aimed at supporting mothers to breastfeed, including counselling and skilled lactation support are strained as a result of the COVID-19 crisis Infection prevention measures, such as physical distancing make it difficult for communitycounselling and mother-to-mother support services to continue, leaving an opening for the breast-milk substitute industry to capitalize on the crisis, and diminish confidence in breastfeeding",Inappropriate marketing of breast-milk substitutes,What continues to undermine efforts to improve breastfeeding rates?,"['Consultation and skilled milk support', 'Breast-milk substitutes', 'The lack of support for mothers']"
1730,"“As the COVID-19 pandemic progresses, health workers are being diverted to the response and health systems are overstretched At such time, breastfeeding can protect the lives of millions of children, but new mothers cannot do it without the supportof health providers,” said Dr Victor Aguayo, UNICEF’s Chief of Nutrition",Dr Victor Aguayo,Who is UNICEF's Chief of Nutrition?,"['Mrs Victor Ag cares about health care', 'Dr Michael Fenty', 'The Minister of nutrition and Health']"
1731," Instead,labels must carry messages about the superiority of breastfeeding over formula and the risks of not breastfeeding WHO and UNICEF call on governments to urgently strengthen legislation on the Code during the COVID-19 pandemic Governments and civil society organizations should also not seek or accept donations of breast-milk substitutes in emergency situations",breast-milk substitutes,What should governments and civil society organizations not seek or accept in emergencies?,"['breast-Milk substitutes in emergencies', 'astronast milk substitutes', 'Breast- breastmilk products']"
1732,"“The fear of COVID-19 transmission is eclipsing the importance of breastfeeding – and in too many countries mothers and babies are being separated at birth – making breastfeeding and skin to skin contact difficult if not impossibleAll on the basis of no evidence Meanwhile the baby food industry is exploiting fears of infection, promoting and distributing free formula and misleading advice – claiming that the donations are humanitarian and that they are trustworthypartners,” says Patti Rundall, of IBFAN’s Global Council",Patti Rundall,Who is the founder of IBFAN's Global Council?,"['Patti Rondall', 'The founder of IlfAN Global Council', ""Patti Fournell's Global Council""]"
1733," Monitoring and enforcement of the Code is inadequate in most countries The report,""Marketing of breast-milk substitutes: National implementation of the International Code – Status report 2020"", provides updated information on thestatus of country implementation, including which measures have and have not been enacted into law Given the important role of health workers in protecting pregnant women, mothers and their infants from inappropriate promotion of breast-milk substitutes, the 2020 report provides an extensive analysis of legal measures taken to prohibit promotion ofbreast-milk substitutes to health workers and in health facilities",Monitoring and enforcement of the Code,What is inadequate in most countries?,"['Keeping up with the increase of breast-milk substitutes', 'Keeping up with all measures of protecting mothers', 'Marketing of breast-milk substitutes']"
1734,"Breastfeeding and COVID-19Active COVID-19 virus has not, to date, been detected in the breastmilk of any mother with confirmed or suspected COVID-19 It appears unlikely, therefore, that COVID-19 would be transmitted through breastfeeding or by giving breastmilk that has beenexpressed by a mother who is confirmed or suspected to have COVID-19Women with confirmed or suspected COVID-19 can therefore breastfeed if they wish to do so",breastfeed,How would COVID-19 be transmitted?,"['breastmilk', 'Breastfeed', 'Breastmilk']"
1735," They should:Wash hands frequently with soap and water or use alcohol-based hand rub and especially before touching the baby;Wear a medical mask during any contact with the baby, including while feeding;Sneeze or cough into a tissue Then dispose of it immediately and wash hands again;Routinely clean and disinfect surfaces after touching them Even if mothers do not have a medical mask, they should follow all the other infection prevention measures listed, and continue breastfeeding",water,What should mothers use before touching the baby?,"['handRub', 'HandRub', ' soap and water']"
1736, Notes to editors Download photos and b-roll from UNICEF and WHO Download the report here Related links:FAQs on Breastfeeding and COVID-19About the World Health OrganizationThe World Health Organization provides global leadership in public health within the United Nations system,World Health Organization,What organization provides global leadership in public health?,"[' WHO', 'World Health Organization Canada. \n ( )', 'How to Organization']"
1737," Founded in 1948, WHO works with194 Member States, across six regions and from more than 150 offices,to promote health, keep the worldsafe and serve the vulnerable Our goal for 2019-2023 is to ensure that a billion more people have universal health coverage, to protect a billion more people from health emergencies, and provide a further billion people with better health and wellbeingAbout UNICEFUNICEF works in some of the world’s toughest places, to reach the world’s most disadvantaged children",UNICEFUNICEF,Who works in some of the world's toughest places?,"[' WHO', 'who is the most disadvantaged children in the world', 'who can help people in trouble? WHO']"
1738," Across 190 countries and territories, we work for every child, everywhere, to build a better world for everyone For more information aboutUNICEF and its work for children, visit www For more information about COVID-19, visit www",190,How many countries and territories do we work for every child?,"['200', 'Countries', 'All the countries and territories']"
1739," Follow UNICEF on Twitter and FacebookFIFA, WHO, and the European Commission have joined forces, to launch the #SafeHome campaign to support women and children at risk of domestic violence The campaign is a joint response from the three institutions to the recent spikes in reports of domesticviolence as stay-at-home measures to prevent the spread of COVID-19 have put women and children experiencing abuse at greater risk",UNICEF,Who launched the #SafeHome campaign to support women and children at risk of domestic violence?,"['Famous organizations', ""The Mother's home violence"", 'whose activities are responsible for domesticviolence']"
1740,"Almost one in three women worldwide experience physical and/or sexual violence by an intimate partner or sexual violence by someone else in their lifetime In a majority of cases, that violence is committed by a partner in their home - indeed, up to 38%of all murders of women are committed by an intimate partner It is also estimated that one billion children aged between two and seventeen years (or half the world’s children) have experienced physical, sexual, or emotional violence or neglectin the past year",one billion,"How many children aged between two and seventeen years have experienced physical, sexual, or emotional violence or neglect in the past year?","['seven years', 'seven billion', ""one fourth of the world's violence is physical""]"
1741,"There are many reasons why people perpetrate domestic violence, including gender inequality and social norms that condone violence, childhood experiences of abuse or exposure to violence and coercive control growing up Harmful use of alcohol can alsotrigger violence Stressful situations, such as those being experienced during the COVID-19 pandemic and economic instability, exacerbate the risk",gender inequality and social norms,What are some reasons why people perpetrate domestic violence?,"['use of alcohol and domestic violence', 'forceful use of alcohol and domestic violence. [ : Zxxk. Com ]', 'children who have been hurt by domestic violence']"
1742," Moreover, the current distancing measures in place in many countries make it harder for women and childrento reach out to family, friends and health workers who could otherwise provide support and protection“Just as physical, sexual or psychological violence has no place in football, it has no place in the home” said Dr Tedros Adhanom Ghebreyesus, Director-General of the World Health Organization",Dr Tedros Adhanom Ghebreyesus,Who is the Director-General of the World Health Organization?,"['Mrs TedrosAdhanom - Breyesus', 'DrTedrosAdhanom Nhebroadsus', 'The World Health Organization']"
1743," “We are so pleased that our partners todayare joining us to draw attention to this critical issue As people are isolated at home because of COVID-19, the risks of domestic violence have tragically been exacerbated“Together with the World Health Organization and the European Commission, we are asking the football community to raise awareness to this intolerable situation that threatens particularly women and children in their own home, a place where theyshould feel happy, safe and secure,” said FIFA President Gianni Infantino",FIFA President Gianni Infantino,Who said the football community should raise awareness to this intolerable situation that threatens particularly women and children in their own home?,"['The World Health Organization and the European commission', 'The football community', 'The football community should raise awareness to this difficult situation']"
1744," “We cannot stay silent on this issue that negatively affects so many people Violence has no place in homes, just as it has no place in sports Football has thepower to relay important social messages, and through the #SafeHome campaign, we want to ensure that those people experiencing violence have access to the necessary support services they need",the #SafeHome campaign,Through what campaign do we want to ensure that people experiencing violence have access to the support services they need?,"['the Family violence awareness', 'the Family and Society', 'the people experiencing violence']"
1745,"”“Violence has no place in our societies,”said Mariya Gabriel, Commissioner for Innovation, Research, Culture, Education and Youth “Women’s rights are human rights and should be protected Often abused women and childrenare afraid to talk because of fear or shame",fear or shame,Why are abused women and children afraid to talk?,"[""Women's rights"", 'Because women and children are too afraid', ""women's right""]"
1746," This ‘window’ to speak-up and seek help is, during confinement, even more restricted As a matter of fact , in some countries, we have seen an increase in reports of domestic violence sincethe outbreak of COVID-19 It is our responsibility as a society, as institutions to speak up for these women",domestic violence,What has been reported in some countries since the outbreak of COVID-19?,"[""Citizens'call for help"", ' COffic of domestic violence', ' COided-19']"
1747," To give them trust and support them This is the purpose of this joint campaign which I am honoured to be part of”“We call upon our member associations to actively publish details of national or local helplines and support services that can help victims and anyone feeling threatened by violence in their locality,” added the FIFA President",FIFA President,Who was the President of the FIFA World Cup?,"['Famous player of the World Cup', 'Fifi President', 'whose father won the football World Cup']"
1748," “We alsocall upon our members to review their own safeguarding measures using the FIFA Guardians toolkit to ensure that football is fun and safe for everyone in our game, especially the youngest members of the football family”The five-part video awareness campaign features 15 past and present footballers - Álvaro Arbeloa, Rosana Augusto, Vítor Baía, Khalilou Fadiga, Matthias Ginter, David James, Annike Krahn, Marco Materazzi, Milagros Menéndez,Noemi Pascotto, Graham Potter, Mikaël Silvestre, Kelly Smith, Óliver Torres and Clementine Touré - who have stressed their support to addressing this critical issue The campaign is being published on various FIFA digital channels,with#SafeHomealso being supported with multimedia toolkits for the 211 FIFA member associations and for various media agencies to help facilitate additional localisation and to further amplify the message worldwide",FIFA Guardians,What toolkit is used to ensure that football is fun and safe for everyone in our game?,"['The youngest members of the football family', 'Famous footballers', 'A five- Part video awareness campaigns']"
1749,"Video 1: Survivor advice 1 Video 2: Survivor advice 2Video 3: Survivor supportVideo 4: Perpetrator adviceVideo 5: Government adviceWHO, the United Nations’ specialised health agency, and FIFA, football’s world governing body, collaborate closely to promote healthy lifestyles,which includes being free of violence,through football globally The two organisationsjointly launched the “Pass the message to kick out coronavirus” campaign in March 2020 to share advice on effective measures to protect people from COVID-19 This was followed by the#BeActivecampaign in April 2020 to encourage people to stay healthy at home during the pandemic",FIFA,Who is football's world governing body?,"['TV', ""Save the World's health agency"", 'helped people to stay healthy']"
1750,"FactsheetAccording to WHO, violence is a pervasive public health and human rights problem around the world It affects women, men, boys and girls in all countries and cuts across boundaries of age, race, religion, ethnicity, disability, culture and wealth Statistically,women and children (both boys and girls) are most affected by violence in the home and it is often perpetrated by men they know and trust",men,Who is the most affected by violence in the home?,"['women', ' violence', 'Women']"
1751,"Data (Source: WHO and others)Almost one in three women worldwide have experienced physical and/or sexual violence by an intimate partner or sexual violence, not including sexual harassment, by any perpetratorGlobally, 30% of women have experienced physical and/or sexual violence by an intimate partner in their lifetimeGlobally up to 38% of murders of women are committed by intimate partnersAdolescent girls, young women, women belonging to ethnic and other minorities, transwomen, and women with disabilities face a higher risk of different forms of violenceThe majority (55% to 95%) of women survivors of intimate partner violence or sexual violence do not disclose or seek any type of help or servicesBeing abused as a child or exposed to violence in the family when growing up, attitudes accepting of violence and gender inequality including gender norms increase the risk of perpetrating violence against a partner; in some settings violence is associatedwith excessive use of alcoholGlobally, over one billion children – over half of all boys and girls aged 2–17 years – experience some form of emotional, physical or sexual violence every yearThe lifetime prevalence of childhood sexual abuse is 18% for girls and 8% for boysHomicide is among the top five causes of death in adolescents, with boys comprising over 80% of victims and perpetratorsRegional statistics also exist For example in Europe, it is estimated that one in five (20%) children have experienced sexual abuse, and in the WHO European region, a quarter of women (15-49 years) have experienced intimate partner violence in theirlifetime In Latin America and the Caribbean, it is estimated that 58% of children experience sexual, physical or emotional violence each year, and 30% of women have experienced intimate partner violence in their lifetime",30%,What percentage of women have experienced physical and/or sexual violence by an intimate partner in their lifetime?,[]
1752,"ResourcesCOVID-19 and violence against women: What can the health sector/system do?WHO, LSHTM, SAMRC Global and regional estimates of violence against women: prevalence and health effects of intimate partner violence and non-partner sexual violenceWHO: Respect women: Preventing violence against womenSeven strategies to prevent violence against women - infographicsWHO: Inspire: Seven strategies for ending violence against children End Violence Against Children: Global partnership Editors Note:The World Health Organization and FIFA signed in 2019 a four-year collaboration to promote healthy lifestyles through football globally More information on the WHO-FIFAmemorandum of understandingcan be found here: https://www",WHO-FIFAmemorandum of understanding,What is the name of the protocol that the World Health Organization and FIFA signed in 2019?,"['Global partnership editors note', 'Achieving violence against children', 'Women are most likely to be violence victims']"
1753,"int/news-room/detail/04-10-2019-who-and-fifa-team-up-for-healthThe Kingdom of Saudi Arabia and the World Health Organization (WHO) are working together to combat novel coronavirus (COVID-19) In support of this effort, the Kingdom of Saudi Arabia has provided US$10 million to the World Health Organization for the implementation of urgent measures to minimize the spread of the disease and to support countries with vulnerable health infrastructures",the Kingdom of Saudi Arabia,Who has provided US$10 million to the World Health Organization?,"['The World Health organization', 'the World Health Organization', 'a World Health organizations']"
1754," Director General, Dr Tedros Adhanom Ghebreyesus on behalf of WHO greatly appreciates this generous humanitarian gesture from the Custodian of the Two Holy Mosques, King Salman bin Abdulaziz, and Crown Prince Mohammed bin Salman, which will contribute significantly to efforts to safeguard global healthCOVID 19 is disrupting life-saving immunization services around the world, putting millions of children – in rich and poor countries alike – at risk of diseases like diphtheria, measles and polio",King Salman bin Abdulaziz,Who is the Custodian of the Two Holy Mosques?,"['Kingman bin Abdulaziz', 'King Prince binAbdulaziz', 'King Princeike bin Abdulazz.']"
1755," This stark warning comes from the World HealthOrganization, UNICEF and Gavi, the Vaccine Alliance ahead of the Global Vaccine Summit on 4 June, at which world leaders will come together to help maintain immunization programmes and mitigate the impact of the pandemic in lower-income countriesAccording to data collected by the World Health Organization, UNICEF, Gavi and the Sabin Vaccine Institute, provision of routine immunization services is substantially hindered in at least 68 countries and is likely to affect approximately 80 millionchildren under the age of 1 living in these countriesSince March 2020, routine childhood immunization services have been disrupted on a global scale that may be unprecedented since the inception of expanded programs on immunization (EPI) in the 1970s",the Vaccine Alliance,What is the name of the group that is responsible for the global Vaccine Summit?,"['the World HealthOrganization', 'Vaccine Institute', 'the World Health Organization']"
1756," More than half (53%) of the 129 countries where datawere available reported moderate-to-severe disruptions, or a total suspension of vaccination services during March-April 2020“Immunization is one of the most powerful and fundamental disease prevention tools in the history of public health,” said Dr Tedros Adhanom Ghebreyesus, WHO Director-General “Disruption to immunization programmes from the COVID-19 pandemicthreatens to unwind decades of progress against vaccine-preventable diseases like measles",129,How many countries where data were available reported moderate-to-severe disruptions?,"[' lists of the countries where data were available', 'heathens and rainstorms', 'depends on how far away certain vaccines were']"
1757,"”“At the 4 June Global Vaccine Summit in London, donors will pledge their support to Gavi, the Vaccine Alliance, to sustain and accelerate this lifesaving work in some of the most vulnerable countries From the bottom of my heart, I urge donors tofully fund the Alliance These countries, these children especially, need vaccines, and they need Gavi",the Vaccine Alliance,What is Gavi's name?,"['donations', 'the 4 June Global vaccineine Summit', 'the Global vaccineine Association United l']"
1758,"”The reasons for disrupted services vary Some parents are reluctant to leave home because of restrictions on movement, lack of information or because they fear infection with the COVID-19 virus And many health workers are unavailable because of restrictionson travel, or redeployment to COVID response duties, as well as a lack of protective equipment",protective equipment,What is a lack of?,"['no travel', 'a lack of information', 'loss of information']"
1759,"“More children in more countries are now protected against more vaccine-preventable diseases than at any point in history,” said Dr Seth Berkley, Gavi CEO “Due to COVID-19 this immense progress is now under threat, risking the resurgenceof diseases like measles and polio",vaccine-preventable diseases,What type of diseases are children now protected against?,"['vaccine -preventingable diseases. Ks5u', 'Vio1 and polio -Preventable diseases', 'Vocuses on measles and polio']"
1760," Not only will maintaining immunization programmes prevent more outbreaks, it will also ensure we have the infrastructure we need to roll out an eventual COVID-19 vaccine on a global scale”Transport delays of vaccines are exacerbating the situation UNICEF has reported a substantialdelay in planned vaccine deliveries due to the lockdown measures and the ensuing decline in commercial flights and limited availability of charters",commercial flights,Why has UNICEF reported a substantialdelay in vaccine deliveries?,"[' vaccine delivery', ' vaccine deliveries', 'Because the limited availability of charters']"
1761," To help mitigate this, UNICEF is appealing to governments, the private sector, the airline industry,and others, to free up freight space at an affordable cost for these life-saving vaccines Gavi recently signed an agreement with UNICEF to provide advance funding to cover increased freight costs for delivery of vaccines, in light of the reducednumber of commercial flights available for transport“We cannot let our fight against one disease come at the expense of long-term progress in our fight against other diseases,” said Henrietta Fore, UNICEF Executive Director",Henrietta Fore,Who is UNICEF Executive Director?,"[""International Children's Museum"", 'Gave away money to cure other diseases', 'Gavio Gav successfully']"
1762,"In late March, concerned that mass gatherings for vaccination campaigns would enflame transmission of COVID-19 WHO recommended countries to temporarily suspend preventive campaigns while assessments of risk, and effective measures for reducing COVID virus transmission were establishedWHO has since monitored the situation and has now issued advice to help countries determine how and when to resume mass vaccination campaigns The guidance notes that countries will need to make specific risk assessments based on the local dynamics of COVID-19 transmission, the health system capacities, and thepublic health benefit of conducting preventive and outbreak response vaccination campaigns",mass gatherings for vaccination campaigns,What would enflame transmission of COVID-19?,"['large scale vaccination campaigns', 'asercise of COided-19', 'aspirations in the telephone networks']"
1763,"Based on this guidance, and following growing concerns about increasing transmission of polio, the Global Polio Eradication Initiative (GPEI), is advising countries to start planning for the safe resumption of polio vaccination campaigns, especially in polio high-risk countriesDespite the challenges, several countries are making special efforts to continue immunization Uganda is ensuring that immunization services continue along with other essential health services, even funding transportation to ensure outreach activities",funding transportation,What does Uganda do to ensure outreach activities?,"['promoting health services', 'promoting polio vaccination campaigns', 'preventing polio vaccination']"
1764,"And in Lao PDR, despite a national lockdown imposed in March, routine immunization in fixed sites continued with physical distancing measures in placeNotes to editorsDownload photos and broll from UNICEF and WHO New polio guidance available here",UNICEF and WHO New polio guidance,Where are photos and brolls from?,"['UNYF and WHO New obesity reform', 'UNiceF only and WHO', ""Mothers'guidance""]"
1765,"About the Analysis Vaccination campaignsTotal # of countries with postponed campaigns as of 15 May*Measles/ Measles Rubella/ Measles Mumps Rubella (M/MR/MMR)27Polio (IPV)7Bivalent oral poliovirus vaccine (bOPV)26Monovalent Oral Poliovirus Type 2 (mOPV2)13Meningitis A (MenA)2Yellow Fever (YF)4Typhoid (TCV)2Cholera (OCV)5Tetanus (Td)7The online immunization pulse survey was conducted with over 800 immunization experts, including representatives of Ministries of Health and global health organizations across 107 countries 53 of these were lower-income countries supported by Gavi, theVaccine Alliance The data on campaigns is based on data reported to WHO by member states as of 15 May 2020",WHO,Who reported the data on immunization campaigns to as of 15 May 2020?,"['Measles/ Measles Rubella', 'Measledes and Measles', 'Gavaccine Association']"
1766," Data on reasons for the disrupted services also came from regions and a survey on the training platform Scholar with 1600 respondentsOn 4 June the UK government will host the Global Vaccine Summit, which will aim to raise at least US$74 billion for Gavi, the Vaccine Alliance to protect 300 million children in 68 lower-income countries against deadly diseases from 2021-25",300 million,How many children will the Vaccine Alliance protect against deadly diseases in 68 lower-income countries?,"['50 million', ' vaccineine network', ' vaccineine vaccine']"
1767," This funding will help support the mass vaccination campaigns and rebuilding of health systems needed overthe coming years to help address the damage done by the COVID-19 pandemicThe World Health Organization provides global leadership in public health within the United Nations system Founded in 1948, WHO works with194 Member States, across six regions and from more than 150 offices,to promote health,keep the world safe and serve the vulnerable",the COVID-19 pandemic,What was the cause of the World Health Organization's disease?,"['the mass vaccination campaigns', 'The World Health organization', ""people's health care""]"
1768," Our goal for 2019-2023 is to ensure that a billion more people have universal health coverage, to protect a billion more people from health emergencies, and provide a further billion people with betterhealth and wellbeingThe Global Polio Eradication Initiative is a public-private partnership led by national governments with six partners – the World Health Organization (WHO), Rotary International, the US Centers for Disease Control and Prevention(CDC), the United Nations Children’s Fund (UNICEF), Bill &Melinda Gates Foundation and Gavi, the vaccine alliance Its goal is to eradicate polio worldwide",a billion,How many people have universal health coverage for 2019-2023?,"['two billion', 'a lot', 'a billion people in health emergencies']"
1769,"Gavi, the Vaccine Alliance is a public-private partnership that helps vaccinate half the world’s children against some of the world’s deadliest diseases Since its inception in 2000, Gavi has helped to immunise a whole generation– over 760 million children – and prevented more than 13 million deaths, helping to halve child mortality in 73 developing countries Gavi also plays a key role in improving global health security by supporting health systems as well asfunding global stockpiles for Ebola, cholera, meningitis and yellow fever vaccinesThe Vaccine Alliance brings together developing country and donor governments, the World Health Organization, UNICEF, the World Bank, the vaccine industry, technical agencies, civil society, the Bill & Melinda Gates Foundation and other private sectorpartners",Gavi,Who is the Vaccine Alliance?,"['The vaccine industry', 'The vaccineine Association', 'Vaccine Association']"
1770," View the full list of donor governments and other leading organizations that fund Gavi’s workhereUNICEF works in some of the world’s toughest places, to reach the world’s most disadvantaged children Across 190 countries and territories, we work for every child, everywhere, to build a better world for everyone",190,How many countries and territories does Gavi work for?,"['20', '22 countries', '22 countries and territories.']"
1771," For moreinformation about UNICEF and its work for children, visit www For more information about COVID-19, visit www Follow UNICEF onTwitter and Facebook",Follow UNICEF onTwitter and Facebook,What is the name of the website that provides information about COVID-19?,"['Visit www. UNiceF on Twitter and Facebook', ' Twitter and Facebook', 'Follow information about COffic-19']"
1772,"The Smithsonian Science Education Center, in collaboration with the World Health Organization(WHO) and the InterAcademy Partnership (IAP)—a partnership of 140 national academies of science, engineering and medicine—has developed “COVID-19!How can I protect myself and others?,” a new rapid-response guide for youth ages 8–17 The guide, which is based on the UN Sustainable Development Goals, aims to help young people understand the science and social science of COVID-19 aswell as help them take actions to keep themselves, their families and communities safeThrough a set of seven cohesive student-led tasks, participants engage in the activities to answer questions previously defined by their peers",InterAcademy Partnership,What is the name of the partnership between the Smithsonian Science Education Center and the World Health Organization?,"['The World Health Organization', 'IAP', 'The Smithsonian Science Education Center']"
1773," The questions explore the impact of COVID-19 on the world, how to practice hand and respiratory hygiene andphysical distancing, and how to research more information about COVID-19 The final task teaches youth how they can take action on the new scientific knowledge they learn to improve their health and the health of others Each task is designed to becompleted at home",at home,Where is each task designed to be completed?,"['on the final task', 'at home or on the farm', 'in the study of COfriend-19']"
1774,"The guide includes updated research, activities, quotes from scientists and frontline public health officials, and physical and emotional safety tips on COVID-19 It also integrates inquiry-based science education with social and emotional learning andcivic engagement“We are immensely grateful to WHO, the IAP, our colleagues at the Smithsonian and other senior project advisors and translators for their perspectives and technical support in ensuring the science is accurate,” said Carol O’Donnell,director of the Smithsonian Science Education Center",COVID-19,What is a physical and emotional safety guide for the Smithsonian Science Education Center?,"['works on health care and social safety', 'The entrance to the science center', 'A science education center']"
1775," “We are also grateful to the Gordon and Betty Moore Foundation for their support during the development of this module This work represents the power of collaboration and working closelywith others across the globe, even during a time of physical distancing”“Through this project, the Smithsonian Science Education Center makes science exciting and approachable for children and youth all over the world and encourages them to learn by doing” said Dr",Smithsonian Science Education Center,What makes science exciting and approachable for children and youth all over the world?,"['G Gordon andBetty Moore Foundation', ""It's very important to these two subjects"", 'The Gordon,Betty Roy Foundation']"
1776," Soumya Swaminathan, chief scientist atWHO “With all the myths and misconceptions out there, it is important for children and youth to understand the nature of this pandemic and what can be done to prevent future pandemics from happening,”“It is so important for children—wherever they are in the world—to develop their scientific understanding and rational thinking,” said Professor Volker ter Meulen, president of IAP “Only by being able to make rationaldecisions based on the best science and evidence can any of us adjust our behavior to keep ourselves and our families safe from infections such as COVID-19",Soumya Swaminathan,Who is the chief scientist at WHO?,"['Soumya Swainathan', 'Soumya Swamathan', 'Soumya Swathan']"
1777,"”The Smithsonian Science Education Center will disseminate the information to youth worldwide in collaboration with WHO, IAP, educators, and museum and research center networks The guide is free, will be available to youth in more than 15 languages, particularlyAfrican and Asian languages, and can be found at https://ssec About the Smithsonian Science Education CenterThe Smithsonian Science Education Center (SSEC) is transforming K–12 Education Through Science in collaboration with communities across the globe",K–12 Education Through Science,What does the Smithsonian Science Education Center (SSEC) do in collaboration with communities across the globe?,"['African and Asian Language', 'The Smithsonian Science Education Center', 'The WHO, IAP and other research center networks']"
1778," Our goal for 2019–2023 is to ensure that a billion more people have universal health coverage, to protect a billion more people from health emergencies and provide a further billion people with better health andwell-being For updates on COVID-19 and public health advice to protect yourself from coronavirus, visitwwwint and follow WHO onTwitter, Facebook, Instagram, LinkedIn, TikTok, Pinterest, Snapchat,YouTube",coronavirus,What does COVID-19 protect yourself from?,"['health emergencies', 'people with health emergencies', 'Twitter, Facebook, Facebook, YouTube, Facebook, Facebook,YouTube']"
1779," About the InterAcademy PartnershipUnder the umbrella of the InterAcademy Partnership (IAP), more than 140 national, regional and global member academies work together to support the vital role of science in seeking evidence-based solutions to the world’s most challenging problemsIn particular, IAP harnesses the expertise of the world’s scientific, medical and engineering leaders to advance sound policies, improve public health, promote excellence in science education and achieve other critical development goalsorg and follow IAP on Twitter https://twitter",Twitter,On what site does IAP follow?,"['Facebook', 'IAP', 'InterAcademies']"
1780,"com/IAPartnership and YouTube https://wwwcom/channel/UCZl-b7akbFF81bKBZsc8YbQThe World Health Organization (WHO) and UNHCR, the UN Refugee Agency today signed a new agreement to strengthen and advance public health services for the millions of forcibly displaced people around the world",UN Refugee Agency,Who signed a new agreement to strengthen and advance public health services for the millions of forcibly displaced people around the world?,"['The WHO andUN', 'The World Health Organization', 'Necessary Health services']"
1781,"The agreement updates and expands an existing 1997 agreement between the two organizations A key aim this year will be to support ongoing efforts to protect some 70 million forcibly displaced people from COVID-19 Around 26 million of these are refugees, 80 per cent of whom are sheltered in low and middle-income countries with weak health systems",70 million,How many forcibly displaced people are in COVID-19?,[]
1782," Another 40 million internally displaced people also require assistanceFor more than 20 years, UNHCR and WHO have worked together worldwide to safeguard the health of some of the world’s most vulnerable populations They have collaborated to provide health services to refugees in every region - from the onset of an emergency and through protracted situations, consistently advocating for the inclusion of refugees and stateless people in the national public health plans of host countries",40 million,How many internally displaced people require assistance?,[]
1783,"Today, the two organizations are working side by side to curb the spread of the COVID-19 pandemic and ensure that forcibly displaced people can access the health services they need, to keep safe from COVID-19 and other health challenges“UNHCR’s long-term partnership with WHO is critical to curb the coronavirus pandemic and other emergencies – day in, day out, it is improving and saving lives of millions of people forced to flee their homes,” said UN High Commissioner for Refugees, Filippo Grandi “Our strengthened partnership will directly benefit refugees, asylum seekers, internally displaced people, and those who are stateless",stateless,What type of people are affected by the COVID-19 pandemic?,"['Refuse to access health services', 'family members', 'immigrants']"
1784," The ongoing pandemic only highlights the vital importance of working together so we can achieve more""During Thursday’s signing UNHCR also joined the COVID-19 Solidarity Response Fund The Fund was launched on 13 March and has so far raised $214m to date",$214m,How much has the COVID-19 Solidarity Response Fund raised?,"['$4,735 m', '$ead', '$oodm.']"
1785," The Fund, first-of-its-kind, allows individuals, companies, and organizations all over the world to directly contribute to the global response being led by WHO to help countries prevent, detect and respond to COVID-19A $10 million contribution from the Solidarity Response Fund will support UNHCR’s work on urgent needs such as risk communication and community engagement around hygiene practices; provision of hygiene and medical supplies and the establishment of isolation units in countries such as Jordan, Kenya, Lebanon, South Sudan and UgandaThe funds will also support innovative global preparedness activities",the Solidarity Response Fund,What fund supports UNHCR's work on urgent needs?,"[""one's immediate needs"", 'the Global response', 'the Global warming Organization']"
1786,"“By joining forces with the Solidarity Response Fund, UNHCR can work together on the ground with WHO to better ensure that the preparedness, prevention and public health response measures to COVID-19 are in place and that much-needed aid can reach refugees, displaced people and their host communities,” said GrandiFor more information on UNHCR's COVID-19 operationsFor information about WHO's COVID-19 operations and work on Refugee and Migrant HealthSolidarity Response FundThe Fund was launched at WHO’s request by the UN Foundation and the Swiss Philanthropy Foundation in mid-March and it is only way for companies and individuals to contribute directly to the work of WHO and partners on the ground, and the fastest way to get resources where they are needed most urgently More than $100m from the Fund has already been disbursed, ensuring early vital work in the long fight against the pandemic",the Solidarity Response Fund,"What organization can UNHCR work together with to ensure that the preparedness, prevention and public health response measures to COVID-19 are in place?","['the UN Foundation', 'the WHO', 'the UN Foundation and the Swiss Philopsy Foundation']"
1787,"UNHCRUNHCR, the UN Refugee Agency, leads international action to protect people forced to flee their homes because of conflict and persecution We deliver life-saving assistance like shelter, food and water, help safeguard fundamental human rights, and develop solutions that ensure people have a safe place to call home where they can build a better future We also work to ensure that stateless people are granted a nationality",nationality,What does UN Refugee Agency work to ensure stateless people are granted?,"['Human rights', 'the rights of the people', 'stateless people']"
1788,"UNHCR is taking measures to help respond to the COVID-19 public health emergency and prevent further spread Working together with governments, UNHCR ensures refugees are included in national health response plans and are well-informed on how to prevent the spread of COVID-19, have access to soap and clean water, and continue to receive the life-saving aid and assistance they needThe World Health OrganizationThe World Health Organization provides global leadership in public health within the United Nations system",the COVID-19 public health emergency,UNHCR is taking measures to help respond to what?,"['the world Health organization', 'the World Health Organization', 'a World Health organization']"
1789," Founded in 1948, WHO works with194 Member States, across six regions and from more than 150 offices,to promote health, keep the world safe and serve the vulnerable Our goal for 2019-2023 is to ensure that a billion more people have universal health coverage, to protect a billion more people from health emergencies, and provide a further billion people with better health and wellbeingFor updates on COVID-19 and public health advice to protect yourself from coronavirus, visitwww",a billion,How many people have universal health coverage for 2019-2023?,"['a lot of people.', 'A billion', 'two billion']"
1790,"intand follow WHO onTwitter,Facebook,Instagram,LinkedIn,TikTok,Pinterest,Snapchat,YouTubeMessage from Dr Tereza Kasaeva, Director, WHO Global TB ProgrammeWHO / Elena LongariniDear colleagues, partners and friends, The current COVID-19 crisis has been a test for countries, health systems, key stakeholders, and those delivering health services at the front line In the presence of new health threats like COVID-19,it has become even more critical to protect those most vulnerable and ensure continuity of care for those grappling with ongoing epidemics like tuberculosis (TB)",WHO Global TB Programme,What is Elena Longarini's name?,"['A health risk -19', 'A programme in Health care', 'The present Health risk']"
1791,"As we look forward to the easing of lockdown measures across many countries over this week and the coming weeks, we need to take the opportunity to build on lessons learned and put in place measures to mitigate future crises and disruptionof health services for those in needSince January 2020, when Dr Tedros Adhanom Ghebreyesus, WHO Director-General declared the novel coronavirus outbreak (2019-nCoV) a Public Health Emergency of International Concern, the WHO Global TBProgramme with Regional and Country Offices, in close collaboration with partners and civil society has been monitoring the impact of the COVID-19 pandemic and providing guidance and technical support to countries We are also collating data and experiencesof COVID-19 patients with concurrent or previous history of TB to document the natural history of disease and outcomes in these patients",easing of lockdown measures,What will happen in many countries over the coming weeks?,"['helping to prevent health diseases', 'helping the government to prevent disease', 'Eleven measures']"
1792," Here are a few highlights:January onwards (still ongoing): Regular coordination with WHO Regional and Country Offices, partners and civil society to monitor impact of COVID-19 on TB services Technical assistance, guidance and support is being provided tocountries on service delivery, infection control, and drug and diagnostics supply managementMarch: On 20 March, WHO issued an information note on considerations for TB services during the COVID-19 crisis",20 March,When did WHO issue an information note on considerations for TB services during the COVID-19 crisis?,[]
1793," The note was developed with inputs from WHO regional and country offices, key partners and civil society including, USAID,Stop TB Partnership, Global Fund and the WHO Civil Society Taskforce on TB On 24 March, WHO organized an Online Talk Show on World TB Day, with a keynote speech delivered by Dr Tedros Adhanom Ghebreyesus, WHO Director-General Dr Tedros highlightedthe importance to continue efforts to tackle longstanding health problems, including TB during global outbreaks such as COVID-19","WHO regional and country offices, key partners and civil society",Who contributed to the note?,"[' WHO regional and country offices, USA ID,Stop AIDS and the WHO Civil Society work force', 'World TB Day', 'The WHO Civil Society taskforce on TB']"
1794, Following the TalkShow a joint virtual townhall was organized with Stop TB Partnership on TB and COVIDApril: Scientific Brief on BCG vaccination and COVID-19 was released on 12 April Two webinars were organized at the end of April jointly by WHO and the Stop TB Partnership on TB and COVID,12 April,When was the talkShow released?,"['April', '7 April', '7 May']"
1795,May: WHO modelling and analysis on impact of COVID-19 on TB mortality was published on 4 May Modelling is being used to inform planning and budgeting for TB prevention and care and to provide a basis for funding requirements Ananalysis was also undertaken across 6 WHO Regions on the impact of COVID-19 on the implementation of National TB Programmes,4 May,When was the WHO modelling and analysis on the impact of COVID-19 on TB mortality published?,"['6 WHO Regions', 'When was it published', 'before the date of its published']"
1796,"In parallel with these efforts to tackle TB and COVID-19, continue our core functions for the global TB response This includes the development and roll out of new guidelines, in March we released new guidelines on TB preventive treatment Countries continueto be supported to, build their capacity, implement new guidelines, ensure continuity of care and strengthen accountability",TB preventive treatment,What new guidelines were released in March?,"['B TB medicine', 'The first few new rules', ' TB prevention']"
1797," We are also working on the finalization of the Global TB Strategy for TB Research and Innovation and the UN Secretary General2020 Progress Report on TB The coming months will be critical for all of us, especially for those affected by both TB and COVID-19 We need to focus on the following key actions:Ensure effective infection prevention and control measures, to protect the health and safety of health workers, staff, and patients","the health and safety of health workers, staff, and patients",What do we need to do to protect?,[]
1798, Personal protective equipment should be provided for all health staff involved in care delivery forboth TB and COVID-19Stand against stigma and discrimination and promote the human rights of the most vulnerable Stigma and fear around communicable diseases like TB and COVID-19 hamper the public health response,public health response,What does TB and COVID-19 hamper?,"['people with mental illness', ' TB and COVillage-19 hamper', 'an official health response']"
1799," Governments, citizens, media and communitieshave an important role to play in preventing and stopping stigmaScale up simultaneous testing for TB and COVID-19, taking into consideration similarity of symptoms (cough, fever and difficulty breathing), and based on exposure or presence of risk factors As countries prepareto share existing molecular platforms for COVID-19 testing, it will be essential to maintain current molecular diagnostic services for TB patients",preventing and stopping stigma,"Governments, citizens, media and communities have an important role to play in what?","['helping patients with mental problems', 'stopping joint testing for TB patients', 'stopping smoking and treating TB']"
