,context,answer,question,distractor
400," Note that the dates listed for documents are based on when they werefinalizedand timestamped------31 Dec 2019WHO’s Country Office in the People’s Republic of China picked up a media statement by the Wuhan Municipal Health Commission from their website on cases of ‘viral pneumonia’ in Wuhan, People’s Republic of ChinaThe Country Office notified the International Health Regulations (IHR) focal point in the WHO Western Pacific Regional Office about the Wuhan Municipal Health Commission media statement of the cases and provided a translation of it",the Wuhan Municipal Health Commission,Who picked up a media statement from their website on cases of 'viral pneumonia' in Wuhan?,"[' WHO', 'the WHO Western Pacific regional Office', 'a Wuhn Public Health Report']"
401,"WHO’s Epidemic Intelligence from Open Sources (EIOS) platform also picked up amedia reporton ProMED (a programme of the International Society for Infectious Diseases) about the same cluster of cases of “pneumonia of unknown cause”, in WuhanSeveral health authorities from around the world contacted WHO seeking additional information1 January 2020WHO requested information on the reported cluster of atypical pneumonia cases in Wuhan from the Chinese authorities",ProMED,What is a programme of the International Society for Infectious Diseases called?,"['China', ""China's Pneumonia cases"", 'Wuhan']"
402,"WHO activated itsIncident Management Support Team(IMST), as part of its emergency response framework, which ensures coordination of activities and response across the three levels of WHO (Headquarters, Regional, Country) for public health emergencies2 January 2020The WHO Representative in China wrote to the National Health Commission, offering WHO support and repeating the request for further information on the cluster of casesWHO informedGlobal Outbreak Alert and Response Network(GOARN) partners about the cluster of pneumonia cases in the People’s Republic of China",WHO,Who activated itsIncident Management Support Team?,"["" WHO's leader"", 'China', ""China's acting president, WHO""]"
403," GOARN partners include major public health agencies, laboratories, sister UN agencies, international organizations and NGOs3 January 2020Chinese officials provided information to WHO on the cluster of cases of ‘viral pneumonia of unknown cause’ identified in Wuhan4 January 2020WHOtweetedthat there was a cluster of pneumonia cases – with no deaths – in Wuhan, Hubei province, People’s Republic of China, and that investigations to identify the cause were underway","Wuhan, Hubei province, People’s Republic of China",Where was there a cluster of cases of 'viral pneumonia of unknown cause' identified?,"[""There was no shortage of cases of 'viral infections' identified in China"", 'There was a big problem in Wuhan, Hubei province', 'There were some more cases of ""viral coughs of unknown cause"" identified']"
404,"5 January 2020WHO shared detailed information about a cluster of cases of pneumonia of unknown cause through the IHR (2005) Event Information System, which is accessible to all Member States The event notice provided information on the cases and advised Member States to take precautions to reduce the risk of acute respiratory infectionsWHO issued its first Disease Outbreak News report",5 January 2020,When did WHO share detailed information about a cluster of cases of pneumonia of unknown cause?,[]
405," This is a public, web-based platform for the publication of technical information addressed to the scientific and public health communities, as well as global media The report contained information about the number of cases and their clinical status; details about the Wuhan national authority’s response measures; and WHO’s risk assessment and advice on public health measures It advised that “WHO’s recommendations on public health measures and surveillance of influenza and severe acute respiratory infections still apply”",WHO’s recommendations on public health measures and surveillance of influenza and severe acute respiratory infections,What did WHO advise about public health measures and surveillance of influenza and severe acute respiratory infections still apply?,"[""Because WHO's report contained information about the number of cases and their clinical status"", ""The Wuhan national authority's response measures"", "" WHO's risk assessment and advice on public health measures""]"
406,"9 January 2020WHO reported that Chinese authorities have determined that the outbreak is caused by a novel coronavirusWHO convened the first of many teleconferences with global expert networks, beginning with the Clinical Network10-12 January 2020WHO published a comprehensive package of guidance documents for countries, covering topics related to the management of an outbreak of a new disease:Infection prevention and controlLaboratory testingNational capacities review toolRisk communication and community engagementDisease Commodity Package (v1)Disease Commodity Package (v2)Travel adviceClinical managementSurveillance case definitions10 January 2020TheStrategic and Technical Advisory Group on Infectious Hazards(STAG-IH) held itsfirst meetingon the novel coronavirus outbreak",9 January 2020,When did the WHO report that the outbreak is caused by a novel coronavirus?,"['1 January 2020.9 January 2020.9 January 2020 [ 4 January 2020 )', '10-12 January 2020', '1-3 years after it was published']"
407,11 January 2020WHOtweetedthat it had received the genetic sequences for the novel coronavirus from the People’s Republic of China and expected these to soon be made publicly availableChinese media reported the first death from the novel coronavirus13 January 2020WHO convened the first teleconference with the diagnostics and laboratories global expert network,the first teleconference,What was the first teleconference for the novel coronavirus?,"['the first death from the novel carnation', 'The first death of the novel refriger virus', 'the first killing of the novelirus']"
408,"The Ministry of Public Health in Thailand reported an imported case of lab-confirmednovel coronavirus from Wuhan, the first recorded case outside of the People’s Republic of ChinaWHO publishesfirst protocol for a RT-PCR assayby a WHO partner laboratory to diagnose the novel coronavirus14 January 2020WHO held a press briefing during which itstatedthat, based on experience with respiratory pathogens, the potential for human-to-human transmission in the 41 confirmed cases in the People’s Republic of China existed: “it is certainly possible that there is limited human-to-human transmission”",Wuhan,Where did the Ministry of Public Health report an imported case of lab-confirmednovel coronavirus?,"[""The People's Republic of China"", 'China', ' lab- confirmed']"
409,"WHO tweetedthat preliminary investigations by the Chinese authorities had found “no clear evidence of human-to-human transmission” In itsrisk assessment, WHO said additional investigation was “needed to ascertain the presence of human-to-human transmission, modes of transmission, common source of exposure and the presence of asymptomatic or mildly symptomatic cases that are undetected”15 January 2020The Japanese Ministry of Health, Labour and Welfare informed WHO of a confirmed case of a novel coronavirus in a person who travelled to Wuhan",Wuhan,"Where did the Japanese Ministry of Health, Labour and Welfare inform WHO of a confirmed case of a novel coronavirus?","['In Japan', 'A Japanese Ministry', 'Where did the Japanese Ministry of Health, Labour and welfare inform WHO']"
410," This was the second confirmed case detected outside of the People’s Republic of ChinaWHO statedthat considering global travel patterns, additional cases in other countries were likely16 January 2020The Pan American Health Organization/WHO Regional office for the Americas (PAHO/AMRO) issued itsfirst epidemiological alerton the novel coronavirus",the novel coronavirus,What was the first epidemiological alert issued by the Pan American Health Organization/WHO Regional office for the Americas?,"[""the second confirmed case outside of the People's Republic of China"", 'the human body', 'the Pan American Health Organization/ WHO regional office for theAmericatracis']"
411," The alert included recommendations covering international travellers, infection prevention and control measures and laboratory testing 17 January 2020WHO convened the first meeting of the analysis and modelling working group for the novel coronavirus19 January 2020The WHO Western Pacific Regional Office (WHO/WPRO)tweetedthat, according to the latest information received and WHO analysis, there was evidence of limited human-to-human transmission",there was evidence of limited human-to-human transmission,What did the WHO Western Pacific Regional Office say was evidence of?,"['it was evidence that human transmission was limited', 'the alert included suggestions for infection prevention and control measures', 'There was evidence of human transmission']"
412,"20 January 2020WHO publishedguidanceon home care for patients with suspected infection20-21 January 2020WHO conducted thefirst mission to Wuhanand met with public health officials to learn about the response to the cluster of cases of novel coronavirus21 January 2020WHO/WPROtweetedthat it was now very clear from the latest information that there was “at least some human-to-human transmission”, and that infections among health care workers strengthened the evidence for this",20 January 2020WHO publishedguidanceon home care for patients with suspected infection,What year did WHO publishguidanceon home care for patients with suspected infection?,"['20 January 2020', '16 January 2020 -- 20Jan 2020', 'It was the first time that WHO publishedguidanceon home care for patients with suspectedcrime ( 3 month lead 20 2017 29 19 discovery Brazilieck health exams dateing date& Change 1 montholdu discovery Making public cleanbel Conflex a& home center developmentwas Project!on adventure since Kind Mother disease and its care for its first purpose']"
413,22 January 2020The WHO mission to Wuhan issueda statementsaying that evidence suggested human-to-human transmission in Wuhan but that more investigation was needed to understand the full extent of transmission22-23 January 2020The WHO Director-Generalconvenedan IHR Emergency Committee (EC) regarding the outbreak of novel coronavirus The EC was comprised of15 independent experts from around the world and was charged with advising the Director-General as to whether the outbreak constituted a public health emergency of international concern (PHEIC),15,How many independent experts were in the EC?,"['16', '10', '17 experts']"
414,"The Committee was not able to reach a conclusion on 22 January based on the limited information available As the Committee was not able to make a recommendation, the Director-General asked the Committee to continue its deliberations the next day The Director-General held amedia briefingon the novel coronavirus, to provide an update on the Committee’s deliberations",22 January,When was the Committee unable to reach a conclusion?,[]
415,"The EC met again on 23 January and members were equally divided as to whether the event constituted a PHEIC, as several members considered that there was still not enough information for it, given its restrictive and binary nature (only PHEIC or no PHEIC can be determined; there is no intermediate level of warning) As there was a divergence of views, the EC did not advise the Director-General that the event constituted a PHEIC but said it was ready to be reconvened within 10 days The ECformulated advicefor WHO, the People’s Republic of China, other countries and the global community","WHO, the People’s Republic of China, other countries and the global community",Who did the EC advise the Director-General about the PHEIC?,"[' WHO, others and the global community', 'The post office, the People and the global community, the US and the global community.', 'The Chinese and the general of the society']"
416,"The Director-General accepted the advice of the Committee andheld a second media briefing, giving astatementon the advice of the EC and what WHO was doing in response to the outbreak24 January 2020France informed WHO of three cases of novel coronavirus, all of whom had travelled from Wuhan These werethe first confirmed cases in the WHO European region(EURO)",the EC,Who did the Director-General give to WHO in response to the outbreak?,"[' WHO', 'noise from WHO', 'the scientist']"
417,"WHO held aninformal consultationon the prioritization of candidate therapeutic agents for use in novel coronavirus infectionThe Director of the Pan American Health Organization (PAHO)urged countries in the Americasto be prepared to detect early, isolate and care for patients infected with the new coronavirus, in case of receiving travelers from countries where there was ongoing transmission of novel coronavirus cases The Director spoke at a PAHO briefing for ambassadors of the Americas to the Organization of American States (OAS) in Washington",the prioritization of candidate therapeutic agents for use in novel coronavirus infection,What did WHO hold an informal consultation on?,"['the priority of candidate antivirus infection', 'the finding of early, separated and care for patients infected with the new carn virus', 'the selection and treatment of patients infected with the new carnion']"
418,"27-28 January 2020A senior WHO delegation led by the Director-General arrived in Beijing to meet Chinese leaders, learn more about the response in the People’s Republic of China, and to offer technical assistanceThe Director-General met with President Xi Jinpingon 28 January, and discussed continued collaboration on containment measures in Wuhan, public health measures in other cities and provinces, conducting further studies on the severity and transmissibility of the virus, continuing to share data, and a request for China to share biological material with WHO They agreed that an international team of leading scientists should travel to China to better understand the context, the overall response, and exchange information and experience",27-28 January 2020,When did the Director-General arrive in Beijing?,[]
419,"29 January 2020On his return to Switzerland from China, the Director-General presented anupdateto Member States on the response to the outbreak of novel coronavirus infection in China, at the 30th Meeting of the Programme, Budget and Administration Committee (PBAC) of the Executive Board He informed the PBAC that he had reconvened the Emergency Committee on the novel coronavirus under the IHR (2005), which would meet the following day to advise on whether the outbreak constituted a PHEICThe Director-General also held apress briefingon his visit to China and announced the reconvening of the EC the next day","the 30th Meeting of the Programme, Budget and Administration Committee (PBAC) of the Executive Board",At what meeting did the Director-General present anupdate on the response to the outbreak of novel coronavirus infection in China?,"['the 30 \n th meeting of the Programme', 'the 1-day meeting of the Executive Board', 'the 1 \n th""ld Social Concern']"
420," The Director-General based the decision to reconvene on the “deeply concerning” continued increase in cases and evidence of human-to-human transmission outside China, in addition to the numbers outside China holding the potential for a much larger outbreak, even though they were still relatively small The Director-General also spoke of his agreement with President Xi Jinping that WHO would lead a team of international experts to visit China as soon as possible to work with the government on increasing the understanding of the outbreak, to guide global response effortsWHO held the first of its weekly informal discussions with a group of public health leaders from around the world, in line with its commitment to conducting listening exercises and outreach beyond formal mechanisms",conducting listening exercises and outreach beyond formal mechanisms,What was the WHO commitment to?,"['holding informal discussions with a group of public health leaders', 'exercising with the Chinese government for a meeting of public health leaders', 'working out an informal meeting with the leader of China']"
421,"The United Arab Emirates reported the first cases in the WHO Eastern Mediterranean Region The Regional Directoraffirmedthat the Regional Office continued to monitor disease trends and work with Member States to ensure the ability “to detect and respond to potential cases” The Pandemic Supply Chain Network (PSCN) created by WHO, in collaboration with the World Economic Forum,heldits first meeting",WHO Eastern Mediterranean Region,Where did the United Arab Emirates report the first cases?,"[' WHO Southern Mediterranean regions', 'The United Arab Emirates', 'The U Arab Countries']"
422," The mission of PSCN is “to create and manage a market network allowing for WHO and private sector partners to access any supply chain functionality and asset from end-to-end anywhere in the world at any scale”WHO publishedadviceon the use of masks in the community, during home care and in health care settings30 January 2020WHO held a Member State briefing to provide more information about the outbreak",a Member State briefing,What did PSCN hold to provide more information about the outbreak?,"['a Health care setting', 'a information about the outbreak', 'an official warning']"
423,The WHO Director-General reconvened theIHR Emergency Committee(EC)The EC advised the Director-General that the outbreak now met the criteria for a PHEIC The Director-General accepted the EC’s advice anddeclared the novel coronavirus outbreak a PHEIC,the novel coronavirus outbreak,What did the Director-General declare a PHEIC?,"['the newly declared PHEIC', 'the newly established orphan virus outbreak', 'the word for a PHEIC']"
424," At that time there were 98 cases and no deaths in 18 countries outside China Four countries had evidence (8 cases) of human-to-human transmission outside China (Germany, Japan, the United States of America, and Viet Nam)The EC formulated advice for the People’s Republic of China, all countries and the global community, which the Director-General accepted and issued as Temporary Recommendations under the IHR",98,How many cases of human-to-human transmission were there at the time?,"['85', 'When did the human- to-human transmission stop in China?', 'In all there were 8 cases of human- to-human transmission outside China at the time.']"
425," The Director-General gave a statement, providing an overview of the situation in China and globally; the statement also explained the reasoning behind the decision to declare a PHEIC and outlined the EC's recommendations31 January 2020WHO’s Regional Director for Africa sent out a guidance note to all countries in the Region emphasising the importance ofreadiness and early detection of cases2 February 2020First dispatch of RT-PCR lab diagnostic kits shipped to WHO Regional Offices",WHO Regional Offices,Where was the first dispatch of RT-PCR lab diagnostic kits shipped to?,"[' WHO regional offices', 'RPCR lab tests', 'RPCR Labagons']"
426,"3 February 2020WHO finalised itsStrategic Preparedness and Response Plan(SPRP), centred on improving capacity to detect, prepare and respond to the outbreak The SPRP translated what had been learned about the virus at that stage into strategic action to guide the development of national and regional operational plans Its content is structured around how to rapidly establish international coordination, scale up country preparedness and response operations, and accelerate research and innovation","how to rapidly establish international coordination, scale up country preparedness and response operations, and accelerate research and innovation",What is the purpose of the SPRP?,"['To help the development of national and regional operational plans', 'how to prepare and respond to the outbreak', 'how to increase country preparedness and response operations']"
427,"4 February 2020The WHO Director-General asked the UN Secretary-General to activate the UN crisis management policy, which held itsfirst meetingon 11 FebruaryDuring the 146thExecutive Board, WHO held a technical briefing on the novel coronavirus In hisopening remarks, the Director-General urged Member States to prepare themselves by taking action now, saying “We have a window of opportunity",11 February,When was the first meeting of the UN crisis management policy held?,"['9 February', '4 February', '18 January']"
428," While 99% of cases are in China, in the rest of the world we only have 176 cases”Responding to a questionat the Executive Board, the Secretariat said, “it is possible that there may be individuals who are asymptomatic that shed virus, but we need more detailed studies around this to determine how often that is happening and if this is leading to secondary transmission”5 February 2020WHO's headquarters began holding daily media briefings on the novel coronavirus, the first time that WHO has held daily briefings by the Director-General or Executive Director of the WHO Health Emergencies Programme",99%,How many cases are in China?,"['82%', 'only 99% of cases are in China', '66 %']"
429,"9 February 2020WHO deployed an advance team for the WHO-China Joint Mission, having received final sign-off from the People’s Republic of China that day The mission had been agreed between the Director-General and President Xi Jinping during the WHO delegation’s visit to China at the end of January The advance team completed five days of intensive preparation for the Mission, working with China’s National Health Commission, the Chinese Center for Disease Control and Prevention, local partners and related entities and the WHO China Country Office","China’s National Health Commission, the Chinese Center for Disease Control and Prevention, local partners and related entities and the WHO China Country Office",Who did the WHO-China Joint Mission work with?,"['The WHO China Country Office', 'The Chinese Center for Disease Control and Prevention', ""China's National Health Service, the Chinese Center for Disease Control and prevention""]"
430,"11 February 2020WHO announced that the disease caused by the novel coronavirus would be namedCOVID-19 Followingbest practices, the name of the disease was chosen to avoid inaccuracy and stigma and therefore did not refer to a geographical location, an animal, an individual or group of people11-12 February 2020WHO convened a   Global Research and Innovation Forumon the novel coronavirus, attended in person by more than 300 experts and funders from 48 countries, with a further 150 joining online",150,How many people joined the Global Research and Innovation Forum on the novel coronavirus?,"['300', 'visitors from all over the world join in person', '300 experts and funders from different countries']"
431,"Participants came together to assess the level of knowledge, identify gaps and work together to accelerate and fund priority research, with equitable access as a fundamental principle underpinning this workTopics covered by the Forum included: the origin of the virus, natural history, transmission, diagnosis; epidemiological studies; clinical characterization and management; infection prevention and control; R&D for candidate therapeutics and vaccines; ethical considerations for research; and the integration of the social sciences into the outbreak responseThe Forum was convened in line with theWHO R&D Blueprint, which was activated to accelerate diagnostics, vaccines and therapeutics for this novel coronavirus","to accelerate diagnostics, vaccines and therapeutics",What was the WHO R&D Blueprint activated for?,"['to prepare a plan for the novel coinavirus', 'to help cure disease and disease', 'to provide more opportunities for more science']"
432,"12 February 2020Supplementing the SPRP with further detail, WHO publishedOperational Planning Guidelines to Support Country Preparedness and Response, structured around the eight pillars of country-level coordination, planning, and monitoring; risk communication and community engagement; surveillance, rapid response teams, and case investigation; points of entry; national laboratories; infection prevention and control; case management; and operational support and logistics These guidelines operationalised technical guidance, such as that published on 10-12 January13 February 2020WHO’s Digital Solutions Unit convened a roundtable of 30 companies in Silicon Valley to help build support for WHO to keep people safe and informed about COVID-19",12 February 2020,When was the WHO publishedOperational Planning Guidelines to Support Country Preparedness and Response?,[]
433,"14 February 2020Based on lessons learned from the H1N1 and Ebola outbreaks, WHO finalisedguidelinesfor organizers of mass gatherings, in light of COVID-1915 February 2020The Director-General spoke at the Munich Security Conference, a global forum dedicated to issues of international security, including health security, where he also held several bilateral meetingsIn hisspeech, the Director-General made three requests of the international community: use the window of opportunity to intensify preparedness, adopt a whole-of-government approach and be guided by solidarity, not stigma He also expressed concern at the global lack of urgency in funding the response",the global lack of urgency in funding the response,What did the Director-General express concern about?,"['the global forum dedicated to issues of international security', 'the need for a whole -of -government approach', ""the need for a whole -of -government solution solving earthquakes :-on't until we make full use of chances""]"
434,"16 February 2020The WHO-China Joint Mission began its work As part of the mission to assess the seriousness of this new disease; its transmission dynamics; and the nature and impact of China’s control measures, teams made field visits to Beijing, Guangdong, Sichuan and WuhanThe Mission consisted of 25 national and international experts from the People’s Republic of China, Germany, Japan, the Republic of Korea, Nigeria, the Russian Federation, Singapore, the United States of America and WHO, all selected after broad consultation to secure the best talent from a diversity of geographies and specialties",25,How many national and international experts did the WHO-China Joint Mission consist of?,"['16 February 2020', '10', '25 national and international experts']"
435," It was led by a Senior Advisor to the WHO Director-General, with the Head of Expert Panel of COVID-19 Response at the China National Health Commission (NHC) as co-leadThroughout the global outbreak, WHO has regularly sent missions to countries to learn from and support responses, at the request of the affected Member State Particularly in the early stages of the worldwide COVID-19 response,missionswent to countries facing relatively high levels of community transmission, such as theIslamic Republic of Iran, Italy, andSpain",China National Health Commission,Where was the Head of Expert Panel of COVID-19 Response?,"['The WHO Director-General', 'China Health Department', 'A Senior Advisor to the WHO Director-General']"
436,"The Mission warned that ""much of the global community is not yet ready, in mindset and materially, to implement the measures that have been employed to contain COVID-19 in China”The Mission stressed that “to reduce COVID-19 illness and death, near-term readiness planning must embrace the large-scale implementation of high-quality, non-pharmaceutical public health measures”, such as case detection and isolation, contact tracing and monitoring/quarantining and community engagementMajor recommendations were developed for the People’s Republic of China, countries with imported cases and/or outbreaks of COVID-19, uninfected countries, the public and the international community",the public and the international community,Who did the Mission recommend for the People's Republic of China?,"['the Chinese people', 'people with imported cases', ""the people's Republic of China""]"
437," For example, in addition to the above, countries with imported cases and/or outbreaks were recommended to ""immediately activate the highest level of national Response Management protocols to ensure the all-of-government and all-of-society approach needed to contain COVID-19""Success was presented as dependent on fast decision-making by top leaders, operational thoroughness by public health systems and societal engagementIn addition to the Mission press conference, WHO publishedoperational considerationsfor managing COVID-19 cases and outbreaks on board ships, following the outbreak of COVID-19 during an international voyage",WHO,Who publishedoperational considerations for managing COVID-19 cases and outbreaks on board ships?,"['The government', 'Aided by top leaders', 'Aidedby the government']"
438,"25 February 2020Confirmation of the second case in WHO's African Region, in Algeria This followed the earlier reporting of a case in Egypt, the first on the African continent The Regional Director for Africa called for countries to step up their readiness",the second case in WHO's African Region,What was the first case on the African continent?,"['the two cases in Egypt', 'at the first of two cases on the African continent', 'the first case in the African region']"
439,"27 February 2020WHO publishedguidanceon the rational use of personal protective equipment, in view of global shortages This provided recommendations on the type of personal protective equipment to use depending on the setting, personnel and type of activity28 February 2020TheReport of the WHO-China Joint Missionwas issued, as a reference point for countries on measures needed to contain COVID-19",WHO-China Joint Mission,What was the reference point for countries on measures needed to contain COVID-19?,"['Why was it named CO Choose-19?', 'China Daily', 'The report of the WHO-China Joint Mission']"
440,29 February 2020WHO publishedconsiderationsfor the quarantine of individuals in the context of containment for COVID-19 This described who should be quarantined and the minimum conditions for quarantine to avoid the risk of further transmission3 March 2020WHO issued acallfor industry and governments to increase manufacturing by 40 per cent to meet rising global demand in response to the shortage of personal protective equipment endangering health workers worldwide,40,How much did the industry and governments expect to increase manufacturing in response to the shortage of personal protective equipment endangering health workers worldwide?,"['50', 'How much did the industry and governments expect to increase their business in response to the shortage of health workers worldwide?', 'How long did it take to keep the human protective equipment endangering health workers?']"
441," These include the natural history of the virus, epidemiology, diagnostics, clinical management, ethical considerations and social sciences, as well as longer-term goals for therapeutics and vaccines7 March 2020To mark the number of confirmed COVID-19 cases surpassing 100 000 globally, WHO issued astatementcalling for action to stop, contain, control, delay and reduce the impact of the virus at every opportunityWHO issued a consolidated package of existingguidancecovering the preparedness, readiness and response actions for four different transmission scenarios: no cases, sporadic cases, clusters of cases and community transmission","no cases, sporadic cases, clusters of cases and community transmission",What were the four different transmission scenarios?,"['two cases, complaint cases and communityClaude cases', 'no case, complaint cases, families of cases and community transmission. [ : Zxxk. Com ]', 'no cases of any kind, regardless of the age']"
442,"9 March 2020The Global Preparedness Monitoring Board, an independent high-level body established by WHO and the World Bank, responsible for monitoring global preparedness for health emergencies,called for an immediate injection of US$8 billion for the COVID-19 responseto: support WHO to coordinate and prioritize support efforts to the most vulnerable countries; develop new diagnostics, therapeutics, and vaccines; strengthen unmet needs for regional surveillance and coordination; and to ensure sufficient supplies of protective equipment for health workers10 March 2020WHO, UNICEF and the International Federation of Red Cross and Red Crescent Societies (IFRC) issuedguidanceoutlining critical considerations and practical checklists to keep schools safe, with tips for parents and caregivers, as well as children and students themselves11 March 2020Deeply concerned both by the alarming levels of spread and severity, and by the alarming levels of inaction,WHO made the assessmentthat COVID-19 could be characterized as a pandemic",WHO and the World Bank,Who established the Global Preparedness Monitoring Board?,"[' WHO', 'The World Health', ' WHO and the International Federation ofRed Cross and Redturning.']"
443,"Speaking at theCOVID-19 media briefing, the Director-General highlighted how WHO had been in full response mode since being notified of the first cases and ""called every day for countries to take urgent and aggressive action""Recognising that COVID-19 was not just a public health crisis but one that would touch every sector, he restated WHO's call – made from the beginning – for countries to take a whole-of-government, whole-of-society approach, built around a comprehensive strategy to prevent infections, save lives and minimize impactEmphasising that ""we cannot say this loudly enough, or clearly enough, or often enough"", he stressed that ""all countries can still change the course of this pandemic"" if they “detect, test, treat, isolate, trace, and mobilize their people in the response”",COVID-19,What media briefing did the Director-General speak at?,"["" WHO's call"", 'World Health crisis', ' WHO']"
444," Injust 10 days, the Fund raised more than US$70 million, from more than 187,000 individuals and organizations, to help health workers on the front lines to do their life-saving work, treat patients and advance research for treatments and vaccines16 March 2020WHO launched theCOVID-19 Partners Platformas an enabling tool for all countries, implementing partners, donors and contributors to collaborate in the global COVID-19 response The Partners Platform features real-time tracking to support the planning, implementation and resourcing of country preparedness and response activities","187,000",How many individuals and organizations raised more than US$70 million?,"['2012', 'piplay', '50,000, 000']"
445,"17 March 2020WHO, together with the International Federation of Red Cross and Red Crescent Societies (IFRC), International Organization for Migration (IOM) and the UN Refugee Agency (UNHCR) published guidance onscaling-up COVID-19 outbreak readiness and response operations in camps and camp-like settings18 March 2020WHO and partners launched theSolidarity trial, an international clinical trial that aims to generate robust data from around the world to find the most effective treatments for COVID-19While randomized clinical trials normally take years to design and conduct, the Solidarity trial was designed to accelerate this process",Solidarity trial,What is the name of the international clinical trial that aims to generate robust data from around the world to find the most effective treatments for COVID-19,"['China and the USA', 'International clinical trial', 'TheInternational clinical trials']"
446, Enrolling patients in one single randomized trial was to help facilitate the rapid worldwide comparison of unproven treatments This arrangement was also to overcome the risk of multiple small trials not generating the strong evidence needed to determine the relative effectiveness of potential treatmentsWHO publishedguidanceon mental health and psychosocial considerations during the COVID-19 outbreak,the COVID-19 outbreak,During what outbreak did randomized trials help determine the relative effectiveness of unproven treatments?,"['the CO study on mental health', ""people's attitude toward the COUV-19 outbreak"", 'the Bicycles of the trial']"
447,"20 March 2020WHO Health Alert, which offers instant and accurate information about COVID-19,launchedon WhatsApp It is available in multiple languages with users around the world21 March 2020In light of many Member States facing shortfalls in testing capacity, WHO published laboratory testing strategy recommendationsfor COVID-19",WHO,"Who offers instant and accurate information about COVID-19,launchedon WhatsApp?","['who is the first to launch COUV-19,providing information', 'A Health Alert-at', 'What is offered to each person through the company']"
448," 23 March 2020WHO and FIFAlaunchedthe ‘Pass the message to kick out coronavirus’ awareness campaign, led by world-renowned footballers, who called on people around the world to protect their health, through hand washing, coughing etiquette, not touching one’s face, maintaining physical distance and staying home if feeling unwell25 March 2020The UNGlobal Humanitarian Response Planwas launched by the WHO Director-General, UN Secretary-General, UN Under-Secretary-General for Humanitarian Affairs and UNICEF Executive DirectorWHO also updated itsoperational planning guidelinesto help countries balance the demands of responding directly to COVID-19 while maintaining essential health service delivery, protecting health care workers and mitigating the risk of system collapse",coronavirus,What awareness campaign did WHO and FIFA launch?,"['people around the world', 'the awareness campaign', 'human beings']"
449,"A WHO survey showed that many people who had severe COVID-19 disease were already living with or at risk for noncommunicable diseases (NCDs) The results emphasize the importance of maintaining a healthy lifestyle including being physically active, having a healthy diet, and avoiding tobacco and alcohol“We are pleased to partner with the International Olympic Committee to spread important health messages that will save lives",COVID-19,What type of disease were people already living with or at risk for noncommunicable diseases?,"['Ncommunicative disease', 'Noncommunicating disease', 'Noncommunicated diseases']"
450," Olympians will help us advocate for healthier populations to ensure that people are as resilient as our health systems must be to fight COVID-19,” said Dr Tedros Adhanom Ghebreyesus, Director-General, WHOOver the past six months, the COVID-19 pandemic has impacted every corner of the globe and every aspect ofpeople‘slivesThe world is looking for global institutionsto work together andfor leaders to deliverreliable, credibleinformation from sources they trust",leaders,Who is looking for global institutions to work together to deliver credible information from sources they trust?,"['people', ""people's health system"", 'athletes']"
451," Olympic athletes are symbols of strength that can act as trusted messengers for this informationIOC President Thomas Bachsaid, “Sport can save lives We have seen over the last few months just how important sport and physical activity are for health and well-being",Olympic athletes,Who are symbols of strength that can act as trusted messengers for this information?,"['Olympic president', 'Athletes', 'Bach said this']"
452," And working together with the WHO and the United Nations we can take another step together We will ask our Olympic athletes to help share the information and best practice that the world needs now”António Guterres, Secretary-General of the United Nations, added“During this time of unprecedented challenges and change --from the COVID-19 pandemic to the ongoing struggle for racial and social justice, to the climate crisis --there has never been a greater need for global solidarity and hope",global solidarity and hope,What has never been a greater need for?,"['the fight for social justice', 'global social justice', 'global justice and world peace']"
453," The Olympic movementand its athleteshavealways brought out the best in humanity, and the UnitedNationsis pleased to work with the InternationalOlympicCommitteeandtheWorldHealthOrganizationin calling on people everywhereto unite and be #HEALTHYTogether”The global partnership will act locally, through the voices of Olympic athletes – voices that symbolize perseverance, dedication and endurance – qualities all individuals need during this public health challenge WHO will work with athletes to bring tailored health messages to people who are living through various stages of the pandemic through digital platforms",global partnership,What will act locally through the voices of Olympic athletes?,"['the Olympic movementand its supporters', 'the InternationalOmpiccommissionandtheWorld Health Organization', 'the Olympic movement']"
454,"As COVID-19 forces changes to our daily routines and lives – from how we interact with others to how we move and exercise – we need to pay attention to our own mental and physical health and help others who may need extra support By working together, the aim of the partnership on Olympic Day and every day is to stay Healthy TogetherFor more information, please visithttps://www",Olympic Day,What is the aim of the partnership?,"['Working together. like never', 'When to celebrate Olympic Day', 'When to Use the partnership']"
455,"int/campaigns/connecting-the-world-to-combat-coronavirus/healthytogetherGENEVA - Prevention and treatment services for noncommunicable diseases (NCDs) have been severely disrupted since the COVID-19 pandemic began, according to a WHO survey released today The survey, which was completed by 155 countries during a 3-week period in May, confirmed that the impact is global, but that low-income countries are most affected",low-income countries,What type of countries are most affected by the COVID-19 pandemic?,[]
456," This situation is of significant concern because people living with NCDs are at higher risk of severe COVID-19-related illness and death “The results of this survey confirm what we have been hearing from countries for a number of weeks now,” said Dr Tedros Adhanom Ghebreyesus, Director-General of the World Health Organization “Many people who need treatment for diseases like cancer, cardiovascular disease and diabetes have not been receiving the health services and medicines they need since the COVID-19 pandemic began",COVID-19 pandemic,Why have many people not been receiving the health services and medicines they need since the outbreak of COVID-19?,"[""Because many people haven't been receiving the services and medicines"", 'People who are suffering from N CDs', ""People who haven't received the treatment for their disease""]"
457," It’s vital that countries find innovative ways to ensure that essential services for NCDs continue, even as they fight COVID-19”Service disruptions are widespreadThe main finding is that health services have been partially or completely disrupted in many countries More than half (53%) of the countries surveyed have partially or completely disrupted services for hypertension treatment; 49% for treatment for diabetes and diabetes-related complications; 42% for cancer treatment, and 31% for cardiovascular emergencies",31%,What percentage of NCDs have been disrupted for cardiovascular emergencies?,"['50%', '49% for treatment for diabetes and diabetes - related organisms', '54% for medical care']"
458," Rehabilitation services have been disrupted in almost two-thirds (63%) of countries, even though rehabilitation is key to a healthy recovery following severe illness from COVID-19Reassignment of staff and postponing of screeningIn the majority (94%) of countries responding, ministry of health staff working in the area of NCDs were partially or fully reassigned to support COVID-19 The postponement of public screening programmes (for example for breast and cervical cancer) was also widespread, reported by more than 50% of countries",50%,How many countries reported the postponement of public screening programmes?,[]
459," This was consistent with initial WHO recommendations to minimize non-urgent facility-based care whilst tackling the pandemicBut the most common reasons for discontinuing or reducing services were cancellations of planned treatments, a decrease in public transport available and a lack of staff because health workers had been reassigned to support COVID19 services In one in five countries (20%) reporting disruptions, one of the main reasons for discontinuing services was a shortage of medicines, diagnostics and other technologies","a shortage of medicines, diagnostics and other technologies",What was one of the main reasons for discontinuing services?,"['a lack of people and lack of support from the government', 'the lack of support from health workers', 'a decrease in public transport available']"
460," Unsurprisingly, there appears to be a correlation between levels of disruption to services for treating NCDs and the evolution of the COVID-19 outbreak in a country Services become increasingly disrupted as a country moves from sporadic cases to community transmission of the coronavirus Globally, two-thirds of countries reported that they had included NCD services in their national COVID-19 preparedness and response plans; 72% of high-income countries reported inclusion compared to 42% of low-income countries",42%,What percentage of low-income countries reported inclusion in COVID-19?,[]
461," Services to address cardiovascular disease, cancer, diabetes and chronic respiratory disease were the most frequently included Dental services, rehabilitation and tobacco cessation activities were not as widely included in response plans according to country reports Seventeen percent of countries reporting have started to allocate additional funding from the government budget to include the provision of NCD services in their national COVID-19 plan",COVID-19,What plan did seventeen percent of countries report to include the provision of NCD services in?,"['N CD services', 'Dental services', 'Nd services in']"
462," Alternative strategies for continuing care being implementedEncouraging findings of the survey were that alternative strategies have been established in most countries to support the people at highest risk to continue receiving treatment for NCDs Among the countries reporting service disruptions, globally 58% of countries are now using telemedicine (advice by telephone or online means) to replace in-person consultations; in low-income countries this figure is 42% Triaging to determine priorities has also been widely used, in two-thirds of countries reporting",58%,How many countries are using telemedicine to replace in-person consultations?,[]
463," Also encouraging is that more than 70% of countries reported collecting data on the number of COVID-19 patients who also have an NCD ”It will be some time before we know the full extent of the impact of disruptions to health care during COVID-19 on people with noncommunicable diseases,” said Dr Bente Mikkelsen, Director of the Department of Noncommunicable Diseases at WHO “What we know now, however, is that not only are people with NCDs more vulnerable to becoming seriously ill with the virus, but many are unable to access the treatment they need to manage their illnesses",more than 70%,How many countries reported collecting data on the number of COVID-19 patients who also have an NCD?,[]
464," It is very important not only that care for people living with NCDs is included in national response and preparedness plans for COVID-19 -̶ but that innovative ways are found to implement those plans  We must be ready to “build back better” ̶ strengthening health services so that they are better equipped to prevent, diagnose and provide care for NCDs in the future, in any circumstances”Editor’s noteNoncommunicable diseases kill 41 million people each year, equivalent to 71% of all deaths globally",71%,How much of all deaths worldwide are caused by noncommunicable diseases?,[]
465," Each year, 15 million people die from an NCD between the ages of 30 and 69 years; more than 85% of these ""premature"" deaths occur in low- and middle-income countriesWHO and Costa Rica launch landmark COVID-19 Technology Access PoolThirty countries and multiple international partners and institutions have signed up to support the COVID-19 Technology Access Pool (C-TAP) an initiative aimed at making vaccines, tests, treatments and other health technologies to fight COVID-19 accessible to allThe Pool was first proposed in March by President Carlos Alvarado of Costa Rica, who joined WHO Director-General Dr Tedros Adhanom Ghebreyesus today at the official launch of the initiative",15 million,How many people die each year from an NCD between the ages of 30 and 69 years?,"['85 %', '20 million', '15.000 - 64 million']"
466,"“The COVID-19 Technology Access Pool will ensure the latest and best science benefits all of humanity,” said President Alvarado of Costa Rica “Vaccines, tests, diagnostics, treatments and other key tools in the coronavirus response must be made universally available as global public goods”“Global solidarity and collaboration are essential to overcoming COVID-19,” said WHO Director-General Dr Tedros Adhanom Ghebreyesus",Global solidarity and collaboration,What are essential to overcoming COVID-19?,"['Worldwide public goods', 'International exchange and shared efforts', 'The COided-19 technology access pool']"
467," “Based on strong science and open collaboration, this information-sharing platform will help provide equitable access to life-saving technologies around the world”The COVID-19 (Technology) Access Pool will be voluntary and based on social solidarity It will provide a one-stop shop for scientific knowledge, data and intellectual property to be shared equitably by the global community",the global community,"Who will share scientific knowledge, data and intellectual property?","['scientists', 'an information - sharing platform', ""one's friends and relatives""]"
468,"The aim is to accelerate the discovery of vaccines, medicines and other technologies through open-science research, and to fast-track product development by mobilizing additional manufacturing capacity This will help ensure faster and more equitable access to existing and new COVID-19 health productsThere are five key elements to the initiative:Public disclosure of gene sequences and data;Transparency around the publication of all clinical trial results;Governments and other funders are encouraged to include clauses in funding agreements with pharmaceutical companies and other innovators about equitable distribution, affordability and the publication of trial data;Licensing any potential treatment, diagnostic, vaccine or other health technology to the Medicines Patent Pool - a United Nations-backed public health body that works to increase access to, and facilitate the development of, life-saving medicines for low- and middle-income countries","vaccines, medicines and other technologies",What is the aim of open-science research?,"['Vaccines and other technologies', 'Public announcement of all clinical trial results', 'Public disclosure of gene sequences and data']"
469,"Promotion of open innovation models and technology transfer that increase local manufacturing and supply capacity, including through joining the Open Covid Pledge and the Technology Access Partnership (TAP)With supportive countries across the globe, C-TAP will serve as a sister initiative to the Access to COVID-19 Tools (ACT) Accelerator and other initiatives to support efforts to fight COVID-19 worldwideWHO, Costa Rica and all the co-sponsor countries have also issued a “Solidarity Call to Action” asking relevant stakeholders to join and support the initiative, with recommended actions for key groups, such as governments, research and development funders, researchers, industry and civil society",Open Covid Pledge and the Technology Access Partnership,What is the name of the partnership that supports open innovation models and technology transfer?,"['Open Development models and Technology access Protocol', 'The Technology access to CO&T program', 'C-TAP and the Technology access partnership']"
470," Leaders from across the UN, academia, industry and civil society joined for a moderated discussionTo date, the COVID-19 Technology Access Pool is now supported by the following countries: Argentina, Bangladesh, Barbados,Belgium, Belize,Bhutan, Brazil, Chile, Dominican Republic, Ecuador, Egypt, El Salvador, Honduras, Indonesia, Lebanon, Luxembourg, Malaysia, Maldives, Mexico, Mozambique, Norway, Oman, Pakistan, Palau, Panama, Peru, Portugal, Saint Vincent and Grenadines, South Africa,Sri Lanka,Sudan, The Netherlands, Timor-Leste, Uruguay, ZimbabweOther international organizations, partners and experts have also expressed support to the initiative and others can join them using the websiteNote to Editors:The Solidarity Call to Action follows from numerous international commitments, including: Global Sustainable Development Goal 3, target 3b; The WHO Global Strategy and Plan of Action on Public Health, Innovation and Intellectual Property (GSPA- PHI) and the WHO Roadmap for access to medicines, vaccines and health products 2019-2023; the UN General Assembly Resolution on “International cooperation to ensure global access to medicines, vaccines and medical equipment to face COVID-19” (A/RES/74/274); and the 73rd World Health Assembly Resolution on the “COVID-19 response” (WHA73",WHA73,What is the 73rd World Health Assembly Resolution on the COVID-19 response?,"['The Conference of th-19', 'A/res/ Bradley----ikes', 'A/RES/ 74/worms']"
471,To access the event:https://whous/j/99683467690-Password: WHO%OMS27On 30 January 2020 the Director-General of the World Health Organization (WHO) declared the current COVID-19 outbreak as a public health emergency of international concern under the International Health Regulations (2005) and issued Temporary Recommendations,WHO%OMS27,What is the Password of the World Health Organization?,"['The World Health Organization', ""A Health Organization's Health Policy"", 'What is the Symbol of the World Health Organization?']"
472," On 11 March 2020, the Director-General of the WHO characterized the situation of the COVID-19 outbreak as a pandemic The WHO, the International Maritime Organization (IMO) and the International Labour Organization (ILO), in cooperation with international seafarers’ and shipowners’ organizations, are working together to ensure the ability of shipping and seafarers to continue to deliver vital goods, including medical supplies and food Our three Organizations seek to ensure that seafarers are protected from the COVID-19 virus, are medically fit and have access to medical care, and that their ships meet international sanitary requirements, bearing in mind the challenges presented by this situation",11 March 2020,When did the Director-General of the WHO describe the COVID-19 outbreak as a pandemic?,[]
473," More than two thirds of the countries globally are implementing restrictions on international traffic, including flight suspensions and port closures This has a significant impact on global trade, 90% of which is transported via ships WHO has advised countries that restrictions on international traffic should be based on evidence and be proportionate with the level of risk for each country",90%,What percentage of international traffic is transported via ships?,[]
474," It is working closely with global experts, governments and partners to rapidly expand scientific knowledge about this new virus, to track the spread and virulence of the virus, and to provide advice to countries and the global community on measures to protect health and contain the spread of this outbreak without unnecessary interference with international trafficIn this context, we strongly encourage Governments to facilitate ships’ movements, including docking, crew changes, ship inspection and issuance of ship sanitation certificates during the COVID-19 pandemic We further call upon Governments to ensure that information regarding suspension of port services and other measures introduced in response to COVID-19 is quickly and effectively communicated to international shipping and all relevant stakeholders",international shipping and all relevant stakeholders,Who is responsible for ensuring that information regarding suspension of port services and other measures introduced in response to COVID-19 is quickly and effectively communicated to,"['international shipping and port services', 'International shipping and other important stake holders', 'the transport and other concerned worlds']"
475,"IMO has issued a series of Circular Letters addressing global issues relevant to seafarers and shipping in the context of COVID-19: Circular Letter No4204 of 31 January 2020, providing information and guidance on the precautions to be taken to minimize risks to seafarers, passengers and others on board ships from the novel coronavirus (COVID-19); Circular Letter No1 of 19 February 2020, COVID-19 – Implementation and enforcement of relevant IMO instruments;Circular Letter No",Circular Letter No4204,"What document provides information and guidance on precautions to be taken to minimize risks to seafarers, passengers and others on board ships from the novel coron","['Theular Letter No419', 'Circular Letter No1', 'Citizens-19']"
476,"2 of 21 February 2020, Joint Statement IMO-WHO on the Response to the COVID-19 Outbreak; Circular Letter No3 of 2 March 2020, Operational considerations for managing COVID-19 cases/outbreak on board ships prepared by WHO;Circular Letter No4 of 5 March 2020, ICS Coronavirus (COVID-19) Guidance for ship operators for the protection of the health of seafarers; Circular Letter No",COVID-19 Outbreak,What is the Joint Statement IMO-WHO on the Response to?,"['complained COide-19 cases', 'Achieving Message', 'Circular Letter No4']"
477,"1 of 2 April 2020, Coronavirus (COVID-19) – Guidance relating to the certification of seafarers and fishing vessel personnel; Circular Letter No6 of 30 March 2020, Coronavirus (COVID-19) - Preliminary list of recommendations for Governments and relevant national authorities on the facilitation of maritime trade during the COVID-19 pandemic; and Circular Letter No7 of 3 April 2020, Coronavirus (COVID-19) - Guidance concerning unforeseen delays in the delivery of ships",unforeseen delays in the delivery of ships,What is the Guidance regarding?,"[""China's improved sea trade during the pandemic"", 'the guidance issued by the government', 'the difficulty in organizing the delivery']"
478,"ILO is addressing all aspects of the impact of COVID-19 on the world of work, through the protection of people, jobs, incomes and enterprises, and relying on social dialogue for solutions Medical care of seafarers The Maritime Labour Convention, 2006, as amended (MLC, 2006) provides that every seafarer has the right to a safe and secure workplace that complies with safety standards and to health protection, medical care, welfare measures and other forms of social protection All seafarers must be covered by adequate measures for the protection of their health and must have access to prompt and adequate medical care whilst working on board",medical care,What does the Maritime Labour Convention provide that every seafarer has the right to a safe and secure workplace that complies with safety standards and,"['health care', 'health protection', 'a safe and secure workplace']"
479," Port States must ensure that seafarers on board ships in their territory who are in need of immediate medical care are given access to medical facilities on shoreFollowing the outbreak, questions have arisen concerning the application of the provisions of the MLC, 2006, in light of the COVID-19 pandemic These have included questions related to medical care of seafarers",medical care of seafarers,What did the COVID-19 pandemic have questions related to?,"['the application of the MLC, 2006', 'medical treatment for board ships', 'medical treatment of the sick']"
480," ILO, following consultations with Governments, shipowners and seafarers represented by the Officers of the Special Tripartite Committee of the MLC, 2006, is providing information to assist Governments and other relevant actors to take consistent actions under these exceptional circumstances Other unforeseen health related issues have also arisen These include the need to address the situation of seafarers who, due to their unforeseen longer periods on board, are facing expiration of essential medical prescriptions, and the consideration of the testing of seafarers immediately prior to their joining their ships, when testing for COVID-19 becomes more widely available",COVID-19,What is more widely available when testing for seafarers becomes more widely available?,"[' testing for COUV-19', 'The testing of seaokers', 'The consideration of the testing of sea beggars']"
481,"Medical certificates of seafarersMedical certificates of seafarers are required in regulation I/9 of the International Convention on Standards of Training, Certification and Watchkeeping for Seafarers (STCW Convention), 1978, and in regulation 1 According to both international treaties, medical certificates are valid for a maximum of two years If a medical certificate expires during the course of a voyage, then it shall continue to be valid until the next port of call where a medical practitioner recognized by a Party is available, provided that the additional time needed does not exceed three months",three months,How long is the additional time required for medical certificates of seafarers?,"['Three months', 'two months', 'two years']"
482," While in the current situation renewals of medical certificates may not be possible, exemption from national restriction of movements physicians responsible for medical examination of seafarers should be considered Competent authorities are requested to regularly review the evolution of existing restrictions and to renew the certificates as soon as the situation improves Port State control authorities are further encouraged to take a pragmatic and practical approach in relation to the acceptance of these certificates in the exercise of control procedures in accordance with the MLC, 2006 and article X (Control) and regulation I/4 (Control procedures) of the 1978 STCW Convention",1978 STCW Convention,"In what year was the MLC, 2006 and article X (Control) and regulation I/4 (Control procedures) signed?","[' pesticides and control procedures', 'control procedures', 'MLC, 2006']"
483," Ship Sanitation Certificates The Ship Sanitation Control Exemption Certificate/Ship Sanitation Control Certificate SSCEC/SSCC are regulated in articles 20 and 39, and Annex 3, of the International Health Regulations (IHR) (2005) These certificates are valid for a maximum period of six months This period may be extended by one month if the inspection or control measures required cannot be accomplished at the port",one month,How long can this period be extended if the inspection or control measures cannot be accomplished at the port?,"['two months', 'one months', 'six months']"
484," Extraordinary temporary measures Governments are invited to request the submission of the Maritime Declaration of Health by all arriving ships In the absence or information of valid suspicion or confirmed active case(s) of COVID-19 on board reported through the Maritime Declaration of Health, or by the Master, or their agents in accordance with Article 28(4) of the IHR (2005), issuing Administrations are encouraged to accept an exceptional extension of the above-mentioned certificates, and to notify shipowners, seafarers and relevant Administrations accordingly They may: Provide for the extension of an existing Ship Sanitation Certificate by one month under Article 39(1 ) of the IHR (2005) on one or more occasions as necessary, provided that no authorized port along the ship's route is able to conduct ship inspection and issuance of sanitation certificates; and provided that such exceptional extension does not extend beyond the termination of the current public health emergency of international concern by the WHO Director-General",the termination of the current public health emergency of international concern,What does an exceptional extension of the Maritime Declaration of Health extend beyond?,"['the entry of new ships to the I HR', 'a change in the type and type of the ships', 'a change of ship inspection and issued by the IHK']"
485," Exempt from national restrictions of movement the inspectors and key personnel responsible for ship inspections and issuance of Ship Sanitation Certificates Ensure that they can perform ship inspections and implement health control measures in good conditions and appropriate protective measures against COVID-19 These personnel should receive training and sufficient resources (personal protective equipment, cleaning and disinfection products) as per WHO interim guidance for Rational use of personal protective equipment for coronavirus disease 2019 (COV1D-19)[1] and Operational considerations for managing COVID-19 cases/outbreak on board ships[2]",WHO,Who provides interim guidance for Rational use of personal protective equipment for coronavirus disease 2019 (COV1D-19)?,"['O ship inspector and key Personnel', 'The owners of the ships', 'Rational use of personal protective equipment for Corvirus disease 2020']"
486,We invite Governments and other stakeholders to bring the contents of this joint statement to the attention of the competent authorities and all concernedint/iris/bitstream/handle/1 0665/331 498/WHO-2019-nCoV-IPCPPEuse-2020int/publications-detail/operational-considerations-for-managing-covid-19-cases-outbreak-onboard-ships,Governments and other stakeholders,Who should bring the contents of this joint statement to the attention of the competent authorities and all concernedint/iris/bitstream/handle/1 06,"['governments and all concernedint/ affairs', 'The authorities and the concerned parties', 'All concerned people']"
487,"A new report by WHO, UNICEF, and the International Baby Food Action Network (IBFAN) reveals that despite efforts to stop the harmful promotion of breast-milk substitutes, countries are still falling short in protecting parents from misleading informationThe COVID-19 pandemic highlights the need for stronger legislation to protect families from false claims about the safety of breast-milk substitutes or aggressive marketing practices Breastmilk saves children’s lives as it provides antibodies thatgive babies a healthy boost and protect them against many childhood illnesses","WHO, UNICEF, and the International Baby Food Action Network",Who published a new report on breast milk substitutes?,"['Breast milk substitutes and the Information Palace', 'Breast -milk substitutes and the International Building tribeman generally.-N', 'The International Baby Food Action Network']"
488," WHO and UNICEF encourage women to continue to breastfeed during the COVID-19 pandemic, even if they have confirmed or suspected COVID-19 While researchers continue to test breastmilk from mothers with confirmed or suspected COVID-19, current evidenceindicate that it is unlikely that COVID-19 would be transmitted through breastfeeding or by giving breastmilk that has been expressed by a mother who is confirmed or suspected to have COVID-19 The numerous benefits of breastfeeding substantiallyoutweigh the potential risks of illness associated with the virus",WHO and UNICEF,Who encourage women to continue to breastfeed during the COVID-19 pandemic?,"['Women', 'Mothers with confirmed or suspected Or suspected CODA-19', 'Nursing and breastmilk']"
489," It is not safer to give infant formula milkOf the 194 countries analysed in the report, 136 have in place some form of legal measure related to the International Code of Marketing of Breast-milk Substitutes and subsequent resolutions adopted by the World Health Assembly (the Code) Attention tothe Code is growing, as 44 countries have strengthened their regulations on marketing over the past two years",44,How many countries have strengthened their regulations on marketing over the past two years?,"['44 countries. I.', '66', '66. The World Health Assembly Attention to the marketing of breast-milk.']"
490,"However, the legal restrictions in most countries do not fully cover marketing that occurs in health facilities Only 79 countries prohibit the promotion of breast-milk substitutes in health facilities, and only 51 have provisions that prohibit the distributionof free or low-cost supplies within the health care system Only 19 countries have prohibited the sponsorship of scientific and health professional association meetings by manufacturers of breast-milk substitutes, which include infant formula, follow-up formula, and growing up milks marketed for use by infantsand children up to 36-months old",19,How many countries have prohibited sponsorship of scientific and health professional association meetings by manufacturers of breast-milk substitutes?,"['Breast -milk substitutes', 'The companies of breast -milk substitutes', 'How many countries have banned the promotion of breast -milk substitutes']"
491,"“The aggressive marketing of breast-milk substitutes, especially through health professionals that parents trust for nutrition and health advice, is a major barrier to improving newborn and child health worldwide,” says Dr Francesco Branca,Director of WHO’s Department of Nutrition and Food Safety “Health care systems must act to boost parent’s confidence in breastfeeding without industry influence so that children don’t miss out on its lifesaving benefits”WHO and UNICEF recommend that babies be fed nothing but breast milk for their first 6 months, after which they should continue breastfeeding – as well as eating other nutritious and safe foods – until 2 years of age or beyond",2 years of age,What is the age limit for babies to be fed breast milk for their first 6 months?,"['5 months of age', 'Breast milk for 3 months', '1.5 months']"
492," Breastfeeding under threat as health systems stretched thinBabies who are exclusively breastfed are 14 times less likely to die than babies who are not breastfed However, today, only 41% of infants 0–6 months old are exclusively breastfed, a rate WHO Member States have committed to increasing to at least50% by 2025 Inappropriate marketing of breast-milk substitutes continues to undermine efforts to improve breastfeeding rates and the COVID-19 crisis is intensifying the threat",COVID-19 crisis,What is intensifying the threat of breastfeeding as health systems stretched thin?,"['Breastfeeding crisis', ' breastfeed crisis', 'Breast-milk substitutes']"
493," Health care services aimed at supporting mothers to breastfeed, including counselling and skilled lactation support are strained as a result of the COVID-19 crisis Infection prevention measures, such as physical distancing make it difficult for communitycounselling and mother-to-mother support services to continue, leaving an opening for the breast-milk substitute industry to capitalize on the crisis, and diminish confidence in breastfeeding“As the COVID-19 pandemic progresses, health workers are being diverted to the response and health systems are overstretched",overstretched,How are health systems affected by the COVID-19 pandemic?,"['not affected', 'notworking', 'not breast milk-milk- monsootary']"
494," At such time, breastfeeding can protect the lives of millions of children, but new mothers cannot do it without the supportof health providers,” said Dr Victor Aguayo, UNICEF’s Chief of Nutrition “We must, more than ever, step up efforts to ensure that every mother and family receive the guidance and support they need from a trained health care workerto breastfeed their children, right from birth, everywhere",right from birth,What is the name of the day when children are breastfed?,"['right from birth, right from birth', 'Right from birth.', 'when children are breast fed']"
495,"”The Code bans all forms of promotion of breast-milk substitutes, including advertising, gifts to health workers and distribution of free samples Labels cannot make nutritional and health claims or include images that idealize infant formula Instead,labels must carry messages about the superiority of breastfeeding over formula and the risks of not breastfeeding",the risks of not breastfeeding,What do labels have to carry about the superiority of breastfeeding over formula?,"['the superiority of breast -milk', 'the superiority over formula', 'the advantages of the breast']"
496, WHO and UNICEF call on governments to urgently strengthen legislation on the Code during the COVID-19 pandemic Governments and civil society organizations should also not seek or accept donations of breast-milk substitutes in emergency situations“The fear of COVID-19 transmission is eclipsing the importance of breastfeeding – and in too many countries mothers and babies are being separated at birth – making breastfeeding and skin to skin contact difficult if not impossible,mothers and babies are being separated at birth,What is the fear of COVID-19 transmission eclipsing the importance of breastfeeding in too many countries?,"['mothers are not breast -milk substitutes', 'Breast -milk substitutes are not available in emergency situations', 'it is too hard for mothers and babies to contact']"
497,"All on the basis of no evidence Meanwhile the baby food industry is exploiting fears of infection, promoting and distributing free formula and misleading advice – claiming that the donations are humanitarian and that they are trustworthypartners,” says Patti Rundall, of IBFAN’s Global Council Monitoring and enforcement of the Code is inadequate in most countries",Patti Rundall,Who claims that the baby food industry is exploiting fears of infection?,"['Patti Rondall', 'The Food Industry', 'The baby food industry is making money']"
498," The report,""Marketing of breast-milk substitutes: National implementation of the International Code – Status report 2020"", provides updated information on thestatus of country implementation, including which measures have and have not been enacted into law Given the important role of health workers in protecting pregnant women, mothers and their infants from inappropriate promotion of breast-milk substitutes, the 2020 report provides an extensive analysis of legal measures taken to prohibit promotion ofbreast-milk substitutes to health workers and in health facilitiesBreastfeeding and COVID-19Active COVID-19 virus has not, to date, been detected in the breastmilk of any mother with confirmed or suspected COVID-19",the 2020 report,What report provides an extensive analysis of legal measures taken to prohibit promotion ofbreast-milk substitutes to health workers?,"['the 2015 report and the 2020 report', ""the health workers '"", 'the status report']"
499," It appears unlikely, therefore, that COVID-19 would be transmitted through breastfeeding or by giving breastmilk that has beenexpressed by a mother who is confirmed or suspected to have COVID-19Women with confirmed or suspected COVID-19 can therefore breastfeed if they wish to do so They should:Wash hands frequently with soap and water or use alcohol-based hand rub and especially before touching the baby;Wear a medical mask during any contact with the baby, including while feeding;Sneeze or cough into a tissue",a tissue,In what tissue can you cough or sneeze into?,"['a baby', 'a piece of breastmil feed food. ks5u', 'an apple or a tissue']"
