,context,answer,question,distractor
1300,"Water, sanitation and hygiene(WASH)are vital to the safety of health workers and patients yet provision oftheseservices is not prioritized Worldwide, 1 in 4 health care facilities has no water services, 1 in 3 does not have access to handhygienewhere care is provided, 1 in 10 has no sanitation services*, and 1 in 3 does not segregate waste safely“Sending healthcare workers and people in need of treatmentto facilities without clean water, safe toilets, or even soap puts their lives at risk,” said UNICEF Executive Director Henrietta Fore","Water, sanitation and hygiene",What are vital to the safety of health workers and patients?,"['Wash', 'Wash, water and ensure clean water', 'Wash, nutrition and health care']"
1301," “This was certainly true before the COVID-19 pandemic, but this year has made these disparities impossible to ignore As we reimagine and shape a post-COVID world, making sure we are sending children and mothers to places of care equipped with adequate water, sanitation and hygiene services is not merely something we can and should do It is an absolute must","making sure we are sending children and mothers to places of care equipped with adequate water, sanitation and hygiene services",What is not merely something we can and should do before the COVID pandemic?,"['spending children and mothers to places equipped with clean water', 'making sure weimagine and shape a post- CO boide world', 'taking children to places equipped with good hygiene services']"
1302,"”The situation is worst of all in the world’s 47 Least Developed Countries (LDCs): 1 in 2 health care facilities doesnot have basic drinking water, 1 in 4 health care facilities has no hand hygiene facilities at points of care; and 3 in 5 lack basic sanitation servicesBut this can be fixed The report’s preliminary estimates indicate that it would costroughly USD 1 per capita to enable all 47 LDCs to establish basic water service in health facilities",USD 1 per capita,How much would it cost to enable all 47 LDCs to establish basic water service in health facilities?,"[' valued at least US 1 per capita', '$ ld per person', 'about 100 per cent']"
1303,"20 per capita is needed each year to operate and maintain servicesAccording to the report, immediate, incremental investments in WASH have big returns: improving hygiene in health care facilities is a “best buy” for tackling antimicrobial resistance Itreduceshealth carecosts because it reduces health-care associated infections (which are costly to treat)",20,How much per capita is needed each year to operate and maintain services?,"['20 per calorie is needed to operate and maintain services', 'Wash is the best buy for the health care facilities.', '50 per pound.']"
1304,It saves time ashealth workersdonot haveto search for water for hand hygiene Better hygiene alsoincreasesuptake of services This all adds up to a returnofUSD1,a returnofUSD1,What does Better hygiene add up to?,"['a improvement of hand hygiene', 'a increase of services', 'an increase of money for health']"
1305,"5for every dollar investedThese services are especially critical for vulnerable populations, including pregnant mothers, newborns and children Improving WASH services in health care facilities is particularly important around childbirth when far too many mothers and newborns suffer and die, including from preventable conditions like sepsis",5,How many dollars are invested in WASH services?,"['How much do you think it is important to invested in Wash Services? \n (', '5.5.6', '5.5 % of the invested']"
1306," Better WASH services could save a millionpregnant women and newborns’ lives and reduce still-birthsThe report provides four main recommendations:Implement costed national roadmaps with appropriate financing;Monitor and regularly review progress in improving WASH services, practices and the enabling environment;Develop capacities of health workforce to sustain WASH services and promote and practice good hygiene;Integrate WASH into regular health sector planning, budgeting, and programming, including COVID-19 response and recovery efforts to deliver quality servicesGlobal WASH and health partners have shown their support for meeting global and country WASH in health care facility targets",a millionpregnant women and newborns’ lives,How many lives could better WASH services save?,"[""three millionpigs and newborns'lives quickly disposable costs worldwide who survive 10 hourslong study single day. Ks5u"", 'Better Wash services could save a millionpregnant women and newborns', 'a million and a half women']"
1307," By 2020, over 130 partners have committed resources, of which 34 have made dedicated financial commitments totalling USD125 millionNevertheless, implementation of the 2019 World Health Assembly Resolution on WASH in health care facilities is uneven Of the nearly 50 countries for which WHO and UNICEF have data, 86 per cent have updated standards and 70 per cent have conducted initial assessments which show that these areas are generally on track",over 130,How many partners have committed resources by 2020?,"['35 partners', '35 partners have committed resources by 2020', 'by 2020']"
1308," Yetjust a third of countries have costed national WASH in health care facility roadmaps and only 10 per cent have included WASH indicators in national health systems monitoringMore catalytic global funding, technical support, and domestic resourcing is needed to keep health care workers and patients safe and protected Now, an opportunity exists to build on existing efforts and commitments and integrate WASH in health care facilities in allnational COVID-19 plans, vaccine distribution and economic recovery packages",10,How many countries have included WASH indicators in national health systems monitoring?,"['20', '11', '9']"
1309," This cannot continue Every day both healthcare workers’ and patients’ lives are being put at risk,” saidTim Wainwright, Chief Executive at international charity WaterAid“Without frontline health workers being able to wash their hands; provide their patients with clean water; or have somewhere decent to go to the toilet, a hospital is not a hospital at all - it’s a breeding ground for disease",a hospital is not a hospital at all,What is a breeding ground for disease?,"[""a hospital doesn't belong to a breeding ground for disease. ks5u"", 'a hospital is a breeding ground for disease', 'a cancer hospital']"
1310,"”Note to Editors:The data in this year’s report include statistics for 165 countries, from surveys representing 760,000 facilities Compared to last year’s baseline report, estimates were available for 125 countries with data from surveys representing 560,000 facilitiesThe data on county progress in implementing the World Health Assembly Resolution represent 47 countries",47,How many countries did the data on county progress in implementing the World Health Assembly Resolution represent?,"[""compared to last year'sStudy, the data were available for 125 countries."", ""compared with the year before, the data for this year's report represent Antarctica,000 facilities"", '50 % of the countries mentioned in this passage are complete']"
1311," It is the first time these data have been compiled and analyzedSanitation services are measures taken to ensure the hygienic management of excreta along all stages of the sanitation chain: capture, containment, emptying, transport, treatment and safe disposalAbout the World Health OrganizationThe World Health Organization provides global leadership in public health within the United Nations system",the World Health Organization,Who provides global leadership in public health within the United Nations system?,"['The United Nations system', 'the United Nations System', ""one's Organization""]"
1312," Founded in 1948, WHO works with 194 Member States, across six regions and from more than 150 offices, to promote health, keep the world safe and serve the vulnerable Our goal for 2019-2023 is to ensure that a billion more people have universal health coverage, to protect a billion more people from health emergencies, and provide a further billion people with better health and wellbeingFor updates on COVID-19 and public health advice to protect yourself from coronavirus",coronavirus,What does COVID-19 protect yourself from?,"['Public health advice', 'public health advice to protect yourself from carnavirus', 'high health news to share with us']"
1313,"intand follow WHO onTwitter,Facebook,Instagram,LinkedIn,TikTok,Pinterest,Snapchat,YouTubeAbout UNICEFUNICEF works in some of the world’s toughest places, to reach the world’s most disadvantaged children Across more than 190 countries and territories, we work for every child, everywhere, to build a better world for everyone",190,How many countries and territories does UNICEF work to reach the world's most disadvantaged children?,"['200', '50', '200 - 300 areas around the world']"
1314,"Follow UNICEF onTwitterandFacebookAs world leaders gather virtually at the Special Session of the General Assembly in response to the COVID-19 pandemic, new data published today finds that leaving low- and lower-middle-income countries (LLMICs) without access to vaccines amid the COVID-19 pandemic will cause significant economic damage that puts decades of economic progress at risk – for both LLMICs and advanced economies alikeThe report by the Eurasia Group analyses ten major economies – Canada, France, Germany, Japan, Qatar, South Korea, Sweden, United Arab Emirates, United Kingdom and the United States – to assess the economic benefits to advanced economies of contributing to the work of the Access to COVID-19 Tools (ACT) Accelerator",Access to COVID-19 Tools (ACT) Accelerator,What is the work of the Eurasia Group?,"['World leaders gather at the Special session of the General Assembly', 'China, Canada, France, Germany, Japan, Qatar, United Kingdom and the United States', ' access to COided-19 tools']"
1315,"The ACT Accelerator, led by WHO and partnering with the world’s leading international health organizations, is a unique global collaboration which supports the development and equitable distribution of the tests, treatments and vaccines the world needs to fight COVID-19 However, the programme still has a significant funding gap of US$ 282 billion – with US$ 4",US$ 282 billion,What is the funding gap for the ACT Accelerator?,"['US$ 300', 'US$ US$ 4. to US$ nuts', 'US$ 4 billion']"
1316,"3 billion needed urgently to fast-track critical areas of work If that shortfall isn’t met, low- and low-middle income countries will have delayed access to these vital tools in 2021, which will result in a protracted pandemic, with severe economic consequences, not just for these countries by also for the wider global economy The report, which was commissioned by the Bill & Melinda Gates Foundation, finds that the economic benefits of a global equitable vaccine solution alone for the 10 countries included in the analysis would be at least US$ 153 billion in 2020-21, rising to US$ 466 billion by 2025",3 billion,How much needed urgently to fast-track critical areas of work?,"['466 billion', '4 billion', '2 billion']"
1317," This is more than 12 times the US$ 38 billion estimated total cost of the ACT Accelerator This figure was compiled using the expected negative effects of sustained coronavirus outbreaks in LLMICs, based on the downside and baseline scenarios of the IMF’s October 2020 World Economic Outlook forecastsSo far, the 10 countries featured in the report have contributed $2",$2,How much did the 10 countries featured in the report contribute to the ACT Accelerator?,"['$40 billion, including the US$ 38 billion', '$ 29 billion', '$ 36 billion.']"
1318,"4 billion to the work of the ACT Accelerator, with the United Kingdom committing just over US$ 1 billion, and Germany, Canada, Japan and France committing US$ 618 million, US$ 290 million, US$ 229 million and US$ 147 million respectivelyIn just seven months, the ACT Accelerator’s progress has been significant: over 50 diagnostic tests have been evaluated and new rapid antigen diagnostics have been developed and being made available for LMICs; life-saving Dexamethasone treatments are being rolled out, research into monoclonal antibody treatments is advancing; and through the Health Systems Connector, the health system requirements for delivery of COVID-19 tools have been mapped in 4 out of 6 world regionsCOVAX, the Vaccines Pillar of the ACT Accelerator, has the world’s largest and most diverse portfolio of vaccines",4 billion,How much did the ACT Accelerator contribute to the work of the ACT Accelerator?,"['2 billion', '3 billion', '4.4 billion. ks5 billion']"
1319," It aims to accelerate the development and manufacture of COVID-19 vaccines, and to guarantee fair and equitable access for every participating country Working with 189 countries, COVAX is supporting the development of 9 vaccine candidates through CEPI, 8 of which are in clinical trials COVAX has secured hundreds of millions of doses of three promising candidates, including at least 200 million doses for LICs, with the support of the Bill & Melinda Gates Foundation",the Bill & Melinda Gates Foundation,Who supports the development of COVID-19 vaccines?,"['the government of China and theBill & Mel Linda Gates.', 'CELI, the company developing the vaccine', ""the government's support \n  for the development of CODAX""]"
1320,"This new report emphasizes the funding urgency and the return on investment for donor countries of the work of the ACT Accelerator, which published its Urgent Priorities and Financing Requirements on 10 NovemberDr Tedros Adhanom Ghebreyesus, WHO Director-General, called on countries to commit to the work of the ACT Accelerator, stating that, “The ACT Accelerator is the global solution to ending the acute phase of the pandemic as quickly as possible by ensuring equitable access to COVID-19 tools Contributing to the ACT Accelerator it is not just the right thing to do – it’s the smart thing for all countries – socially, economically and politically",the smart thing for all countries,What is contributing to the ACT Accelerator?,"['the just thing to do in the whole pandemic', 'the good thing both socially and socially', 'the right thing to do']"
1321,"”Alexander Kazan, Managing Director for Global Strategy at Eurasia Group and one of the authors of the report said, “There is a clear humanitarian and ethical case for supporting the ACT Accelerator and the Covax facility, along with the obvious economic gains it would bring to developing countries; doing nothing risks reversing years if not decades of economic progress But our analysis shows that the program is likely to yield economic and other returns for major donor countries as well The ACT Accelerator is a unique opportunity to save lives, repair the global economy, and build diplomatic capital that will last a generation",a generation,How long will the ACT Accelerator last?,"['Two years', 'A generation', 'two years and a generation']"
1322,"”Hassan Damluji, Deputy Director at the Bill & Melinda Gates Foundation, commenting on the report’s findings said, “The moral case for an equitable global solution to the COVID-19 crisis has always been clear, but with high-income countries reeling from a huge shock, their governments are increasingly focusing on investments that can help their own economies to rebound This report adds to the body of evidence that shows that the ACT Accelerator is precisely one of those investments It is both the right thing to do, and an investment that will pay dividends by bringing the global economy back from the brink, benefiting all nations",bringing the global economy back from the brink,How does the ACT Accelerator benefit all nations?,"['helping high-income countries to recover from a huge shock', 'helping their own economy to bounce', 'making the global economy stronger']"
1323,"”Notes to EditorsEurasia GroupEurasia Group is the world's leading global political risk research and consulting firm By providing information and insight on how political developments move markets, we help clients anticipate and respond to instability and opportunities everywhere they invest or do business Our expertise includes developed and developing countries in every region of the world, specific economic sectors, and the business and investment playing fields of the future",developed and developing countries,"What countries do our expertise include in every region of the world, specific economic sectors, and the business and investment playing fields of the future?","['the business and investment playing fields of the future', 'invested and investment playing fields', 'only developed and developing countries. \n :']"
1324," With our best-in-class advisory and consulting offerings and GZERO Media, the Eurasia Group umbrella provides the marketplace with a complete political risk solution Headquartered in New York, we have offices in Washington DC, London, San Francisco, Brasilia, Sao Paulo, Singapore, and Tokyo, as well as on-the-ground experts and resources in more than a hundred countries ""Politics first” grounds our work: Politics is the lens through which we view the world, and we are committed to analysis that is free of political bias and the influence of private interests",a complete political risk solution,What does the Eurasia Group umbrella provide the marketplace with?,"[' politics first', ' politics is the lens through which we view the world', ' politics a lens through which we think']"
1325,"The ACT AcceleratorThe Access to COVID-19 Tools Accelerator (ACT Accelerator), is the proven, up-and-running global collaboration to accelerate the development, production, and equitable access to COVID-19 tests, treatments, and vaccines It was set up in response to a call from G20 leaders in March and launched by the WHO, European Commission, France and The Bill & Melinda Gates Foundation in April 2020The ACT Accelerator is not a decision-making body or a new organization, but works to speed up collaborative efforts among existing organizations to end the pandemic",ACT Accelerator,"What is the name of the global collaboration to accelerate the development, production, and equitable access to COVID-19 tests, treatments, and vaccines?","['G20 leaders', 'AIDS acceleration', 'The access to CODA-19']"
1326," It is a framework for collaboration that has been designed to bring key players around the table with the goal of ending the pandemic as quickly as possible through the accelerated development, equitable allocation, and scaled up delivery of tests, treatments and vaccines, thereby protecting health systems and restoring societies and economies in the near term It draws on the experience of leading global health organizations which are tackling the world’s toughest health challenges, and who, by working together, are able to unlock new and more ambitious results against COVID-19 Its members share a commitment to ensure all people have access to all the tools needed to defeat COVID-19 and to work with unprecedented levels of partnership to achieve it","accelerated development, equitable allocation, and scaled up delivery of tests, treatments and vaccines",What is the goal of the framework for collaboration?,"['accelerated development, fairification, and level of partnership', 'acidedated growth, fair drowning and level of usage of drugs', 'accelerated development, equal weight']"
1327,"The ACT Accelerator comprises four pillars: diagnostics, therapeutics, vaccines and health system strengtheningThe diagnostics pillar, co-convened by the Global Fund and FIND is focused on bringing to market 2–3 high-quality rapid tests, training 10,000 healthcare professionals across 50 countries and establishing testing for 500 million people in Low and Middle-Income countries by mid-2021The therapeutics pillar is led by Unitaid and Wellcome Therapeutics can play a role in all stages of COVID-19 disease: to prevent infection; suppress symptoms and spread of infection to others; treat or prevent symptoms; as a life-saving treatment for severe symptoms; and as a treatment that can speed up recovery",ACT Accelerator,"What is the name of the four pillars of diagnostics, therapeutics, vaccines and health system strengthening?","[' diagnosed with cancer.,', ' curedives', ' unitaid and Wellcome Therape Therapy']"
1328," The aim in the next 12 months is to develop, manufacture and distribute 245 million treatments, helping COVID-19 sufferers to recover from the diseaseThe COVAX vaccines pillar, convened by CEPI, Gavi and WHO, is speeding up the search for an effective vaccine for all countries At the same time, it is supporting the building of manufacturing capabilities, and buying supply, ahead of time so that 2 billion doses can be fairly distributed by the end of 2021",2 billion,How many doses can be distributed by the end of 2021?,"['1 billion', '2,500', '2.5 billion or so']"
1329,"The health systems connector, led by the WHO, World Bank and the Global Fund, is working to ensure that these tools can reach the people who need themCross-cutting all of these is the workstream on Access & Allocation, hosted by the World Health Organization (WHO)Measles surged worldwide in 2019 reaching highest number of reported cases in 23 years",World Health Organization (WHO)Measles,Who hosted Access & Allocation?,"[' WHO', ' access & Allocate', ' access and Allocation']"
1330,"Highlighted in a publication by WHO and the United States Centers for Disease Control and Prevention (CDC), measles cases worldwide increased to 869770 in 2019, the highest number reported since 1996 with increases in all WHO regions Global measles deaths climbed nearly 50 percent since 2016, claiming an estimated 207500 lives in 2019 aloneAfter steady global progress from 2010 to 2016, the number of reported measles cases climbed progressively to 2019",207500,What was the estimated number of measles deaths in 2019?,"['50 %', '301670.000', '1550 -50']"
1331," Comparing 2019 data with the historic low in reported measles cases in 2016, authors cite a failure to vaccinate children on time withtwo doses of measles-containing vaccines (MCV1 and MCV2) as the main driver of these increases in cases and deaths“We know how to prevent measles outbreaks and deaths,” said Dr Tedros Adhanom Ghebreyesus, WHO Director-General “These data send a clear message that we are failing to protect children from measles in every region of the world",vaccinate children on time,What did authors cite as the main driver of the increase in measles cases in 2016?,"['vaccinating children', 'the failure to vaccines', 'the number of measles cases']"
1332," We must collectively work to support countries and engage communities to reach everyone, everywhere with measles vaccine and stop this deadly virus”Measles outbreaks occur when people who are not protected from the virus are infected and spread the disease to unvaccinated or under-vaccinated populations To control measles and prevent outbreaks and deaths, vaccination coverage rates with therequired MCV1 and MCV2 must reach 95 percent and be maintained at national and subnational levels",95 percent,How much must vaccination coverage rates with MCV1 and MCV2 reach?,"['100 percent', '70 percent', '90 %']"
1333, MCV1 coverage has been stagnant globally for more than a decade at between 84 and 85 percent MCV2 coverage has been steadily increasingbut is only now at 71 percent Vaccination coverage against measles remains well below the 95 percent or higher needed with both doses to control measles and prevent outbreaks and deaths,71 percent,What percentage of MCV2 coverage is now at?,[]
1334,"Global response to COVID-19 pandemic must not exacerbate the measles crisisAlthough reported cases of measles are lower in 2020, necessary efforts to control COVID-19 have resulted in disruptions in vaccination and crippled efforts to prevent and minimize measles outbreaks As of November, more than 94 million people were atrisk of missing vaccines due to paused measles campaigns in 26 countries Many of these countries are experiencing ongoing outbreaks",26,How many countries were at risk of missing vaccines due to paused measles campaigns?,"['Because some countries had no vaccine campaigns.', ' 94 million people were at risk of missing vaccines', '93']"
1335," Of countries with postponed planned 2020 campaigns, only eight (Brazil, Central African Republic, DemocraticRepublic of Congo, Ethiopia, Nepal, Nigeria, Philippines and Somalia) resumed their campaigns after initial delays“Before there was a coronavirus crisis, the world was grappling with a measles crisis, and it has not gone away,” said Henrietta Fore, UNICEF Executive Director “While health systems are strained by the COVID-19 pandemic, we must notallow our fight against one deadly disease to come at the expense of our fight against another",eight,How many countries resumed their 2020 campaigns?,"['many countries', 'seven', 'seven countries']"
1336," This means ensuring we have the resources to continue immunization campaigns for all vaccine-preventable diseases, even as we address the growing COVID-19pandemic”Causes of failure to control measles are many and must be addressed Global immunization partners are engaging leaders and public health professionals in affected and at-risk countries to ensure that measles vaccines are available and safely delivered, and that caregivers understand the life-saving benefit of the vaccine On 6 November 2020, WHO and UNICEF issued an emergency call to action for measles and polio outbreak prevention and response",WHO and UNICEF,Who issued an emergency call to action for measles and polio outbreak prevention and response?,"['who issued an emergency call to action for measles and polio outbreak prevention and response', 'Global Health Organization \n', 'Measles and polio prevention and response']"
1337,"“Measles virus easily finds unprotected children, adolescents and adults because it is so contagious,” said Dr Robert Linkins, Measles & Rubella Initiative Management Team Chair and Accelerated Disease Control Branch Chief at U“Infections are not only a sign of poor measles vaccination coverage, but also a known marker, or ‘tracer,’ that vital health services may not be reaching populations most at-risk","a known marker, or ‘tracer,’ that vital health services may not be reaching populations most at-risk",What is a sign of poor measles vaccination coverage?,"['a sign of poor health protection', 'the sign of poor measles vaccination', 'Measles virus easily finds unprotected children, Youth and adults']"
1338," Our collective efforts to reach children with vaccinesnow, ahead of the possible easing of COVID-19 travel restrictions and increased population movement, will save lives”The Measles & Rubella Initiative (M&RI), which includes American Red Cross, the United Nations Foundation, the U CDC, UNICEF and WHO, and global immunization partnerslike Gavi, the Vaccine Alliance, the Bill and Melinda Gates Foundation and others, are working to address the current measles crisis and ensure that resources are positioned to address immunization delays – for measles and all vaccines –in every region of the world",vaccinesnow,What is the name of the vaccine we are working to reach children with?,"['vaccine', 'Measles & Rubella Initiative', 'the Meas square and Rubella Initiative']"
1339," A bold strategy released by M&RI, Measles & Rubella Strategic Framework 2021 – 2030, will help to address reversals in global progress toward measles elimination by bolstering strong, national immunization systems that can reach and protect children This strategic shift by the partnership will focus on strengthening the routine deliveryof all vaccines, and quickly and effectively detecting and responding to measles outbreaksQuotes from our partners“These alarming figures should act as a warning that, with the COVID-19 pandemic occupying health systems across the world, we cannot afford to take our eye off the ball when it comes to other deadly diseases",M&RI,Who released the Measles & Rubella Strategic Framework 2021 – 2030?,"['Measles & RubellaSpring', 'Myasles and Rubella Scientific Foundation', ' Measles & Rubella grandparents']"
1340," Measles is entirely preventable; ina time in which we have a powerful, safe and cost-effective vaccine nobody should still be dying of this disease COVID-19 has resulted in dangerous declines in immunization coverage, leading to increased risk of measles outbreaks This is why countriesurgently need to prioritize measles catch-up immunization through routine services to mitigate the risk of outbreaks and ensure no child goes without this lifesaving vaccine",COVID-19,What has resulted in dangerous declines in immunization coverage?,"['Measles is entirely preventable', 'Myasles are entirely preventational', ' Measles can be prevented']"
1341,"” - Dr Seth Berkley, CEO of Gavi, the Vaccine Alliance“The fact that measles outbreaks are occurring at the highest levels we’ve seen in a generation is unthinkable when we have a safe, cost-effective, and proven vaccine No child should die from a vaccine-preventable disease",Vaccine Alliance,What organization is Dr Seth Berkley a CEO of?,"['The vaccine-preventable disease', 'Vaccine Association', 'Seth Berkley']"
1342," We are proud tochart a bold way forward with partners to close gaps in access to immunization and rapidly respond to outbreaks so everyone, everywhere can live healthy lives” - Elizabeth Cousens, President & CEO, United Nations Foundation“We are concerned that COVID-19 will contribute to an increase in the number of measles cases and deaths",COVID-19,What is the cause of the increase in measles cases and deaths?,"['Elizabeth cousins, President & CEO of United Nations Foundation', 'The number of measles cases and deaths', 'Measles cases and deaths']"
1343," Measles knows no borders, and it is imperative we work together to vaccinate more children and continue the fight against this preventabledisease “Around the globe, Red Cross and Red Crescent volunteers help families in chronically unvaccinated communities to protect their children Join us in this effort",vaccinated,What type of communities do Red Cross and Red Crescent volunteers help families in?,"['Clio uninterested in', 'Clio uninterested in animalsip Facebook. ks5u', 'Formed']"
1344,"” - Gail McGovern, President & CEO of the American Red Cross###Notes to editors Download photos and broll on vaccines here: https://weshareorg/Package/2AM408X1UA6XAbout M&RI:The Measles & Rubella Initiative (M&RI) is a partnership between the American Red Cross, the United Nations Foundation, the U",the United Nations Foundation,Who does the Measles & Rubella Initiative partner with?,"['American Red Cross', 'the AmericanRed', 'The American RedCross']"
1345," CDC, UNICEF and WHO Workingwith Gavi, the Vaccine Alliance and other stakeholders, the Initiative is committed to achieving and maintaining a world without measles, rubella and congenital rubella syndrome Since 2000, M&RI has helped deliver over USD 5",over USD 5,How much has M&RI helped deliver since 2000?,"['for over US 5', 'Over US 4', 'for less than half as much as M&RI has achieved']"
1346,"5 billion doses of measlesvaccine to children worldwide and saved over USD 255 million lives by increasing vaccination coverage, responding to outbreaks, monitoring and evaluation, and supporting demand for vaccine More information on measles:WHO factsheet; CDC measles updates; Latest WHO measles surveillance data; UNICEF’s immunization updates; and Latest WHO guidelines for immunization programme in context of COVID-19",5 billion,How many doses of measlesvaccine were given to children worldwide?,"['10 billion', '4 billion', '4.4 billion. ks5 billion']"
1347,"UNICEF and the World Health Organization (WHO) today issued an urgent call to action to avert major measles and polio epidemics as COVID-19 continues to disrupt immunization services worldwide, leaving millions of vulnerable children at heightened risk of preventable childhood diseases The two organizations estimate that US$655 million (US$400 million for polio and US$255 million for measles) are needed to address dangerous immunity gaps in non-Gavi eligible countries and target age groups “COVID-19 has had a devastating effect on health services and in particularimmunization services, worldwide,” commented Dr Tedros Adhanom Ghebreyesus,WHO Director-General",WHO,What is the name of the WHO?,"['Children.', 'Children. WHO. I.', 'A doctor']"
1348," “But unlike with COVID, we have the tools and knowledge tostop diseases such as polio and measles What we need are the resources andcommitments to put these tools and knowledge into action If we do that, children’s liveswill be saved",children,Who will save their lives if we do that?,"['people', 'knowledge', 'knowledge and knowledge']"
1349,"”“We cannot allow the fight against one deadly disease to cause us to lose ground in thefight against other diseases,” said Henrietta Fore, UNICEF Executive Director “Addressing the global COVID-19 pandemic is critical However, other deadly diseases also threatenthe lives of millions of children in some of the poorest areas of the world",millions,How many children live in some of the poorest areas of the world?,"['millions of children', 'Children of the world', 'Children in the poor areas']"
1350," That is whytoday we are urgently calling for global action from country leaders, donors andpartners We need additional financial resources to safely resume vaccination campaignsand prioritize immunization systems that are critical to protect children and avert otherepidemics besides COVID-19”In recent years, there has been a global resurgence of measles with ongoing outbreaks in all parts of the world",global action,What is the reason why we are calling for?,"['China and the global countries', ""China's efforts in fighting against disease"", 'globalization development in the world']"
1351," Vaccination coverage gaps have been further exacerbated in 2020 by COVID-19 In 2019, measles climbed to the highest number of new infections in more than two decades Annual measles mortality data for 2019 to be released next week will show the continued negative toll that sustained outbreaks are having in many countries around the world",Vaccination coverage gaps,What has been exacerbated by COVID-19 in 2020?,"['Measles mortality data', 'Vacination rate gap', 'Vaccotor protection gaps']"
1352," At the same time, poliovirus transmission is expected to increase in Pakistan and Afghanistan and in many under-immunized areas of Africa Failure to eradicate polio now would lead to global resurgence of the disease, resulting in as many as 200,000 new cases annually, within 10 years New tools, including a next-generation novel oral polio vaccine and the forthcoming Measles Outbreak Strategic Response Plan are expected to be deployed over the coming months to help tackle these growing threats in a more effective and sustainable manner, and ultimately save lives","200,000",How many new cases of poliovirus are there annually?,"['As many as 200,000 new cases of polirus are there', '3,500 - 4,000 new cases', '10 years ago.']"
1353," The Plan is a worldwide strategy to quickly and effectively prevent, detect and respond to measles outbreaksNotes to editors:Download photos and broll on vaccinations, including polio and measles vaccinations hereGenerous support from Gavi, the Vaccine Alliance, has enabled previous access to funding for outbreak response, preventive campaigns and routine immunization strengthening, including additional support for catch-up vaccination for children who were missed due to COVID-19 disruptions in Gavi-eligible countries However, significant financing gaps remain in middle-income countries which are not Gavi-eligible",middle-income countries which are not Gavi-eligible,Where do significant financing gaps remain?,"['middle-income Countries which are non - Gav-II-able', 'Middle -income Countries which are GavallyLady', 'middle - income and middle -- income areas which are not Gav- Income- ladder - covered']"
1354," This call for emergency action will go to support those middle-income countries that are not eligible for support from Gavi About UNICEFUNICEF works in some of the world’s toughest places, to reach the world’s most disadvantaged children Across 190 countries and territories, we work for every child, everywhere, to build a better world for everyone",190,How many countries and territories does UNICEF work to reach the world's most disadvantaged children?,"['50', '20', '200 - 200']"
1355," For more information about UNICEF and its work for children, visit www For more information about COVID-19, visit www To know more about UNICEF’s work on immunization, visit https://www",https://www,Where can you find out more about UNICEF's work on immunization?,"['www', 'visit www', 'www. UNiceF']"
1356," Working with Gavi, the Vaccine Alliance, and other stakeholders, the Initiative is committed to achieving and maintaining a world without measles, rubella and congenital rubella syndrome Since 2000, M&RI has helped deliver over 55 billion doses of measles vaccine to children worldwide and saved over 23 million lives by increasing vaccination coverage, responding to outbreaks, monitoring and evaluation, and supporting demand for vaccine",over 55 billion,How many doses of measles vaccine has M&RI delivered to children worldwide?,"['three billion', '3 billion', '4 kilometers']"
1357,"In a year that has seen more than 12 million lives lost to a deadly coronavirus pandemic, WHO’s 194 Member States are expected to adopt a resolution to strengthen preparedness for health emergencies EB146R10, at the resumed 73rd World Health Assembly",73rd World Health Assembly,When is the resolution to strengthen preparedness for health emergencies EB146R10 resumed?,"['71st World Health Congress', '70th WorldHealth Congress', 'by health emergencieschallenge']"
1358,"Over the past two days, Committee A – which deals with predominantly programme and budget matters – has reviewed the findings of the reports of the Director-General on WHO’s work in health emergencies (A73/11) and on the implementation of the International Health Regulations (2005)(A73/14) It has heard interventions by the Chair of the Independent Oversight and Advisory Committee (IOAC) for the WHO Health Emergencies Programme and the Co-Chairs of the Independent Panel for Pandemic Preparedness and Response (IPPR), which was established by the WHO Director-General pursuant to Health Assembly resolution WHA73 On Tuesday, Committee A concluded with a recommendation to the Health Assembly to adopt the proposed Resolution",Committee A,What committee has reviewed the findings of the reports of the Director-General on WHO’s work in health emergencies?,"['Conservation and Architecture', 'WhA70', 'WhA75 and the Ad shoulder of the Health Federation']"
1359," Meanwhile Committee B – which deals predominantly with administrative, financial and legal matters – recommended that WHA73 adopt two draft decisions on endorsing the global strategy on digital health and accepting the report of the External Auditor (A73/27), as well as one draft resolution on revising the process for electing the WHO Director-General in relation to the transition period between the election of future Directors-General and their taking officeAll resolutions and decisions recommended by the Committees for adoption will be included in their reports to the plenary, and considered on FridayThe resumed 73rd World Health Assembly (WHA73) opened to the tune of the classic hit song “We are Family” by Sister Sledge, the Kingdom of Tonga’ Nurses’ Choir and a powerful speech by the WHO Director-General calling for predictable and sustainable WHO funding, the launch of a Universal Health and Preparedness Review and the need to “reimagine” global leadership and “forge a new era of cooperation” reflecting the lessons of the COVID-19 pandemic",two,How many draft decisions did WHA73 adopt on endorsing the global strategy on digital health?,"['Two', 'Three', 'three']"
1360," Dr Tedros called on Member States to “address the shocking and expanding imbalance between assessed contributions and voluntary, largely earmarked funds,” observing that WHO’s annual budget is equivalent to what the world spends on tobacco products in a single dayHe warned that “a vaccine cannot address the global under-investment in essential public health functions and resilient health systems, nor the urgent need for a “One Health” approach that encompasses the health of humans, animals and the planet we share There is no vaccine for poverty, hunger, climate change or inequality",a vaccine,What did Dr Tedros warn could not address the global under-investment in essential public health functions and resilient health systems?,"['a vaccine for poverty', 'a Health', 'a "" One health "" approach']"
1361,"”He called for “leadership built on mutual trust and mutual accountability – to end the pandemic and address the fundamental inequalities that lie at the root of so many of the world’s problems”“It’s time for the world to heal – from the ravages of this pandemic, and the geopolitical divisions that only drive us further into the chasm of an unhealthier, un-safer and unfairer future” he said “Today and every day, we must choose health",to end the pandemic,"What did he call for a ""leadership built on mutual trust and mutual accountability""?","[""to address all of the world's problems there onceer that you hate \n today and every day"", 'to address the problems of the world', 'to find the real causes of the pandemies']"
1362," We’re one big family”Dr Michael Ryan, Executive Director, WHO Health Emergencies Programme (WHE), gave an epidemiological update on the COVID-19 pandemic, noting “the grim milestone” of 50 million cases globallyThe Chair of the Independent Oversight and Advisory Committee for the WHO Health Emergencies Programme (IOAC), Dr Felicity Harvey, presented the IOAC report, which makes several recommendations and concludes that: “Over the last four years, the WHE Programme has demonstrated its capacity to manage multiple emergencies and has helped affirm WHO’s position as a global health leader, but the COVID-19 pandemic has thrown the challenges faced by WHO in handling a global pandemic into stark relief and has placed the WHE Programme under global public scrutiny",WHO Health Emergencies Programme,What does WHE stand for?,"[' WHO World Health Program', 'WhE Program', 'The WHO Health emergencies']"
1363,"”The Chair of the Review Committee on the functioning of the International Health Regulations (2005) during COVID-19 response, Professor Lothar H Wieler, President of the Robert Koch Institute, Germany provided an update on the work of the Committee and its preliminary findingsSenior Advisor to the Director-General, Dr Bruce Aylward, briefed Member States on the progress of the Access to COVID-19 Tools (ACT) Accelerator, noting key achievements with regard to rapid tests, life-saving treatments, and the COVAX Facility with its equitable allocation framework",the COVAX Facility,What was the ACT Accelerator named after?,"['the CODAX Program', 'the COVJX Program and the COUVX Vehicles', 'one of the common products of the society']"
1364, He remarked that access to these critical tools differs widely across countries and could worsen without urgent action to close the ACT-Accelerator’s US$45 billion financing gapThe WHO Director-General’s Health Leaders Award for outstanding leadership in global health was awarded to Her Royal Highness Princess Muna Al-Hussein of Jordan and the Kingdom of Tonga’s Nurses’ Choir,Her Royal Highness Princess Muna Al-Hussein of Jordan and the Kingdom of Tonga’s Nurses’ Choir,Who was awarded the WHO Director-General’s Health Leaders Award for outstanding leadership in global health?,"['Her Prince Highpoint Prince Muna Al -Hushang of Jordan', ""Her Prince Highwater Princess Prince MSu Al-Huseums of Jordan and the United Nations' Choir"", 'Her Royal Highness Princess Muna Al-Hus Nations']"
1365,"The WHA73 considered a proposal for a supplementary agenda item entitled “Inviting Taiwan to participate in the World Health Assembly as an observer”The proposal was considered in accordance with an agreed process for a structured debate, known as a “two plus two” arrangement Following this process, the WHA73 decided not to include this item on its agenda",two plus two,What was the agreed process for a structured debate known as?,"['two plus one and three times as large as the items on its list', 'two plus one and plus two in a way', 'two plus three or plus two? \n A']"
1366,"This is the 15th time since 1997 that such a proposal has been submittedIn line with an analogous decision of the UN General Assembly, the World Health Assembly though resolution WHA 251, of 1972, decided “(…) to recognize the representatives of its Government as the only legitimate representatives of China to the World Health Organization (…)”",the World Health Assembly,Who decided to recognize the representatives of China as the only legitimate representatives of China to the World Health Organization?,"['China', 'the UNGeneral Nations', ""China's Congress""]"
1367," This decision still applies, 48 years laterAlthough the question of Taiwanese membership in WHO and its participation in the World Health Assembly remains a question for Member States, WHO works with all health authorities who are facing the current coronavirus pandemic,including Taiwanese health expertsRe-recorded by Kim Sledge, part of the legendary multi-Gold and Platinum recording music group Sister Sledge, and presented by Natasha Mudhar, Founder of the global social impact enterprise The World We Want, a special edition cover of the classic We Are Family song will be accompanied by a crowdsourced music video, with members of the public joining frontline health heroes and a host of A-list celebrities, such as global superstar Rita Ora, in a spectacular sing-along video, out in December",48 years,How long after Taiwan's decision to join WHO?,"['16 years', '20 years', ""5 years after Taiwan's decision to join WHO""]"
1368," Individuals and families can submit their sing-along video clips for a chance to star in the official music video until 30 NovemberProceeds from the download of the new cover are being donated to the WHO Foundation, with the support of the World Health Organization, to address global health challenges such as COVID-19 9 November 2020, LONDON/GENEVA: The special edition cover of the timeless hit We Are Family, re-recorded by one member of the iconic multi-Gold and Platinum recording music group Sister Sledge, Kim Sledge, presented by Natasha Mudhar, Founder of the global social impact enterprise The World We Want, and supported by the World Health Organization, is now officially available for download worldwide from leading digital music stores such as iTunes, Spotify and Amazon Music",30 November,When can individuals and families submit their sing-along video clips for a chance to star in the official music video?,[]
1369," The song, an upbeat cover of the classic anthem that saw the group rise to stardom in 1979, is being released as an inspiring call for global solidarity to respond to the COVID-19 pandemic and to generate proceeds in benefit of the WHO Foundation to address the most pressing global health challenges of our time, such as COVID-19 Global icons such as multi-award winning critically-acclaimed artist Rita Ora, soul-singing legend Heather Small (singer of 2000’s hit Proud) and Formula One hero Romain Grosjean are just some of the big name supporters of the sing-along music video for the new cover, which is also open to the global public to submit their videos up until 30 November, to officially release worldwide this December Short video platform TikTok is supporting the campaign, offering users the chance to sing along to, record and share their own videos there as well",TikTok,What is the name of the short video platform that supports the campaign?,"['The World Health Organization', 'Short video platforms.', 'Short video platform']"
1370,"The special edition cover was officially released online for download in conjunction with today’s opening of the resumed 73rd World Health Assembly, at which Kim Sledge performed the track with the support of the Tongan Nurses ChoirThe special re-recorded cover, star-studded music video, social media campaign and fundraising initiative has been conceptualised by Natasha Mudhar, Founder, The World We Want, and supported by WHOThe inspiration to release a special edition of the classic track initially came early this year as communities around the world were left reeling from the impact of COVID-19Join the We Are Family video campaignIn support of the song's release, people from around the world can submit videos of themselves singing along to We Are Family for inclusion in a unique and inspiring compilation video for release in December 2020",December 2020,When can people from around the world submit videos of themselves singing along to We Are Family for inclusion in a unique and inspiring compilation video?,"['October 20', 'June 2016', ""Before We Are Family's release""]"
1371," This video will feature members of the global public, celebrities, leaders and health heroes, to honour the incredible work of the frontline workforces risking their lives around to save ours, and all those around the world who have been affected by the pandemicDownload the Special Edition Cover of We Are Family For a list of all major digital music stores where you can download the song, visit wwwcom Steps to be part of the We Are Family video:To submit sing-along videos of the Special Edition Cover Version of the We Are Family song, the key steps are:Download the Special Edition Cover of We Are Family, in benefit of the WHO Foundation",WHO Foundation,Who is responsible for downloading the Special Edition Cover of We Are Family?,"['We Are Family', 'The World Health Organization', 'The Special edition of We Are Family']"
1372," Record yourself singing to the Special Edition Cover of We Are Family either alone, or with friends and family, whilst observing physical distancing guidelines Share the video on your favourite social media channel, with the hashtag #WeAreFamily #COVID19 #HealthforAll and tag @WHO, @The_WorldWeWant and @thewhof Upload your video to https://unitystrong",#WeAreFamily #COVID19 #HealthforAll,What is the hashtag for the Special Edition Cover of We Are Family?,"['The Special Edition cover of WeAre Family.', 'Special edition', 'The Special edition : We Are Family']"
1373,"If you want your video to be considered for inclusion in the global, We Are Family video; you will need to share your video by Monday, 30 November 2020 Video clips will be selected based on age, geographical diversity, and appropriate physical distancing if the video includes groups of people beyond immediate family members and correct handwashing if singing along to the song while washing handsMore details, including Terms & Conditions, can be found here www",We Are Family,What is the name of the global video that you want to include?,"['WeAre Family video', 'The Global Video', 'Watching the Video']"
1374," For further information, please contact:The World We Want:  WAFmedia@theworldwewantglobal -----------------------------Editors notesOfficial quotes for the We Are Family Campaign:Dr Tedros Adhanom Ghebreyesus, the Director-General of the World Health Organization: “We Are Family is more than a song It is a call to action for collaboration and kindness, and a reminder of the strength of family and the importance of coming together to help others in times of need",We Are Family,What campaign did Tedros Adhanom Ghebreyesus write for?,"['The World WeWant', 'He World We want', 'Teddyros Adhanom Ghebreyesus']"
1375," “Now more than ever, communities and individuals all over the world need to heed this message and come together, as a global family, to support each other through this COVID-19 challenge, and to remember that our health and wellbeing is our most precious gift I am grateful to Kim Sledge and The World We Want for sharing this masterpiece and message of hope with us all It is only through national unity and global solidarity that we will overcome COVID-19 and ensure people all over the world attain the highest level of health and well-being",global,What type of family do communities and individuals all over the world need to come together to support each other through COVID-19?,"[' national', 'collective', 'international']"
1376,"""Kim Sledge, vocalist, philanthropist, novelist, songwriter, producer and Minister: ""From the doctors and nurses on the front lines, to the paramedics and police, from the midwives and scientists to the carers for the vulnerable, the We Are Family campaign will salute each and every one with a feeling of unity, strength and solidarity in response to the unprecedented challenges the world faces as a result of the coronavirus outbreak”Natasha Mudhar, founder of The World We Want and the driving force behind the #WeAreFamily campaign: “We Are Family is one of the most instantly recognizable anthems in the world  The song carries such an inspiring message of unity and solidarity and brings about a real sense of togetherness when sung aloud! We hope everybody loves the song, supports the campaign and sends in their videos to be part of a spectacular music video for a great cause",philanthropist,What is Kim Sledge's profession?,"[' Songwriter', ' songwriters', 'writers and songwriters']"
1377," This is a rallying cry for togetherness, for the strength of our global family We are all together during these timesThefifth meeting of the Emergency Committee convened by the WHO Director-General under the International Health Regulations (IHR) (2005) regarding the coronavirus disease (COVID-19) took place onThursday, 29 October 2020 from 12:30to16:05 Geneva time (CEST)",the coronavirus disease,What is COVID-19?,"['the carnation of virus disease', 'the meeting of the Emergency committee', 'how to deal with the emergency']"
1378,"Proceedings of the meetingMembers and advisors of the Emergency Committee were convened by videoconferenceThe Director-General welcomed the Committee, highlighted global advances and challenges in addressing the COVID-19 pandemic, and expressed his appreciation to the Committee for their continued support and adviceRepresentatives of the legal department and the Department of Compliance, Risk Management, and Ethics (CRE) briefed the members on their roles and responsibilities",COVID-19 pandemic,What pandemic did the Director-General highlight?,"['The importance of the COided-19 pandemic', 'The importance of the meeting', 'The progress of technology']"
1379," The Ethics Officer from CRE provided the Members and Advisers with an overview of the WHO Declaration of Interest process The Members and Advisers were made aware of their individual responsibility to disclose to WHO, in a timely manner, any interests of a personal, professional, financial, intellectual or commercial nature that may give rise to a perceived or direct conflict of interest They were additionally reminded of their duty to maintain the confidentiality of the meeting discussions and the work of the committee",the committee,Who was reminded of their duty to maintain the confidentiality of the meeting discussions and the work of?,"[' WHO', 'the members of the committee', 'the members and their President']"
1380," Each member who was present was surveyed and no conflicts of interest were identifiedThe Secretariat turned the meeting over to the Chair, Professor Didier Houssin Professor Houssin also welcomed the Committee and reviewed the objectives and agenda of the meeting",the Committee,Who did Professor Didier Houssin welcome?,"['Professor Didier Houssin', 'the members of it', 'The members of this meeting']"
1381,The WHO Assistant Directors-General for Emergency Response and for Emergency Preparedness and International Health Regulations provided an overview of the current context and an update on the implementation of the 1 August 2020 Temporary Recommendation WHO continues to assess the global risk level of the COVID-19 pandemic as very highThe Committee expressed strong appreciation for WHO’s leadership and activities throughout the global response,WHO continues to assess the global risk level of the COVID-19 pandemic,What did the WHO recommendation do to assess the global risk level of the COVID-19 pandemic?,"[' WHO is a leader in preventing the CODA-19 pandemic', 'The WHO refused to develop the CODA-type 1 emission super high as it was.', 'The group expressed hope for the improvement of the \n risk level of the pandemice']"
1382," In particular, the Committee appreciated WHO’s critical role in developing evidence-based guidance and recommendations; providing countries with technical assistance and operational support; communicating clear information and addressing misinformation; and convening the Solidarity Trials and the Access to COVID-19 Tools (ACT) Accelerator The Committee commended WHO’s sustained efforts to strengthen national, regional, and global responses to the COVID-19 pandemicAfter ensuing discussion, the Committee unanimously agreed that the pandemic still constitutes an extraordinary event, a public health risk to other States through international spread, and continues to require a coordinated international response",developing evidence-based guidance and recommendations,What did the Committee appreciate WHO's critical role in?,"['providing countries with technical assistance and operational support', 'setting up thesolidarity trials and the access to CODA-19 tools', 'raising national, regional, and global responses to the pandemic']"
1383," As such, the Committee considered the COVID-19 pandemic to remain a public health emergency of international concern and offered advice to the Director-GeneralThe Director-General determined that the COVID-19 pandemic continues to constitute a PHEIC He accepted the advice of the Committee to WHO and issued the Committee’s advice to States Parties as Temporary Recommendations under the IHR (2005)",the Committee to WHO,Who did the Director-General accept the advice of?,"['the Director-General of WHO', 'the director of the organization', 'the Director of general']"
1384,"The Emergency Committee will be reconvened within three months, at the discretion of the Director-General The Director-General thanked the Committee for its workAdvice to the WHO SecretariatLeadership and Coordination1",three months,How long will the Emergency Committee be reconvened?,"['four months', 'Three months', 'two months']"
1385," Continue to coordinate global and regional multilateral organizations, partners, and networks and share best practices for responding to the pandemic Provide States Parties with a mechanism including templates and processes to report on national progress in implementing the temporary recommendations; collect, analyze, and provide regular updates to the Committee on this progressEvidence-Based Response Strategies3","coordinate global and regional multilateral organizations, partners, and networks",What do states Parties continue to do to respond to the pandemic?,"['share best practices for respond to the pandemic', 'provide States Parties with a mechanism to report on national progress', 'provide help for the global and regionalMultitudes']"
1386," Continue to provide evidence-based guidance for COVID-19 readiness and response This guidance should include sustainable long-term response strategies, mitigation approaches for different levels of transmission, refined indicators for risk management and pandemic response, a meta-analysis of the effectiveness of public health and social measures for COVID-19 response, and lessons learned including from intra-action reviews Continue to convene multi-disciplinary experts to agree on consistent language for and to further explain: all potential modes of transmission and virulence of SARS-CoV-2; severity risk factors and epidemiology of COVID-19; and the striking diversity of the pandemic dynamics globally",pandemic dynamics,What is the striking diversity of?,"[' pandemic response', ' CODA -19 response', 'Conventional ways of transmission']"
1387," Continue intersectoral collaborations to understand the origin of SARS-CoV-2, the role/impact of animals, and provide regular updates on international research findings Continue to work with partners to refine mathematical models that can inform policy decisions on how best to mitigate the effects of the pandemicSurveillance and Contact Tracing7",SARS-CoV-2,What is the origin of a cross-sectional collaboration?,"['Ways to prevent the pandemic', 'What is the effect of SARS-CoV-2?', 'About 1-4 SARS-CoV-2.']"
1388," Continue to work with partners and networks to provide guidance, tools, and trainings to support countries in strengthening their robust public health surveillance, comprehensive contact tracing, and cluster investigation Encourage and support countries to understand and report on their epidemiological situation and relevant indicators including through leveraging existing influenza sentinel surveillance systems for COVID-19Risk communications and community engagement9",influenza,What type of sentinel surveillance systems are used for COVID-19Risk communications and community engagement?,"['inspectives', ' Coided-19Risk communications and community engagement', 'coided tracking and community engagement']"
1389," Accelerate support to enhance countries’ readiness for COVID-19 vaccine introduction by providing guidance, tools, and technical assistance for critical areas such as vaccination strategies, vaccine acceptance and demand, training, supply and logistics with a focus on cold chain, and monitoring uptake and vaccine safetyHealth Measures in Relation to International Traffic12 Continue to work with partners to update and review evidence-based guidance for international travel consistent with IHR (2005) provisions",IHR,What (2005) provisions provide evidence-based guidance for international travel?,"['I HR', 'IMS', 'China welcomed-19 vaccine introduction']"
1390," This guidance should focus on effective, risk-based, and coherent approaches (including targeted use of diagnostics and quarantine) that consider transmission levels, response capacities in origin and destination countries, and relevant travel-specific considerationsEssential Health Services13 Work with partners to support countries in strengthening their essential health services, with a particular focus on mental health, public health prevention and control systems, and other societal impacts, as well as preparing for and responding to concurrent outbreaks, such as seasonal influenza",seasonal influenza,What type of outbreaks should countries prepare for and respond to?,"['public health prevention and control systems', ' pandemic influenza', 'farmhopper and seasonal influenza']"
1391," Special attention should continue to be provided to vulnerable settingsTemporary Recommendations to State PartiesLeadership and coordination1 Continue to share with WHO best practices, including from intra-action reviews, and apply lessons learned for mitigating resurgence of COVID-19; invest in implementing National Action Plans for sustainable preparedness and response capacities in compliance with the IHR requirements",National Action Plans for sustainable preparedness and response capacities,What should be implemented in compliance with the IHR requirements?,"['National ActionPlanning for sustainable prepareness and respond capacity.', 'National action plan for sustainable preparedness', ""China's preparedness and response capacity""]"
1392," Report to WHO on progress in implementing the Temporary Recommendations, particularly major achievements, milestones, and obstacles This information will empower countries, WHO, partners, and the Committee to continue to make informed decisions as the pandemic evolves Evidence-Based Response Strategies3",Evidence-Based Response Strategies,How many strategies will the pandemic evolve?,"['Evidence- based pronouns', ' evidence- based response strategies', ' evidence - Based Resource folding']"
1393," Avoid politicization or complacency with regards to the pandemic response which negatively impact local, national, regional, and global response efforts National strategies and localized readiness and response activities should be driven by science, data, and experience and should engage and enable all sectors using a whole-of-society approach Implement a dynamic risk management approach using appropriate indicators to inform time-limited, evidence-based public health and social measures","science, data, and experience",What should national strategies and response activities be driven by?,"[' responders', 'local and national responses activities', 'local, national, regional and global response efforts']"
1394," Conduct research and share information on transmission, including role of aerosols; presence and potential impact of SARS-CoV-2 in animal populations; and potential sources of contamination (such as frozen products) to mitigate potential risks through preventative measures and international cooperationSurveillance and Contact Tracing6 Sustain efforts to strengthen public health surveillance systems and investments in a trained workforce for active case finding, comprehensive contact tracing, and cluster investigations","active case finding, comprehensive contact tracing, and cluster investigations",What are some of the areas that need to be trained for?,"['investment in a trained workforce, including contact finding, and center investigation', ' active case finding and child - care investigation', 'substitive measures and promotion of health, including investigation']"
1395," Continue timely and consistent reporting to WHO, including through platforms such as GISRS, on all recommended indicators for COVID-19 epidemiology and severity, response measures, and concurrent outbreaks, to enhance global understanding of the pandemic’s evolutionRisk Communications and Community Engagement8 Engage and empower individuals and communities to strengthen confidence in the COVID-19 response and promote sustained adherence to public health and social measures underpinned by the principles of solidarity and human rights; monitor and address rumours and misinformation",monitor and address rumours and misinformation,What do WHO monitor and address?,"[' monitor and address behaviours', 'monitor and keep up with the spread of disease', 'monitor and monitor the sites of chances']"
1396," Diagnostics, Therapeutics, and Vaccines9 Establish a national multi-disciplinary taskforce, assess progress using the COVID-19 Vaccine Introduction Readiness Assessment Tool (VIRAT), and prepare the National Deployment and Vaccination Plan, which can serve as the holistic operational plan for COVID-19 vaccine introduction A strong emphasis should be placed on communication with communities to prepare for COVID-19 vaccination",communication with communities,What should a strong emphasis be placed on to prepare for COVID-19 vaccination?,"['preparing a nationalized taskforce', 'on the whole for COVillage-19 vaccination development', 'taking part in the study of vaccine development']"
1397,"Health Measures in Relation to International Traffic10 Regularly re-consider measures applied to international travel in compliance with Article 43 of the IHR (2005) and continue to provide information and rationales to WHO on measures that significantly interfere with international traffic Ensure that measures affecting international traffic (including targeted use of diagnostics and quarantine) are risk-based, evidence-based, coherent, proportionate and time limited",Health Measures in Relation to International Traffic,What do WHO re-consider measures that interfere with international traffic?,"['Importance of International Traffic', 'Health measure inRelation to Human Traffic', 'His measures to monitor International Traffic']"
1398," Continue to strengthen capacity at points of entry to manage potential risks of cross-border transmission and to facilitate international contact tracingEssential Health Services12 Maintain essential health services with sufficient funding, supplies, and human resources; strengthen health systems to cope with mental health impacts of the pandemic, concurrent disease outbreaks, and other emergencies",strengthen health systems,"What do essential health services do to cope with mental health impacts of the pandemic, concurrent disease outbreaks, and other emergencies?","['maintain essential health services', 'have health services', 'need more health sessions.and thus']"
1399,"The World Health Organization (WHO) and the Wikimedia Foundation, the nonprofit that administers Wikipedia, announced today a collaboration to expand the public’s access to the latest and most reliable information about COVID-19The collaboration will make trusted, public health information available under the Creative Commons Attribution-ShareAlike license at a time when countries face continuing resurgences of COVID-19 and social stability increasingly depends on the public’s shared understanding of the factsThrough the collaboration, people everywhere will be able to access and share WHO infographics, videos, and other public health assets on Wikimedia Commons, a digital library of free images and other multimedia",Wikimedia Foundation,What is the name of the nonprofit that administers Wikipedia?,"['Wikipedia', 'Wikipedia Foundation.', 'The World Health Organization']"
