,context,answer,question,distractor
200," But science and solutions will be ineffective without solidarity,” said Dr Tedros Adhanom Ghebreyesus, WHO Director-General“I am grateful for the generous financial commitments made today, but we still have a significant funding gap to close Fully financing the ACT Accelerator will help to control the pandemic, restore confidence and stimulate the global recovery",ACT Accelerator,"What will help to control the pandemic, restore confidence and stimulate the global recovery?","['AIDS acceleration', 'Full credit', 'F fully financed']"
201," Frankly, this is not a financial challenge, it’s a test of solidarity This is a moment for saying no to nationalism and yes to our shared humanity Because ultimately, the ACT Accelerator is not delivering merely vaccines, diagnostics and therapeutics",ACT Accelerator,"What is not delivering merely vaccines, diagnostics and therapeutics?","['AIDS', 'IAldependence Day', 'Culture, analyzing and delivering']"
202," It’s delivering something far more important—hope”“We must confront this health crisis as a global challenge, together in solidarity and cooperation with one another, working toward a global solution We have to generate the key tests, treatments and vaccines that we all need, and make sure they are distributed equitably to people who most need them, regardless of where they live and whether their country is wealthy or not,” said South Africa’s Health MinisterZweli Mkhize, adding that large parts of the population especially in developing countries remain “vulnerable and marginalized during this pandemic",a global solution,What is the goal of South Africa's health crisis?,"['an international health crisis', ""the fight for Africa's health"", 'the health problem']"
203," They have donated enough money for COVAX, the vaccine pillar of the ACT-Accelerator, to procure, probably, hundreds of millions of vaccine doses for poor countries But more will be needed and I hope wealthy nations will continue to be generous”The World Bank unveiled plans this week for a significant financial commitment to support developing countries to purchase COVID-19 vaccines as soon as they are available",COVAX,What is the vaccine pillar of the ACT-Accelerator?,"['Vaccine dose', 'OVaccines', 'The ACT-Ac accelerationator']"
204, More detail can be found in the Act-Accelerator investment caseThe economic rationale for investing in an approach that can accelerate the end of the COVID-19 crisis remains clearFully financing the initiative to help shorten the duration of the crisis would pay back this investment in less than 36 hours once global mobility and trade alone are restored,less than 36 hours,How long would the investment in the COVID-19 crisis last?,[]
205,"Notes to EditorsThe Access to COVID-19 Tools ACT-Accelerator, is the proven, up-and-running global collaboration to accelerate the development, production, and equitable access to COVID-19 tests, treatments, and vaccines It was set up in response to a call from G20 leaders in March and launched by the WHO, European Commission, France and The Bill & Melinda Gates Foundation in April 2020The ACT-Accelerator is not a decision-making body or a new organization, it works to speed up collaborative efforts among existing organizations to end the pandemic",the pandemic,What is the goal of the ACT-Accelerator?,"['the access of coproducts', 'the new development and development', 'the development of CODA']"
206," It is a framework for collaboration that has been designed to bring key players around the table with the goal of ending the pandemic as quickly as possible through the accelerated development, equitable allocation, and scaled up delivery of tests, treatments and vaccines, thereby protecting health systems and restoring societies and economies in the near termIt draws on the experience of leading global health organizations which are tackling the world’s toughest health challenges, and who, by working together, are able to unlock new and more ambitious results against COVID-19 Its members share a commitment to ensure all people have access to all the tools needed to defeat COVID-19 and to work with unprecedented levels of partnership to achieve it","accelerated development, equitable allocation, and scaled up delivery of tests, treatments and vaccines",What is the goal of preventing the pandemic?,"['cared up delivery of tests, treatments and vaccines', 'accelerated development, fairization, and level of partnership', 'accelerated development, equal weight']"
207,"The ACT-Accelerator comprises four pillars: diagnostics, therapeutics, vaccines and health system strengtheningThe diagnostics pillar, co-convened by the Global Fund and FIND, is focused on bringing to market 2–3 high-quality rapid tests, training 10 000 healthcare professionals across 50 countries and establishing testing for 500 million people in Low and Middle-Income countries by mid-2021The therapeutics pillar is led by Unitaid and The Wellcome Trust",5,How many countries is the ACT-Accelerator focused on?,"['1', '11', '9']"
208," Therapeutics can play a role in all stages of COVID-19 disease: to prevent infection; suppress symptoms and spread of infection to others; treat or prevent symptoms; as a life-saving treatment for severe symptoms; and as a treatment that can speed up recovery The aim in the next 12 months is to develop, manufacture and distribute 245 million treatments, helping COVID-19 sufferers to recover from the diseaseThe vaccines pillar, convened by CEPI, Gavi and WHO, is speeding up the search for an effective vaccine for all countries",vaccines pillar,What is the name of the pillar that helps COVID-19 sufferers recover from the disease?,"['cureable disease', 'as treatment for COide-19 sufferers', 'coided - 19 disease']"
209," At the same time, it is supporting the building of manufacturing capabilities, and buying supply, ahead of time so that 2 billion doses can be fairly distributed by the end of 2021The health systems connector pillar, led by the World Bank and the Global Fund, is working to ensure that these tools can reach the people who need themCross cutting all of these is the workstream on Access & Allocation, hosted by the World Health Organization",the workstream on Access & Allocation,What is cutting all of these tools?,"['the workomes hosted by the World Health Organization', 'the health systems connectivity', 'the health system connectingpillar']"
210,"ly/ACTAcceleratorInvestmentCaseUN COVID-19 Response Portal: unorg/en/coronavirusArchived video of the event is available on UN Web TVThe Coronavirus disease (COVID-19) is the first pandemic in history in which technology and social media are being used on a massive scale to keep people safe, informed, productive and connected",a massive scale,"How are social media and technology being used to keep people safe, informed, productive and connected?","['a pandemic', 'an important pandemic', 'the use of technology and technology']"
211," Mis- and disinformationcan be harmful to people’s physical and mental health; increase stigmatization; threaten precious health gains; and lead to poor observance of public health measures, thus reducing their effectiveness and endangering countries’ abilityto stop the pandemicMisinformation costs lives Without the appropriate trust and correct information, diagnostic tests go unused, immunization campaigns (or campaigns to promote effective vaccines) will not meet their targets, and the virus will continue to thrive",the virus,What virus will continue to thrive?,"['the pandemic', 'the AIDS', ""people's physical and mental health""]"
212,"At the World Health Assembly in May 2020, WHO Member States passed Resolution WHA731 on the COVID-19 response The Resolution recognizes that managing the infodemic is a critical part of controlling the COVID-19 pandemic: it calls on Member Statesto provide reliable COVID-19 content, take measures to counter mis- and disinformation and leverage digital technologies across the response",May 2020,When was the Resolution WHA731 passed?,"['October 20', 'At the World Health Assembly', 'by the World health Organization']"
213," The Resolution also calls on international organizations to address mis- and disinformation in the digitalsphere, work to prevent harmful cyber activities undermining the health response and support the provision of science-based data to the publicThe UN system and civil society organizations are using their collective expertise and knowledge to respond to the infodemic At the same time, as the pandemic continues to create uncertainty and anxiety, there is an urgent need for stronger actionto manage the infodemic, and for a coordinated approach among states, multi-lateral organizations, civil society and all other actors who have a clear role and responsibility in combatting mis- and disinformation",the pandemic continues to create uncertainty and anxiety,What is an urgent need for stronger action to manage the infodemic?,"['the UN system and civil society organizations are using their knowledge and knowledge', 'it is urgent to have a global approach to handle the infodemic', 'it is important to address mis- anddisinformation']"
214,"We call on Member States to develop and implement action plans to manage the infodemic by promoting the timely dissemination of accurate information, based on science and evidence,to all communities, and in particular high-risk groups; and preventing the spread, and combating, mis- and disinformation while respecting freedom of expressionWe urge Member States to engage and listen to their communities as they develop their national action plans, and to empower communities to develop solutions and resilience againstmis- and disinformationWe further call on all other stakeholders - including the media and social media platforms through which mis- and disinformation are disseminated, researchers and technologists who can designand build effective strategies and tools to respond to the infodemic, civil society leaders and influencers - to collaborate with the UN system, with Member States and with each other, and to further strengthen their actions to disseminate accurate information and prevent the spread of mis- and disinformation",to develop and implement action plans to manage the infodemic,What do we call on Member States to do to manage the infodemic?,"['to encourage communities to develop solutions and protection against mis- anddisinformation', 'to promote the timely release of accurate information', 'to educate and develop the local communities']"
215,"64 higher income economies have now joined the COVAX Facility, with a further 38 economies expected to sign in the coming days These self-financing economies, which include 29 from ‘Team Europe’ participating as part of an agreement with the European Commission, join 92 lower income economies eligible for financial support through the Gavi COVAX Advance Market CommitmentThis means a total of 156 economies, representing nearly two-thirds of the global population, are now committed to or eligible to receive vaccines through the Facility Click here for the list of economies64 higher income economies have joined the COVAX Facility, a global initiative that brings together governments and manufacturers to ensure eventual COVID-19 vaccines reach those in greatest need, whoever they are and wherever they live These 64 economiesinclude commitments from 35 economies as well as the European Commission which will procure doses on behalf of 27 EU member states plus Norway and IcelandBy pooling financial and scientific resources, these participating economies will be able to insure themselves against the failure of any individual vaccine candidate and secure successful vaccines in a cost-effective, targeted way",64,How many higher income economies have joined the COVAX Facility?,"['70', '32', '66']"
216,"The 64 members of the Facility will be joined by 92 low- and middle-income economies eligible for support for the procurement of vaccines through the Gavi COVAX Advance Market Commitment (AMC), a financing instrument aimed at supporting the procurementof vaccines for these countries This means that 156 economies, representing roughly 64% of the global population in total, are now either committed to or eligible for the COVAX Facility, with more to followWith the Commitment Agreements secured, the COVAX Facility will now start signing formal agreements with vaccine manufacturers and developers, which are partners in the COVAX effort, to secure the doses needed to end the acute phase of the pandemic bythe end of 2021",92,How many low- and middle-income economies will join the COVAX Facility?,"['82', "" 64 % of the world's population"", '93']"
217," This is in addition to an ongoing effort to raise funding for both R&D and for the procurement of vaccines for lower-income countries via the Gavi COVAX AMC“COVAX is now in business: governments from every continent have chosen to work together, not only to secure vaccines for their own populations, but also to help ensure that vaccines are available to the most vulnerable everywhere,” said DrSeth Berkley, CEO of Gavi, the Vaccine Alliance, which is coordinating the COVAX Facility “With the commitments we’re announcing today for the COVAX Facility, as well as the historic partnership we are forging with industry, we now standa far better chance of ending the acute phase of this pandemic once safe, effective vaccines become available",the Gavi COVAX AMC,What is the name of the organization that raises funding for R&D and the procurement of vaccines for low-income countries?,"['the vaccineine Association', 'at the present time', 'the CO VirginiaX']"
218,"”The COVAX Facility is part of COVAX, the vaccines pillar of the Access to COVID-19 Tools (ACT) Accelerator, which is co-led by the Coalition for Epidemic Preparedness Innovations (CEPI), Gavi, the Vaccine Alliance, and the World Health Organization (WHO)– working in partnership with developed and developing country vaccine manufacturers, UNICEF, the World Bank, Civil Society Organisations and othersThe allocation of vaccines, once licensed and approved, will be guided by an Allocation Framework released today by WHO following the principle of fair and equitable access, ensuring no participating economy will be left behind Policies determining the prioritization of vaccine rollout within economies will be guided by recommendations from theWHO Strategic Advisory Group of Experts on Immunization (SAGE), which has recently released a Values Framework laying the groundwork for subsequent guidance ontarget populations and policies on vaccine use",the Coalition for Epidemic Preparedness Innovations,Who is the COVAX Facility co-led by?,"['the World Health Organization', 'The World Health organization', 'A World Health Association']"
219,"“COVID-19 is an unprecedented global crisis that demands an unprecedented global response,” said WHO Director-General, Dr Tedros Adhanom Ghebreyesus “Vaccine nationalism will only perpetuate the disease and prolong the global recoveryWorking together through the COVAX Facility is not charity, it’s in every country’s own best interests to control the pandemic and accelerate the global economic recovery",COVID-19,What is an unprecedented global crisis that demands an unprecedented global response?,"['Vaccine fever', 'Volaccine nation', 'Volunteer worker- duty']"
220,"”The commitment of fully self-financing economies will now unlock vital funding and the security of demand needed to scale up manufacturing and secure the doses needed for the Facility CEPI is leading COVAX vaccine research and development work, whichaims to develop at least three safe and effective vaccines which can be made available to economies participating in the COVAX Facility Nine candidate vaccines are currently being supported by CEPI; eight of which are currently in clinical trials",eight,How many vaccines are currently in clinical trials?,"['9', ' nine', 'seven']"
221,"“This is a landmark moment in the history of public health with the international community coming together to tackle this pandemic The global spread of COVID-19 means that it is only through equitable and simultaneous access to new lifesavingCOVID-19 vaccines that we can hope to end this pandemic”, said Dr Richard Hatchett, CEO of CEPI “Countries coming together in this way shows a unity of purpose and resolve to end the acute phase of this pandemic, and we must now workclosely with vaccine manufacturers—who play an integral part in the global response—to put in place the agreements needed to fulfil COVAX’s core aim: to have two billion vaccine doses available by the end of 2021",two billion,How many vaccine doses are available by 2021?,"['three billion', 'five billion', 'two thousand']"
222," Today, we havetaken a great leap towards that goal, for the benefit of all”The success of COVAX hinges not only on economies signing up to the COVAX Facility and commitments from vaccine manufacturers, but also filling key funding gaps for both COVAX research and development (R&D) work and the Gavi COVAX AMC to support participationof lower income economies in the COVAX FacilityGovernments, vaccine manufacturers (in addition to their own R&D), organisations and individuals have committed US$ 1",US$ 1,How much have vaccine manufacturers committed to COVAX?,"['US$ 2.', 'US$ 2 by themselves,', ' vaccine manufacturers']"
223,"4 billion towards vaccine R&D so far, but a further US$ 700-800 million is urgently needed to continue to move the portfolioforward in addition to US$ 300 million to fund WHO’s SOLIDARITY trialThe Gavi COVAX AMC has raised around US$ 700 million from sovereign donors as well as philanthropy and the private sector, against an initial target of US$ 2 billion in seed funding needed by the end of 2020 Funding the Gavi COVAX AMC will be criticalto ensuring ability to pay is not a barrier to accessing COVID-19 vaccines, a situation which would leave the majority of the world unprotected, with the pandemic and its impact continuing unabated",4 billion,How much has the Gavi COVAX AMC invested in vaccine R&D so far?,"['US$ 700', '3 billion', '4 dollars']"
224,"The Commitment Agreements also commit higher income governments to provide an upfront payment to reserve doses by 9 October 2020 These funds will be used to accelerate the scale-up of vaccine manufacturing to secure two billion doses of vaccine, enoughto vaccinate one billion people assuming the vaccine requires a two-dose regimen Further details on these upfront payments are available in Gavi’s COVAX Facility Explainer",COVAX Facility Explainer,What is the name of Gavi's website that provides details on the upfront payments?,"['Guidelines for vaccine manufacturing', 'Guides on vaccine manufacturing', ""Gavio's COVXavierExplainer""]"
225,"As well as procuring doses for participating economies, the COVAX Facility will also maintain a buffer of doses for emergency and humanitarian useParticipating country comments“COVID-19 poses serious health concerns to people everywhere, and that’s why Canada is committed to working with partners around the world to end the pandemic,” said the Rt Justin Trudeau, Prime Minister of Canada",Rt Justin Trudeau,Who was the Prime Minister of Canada at the COVAX Facility?,"['Prime Minister of Canada', ' Prime Minister ofCanada', 'ThePrime Minister']"
226," “Equitable,timely, and affordable access to a safe and effective COVID vaccine will be critical to help protect people’s health Canada supports the objectives and principles of the COVAX Facility as the only global pooled procurement mechanism for countriesto collaborate on this monumental undertaking Our country is a part of this important global response",COVAX Facility,What is the only global pooled procurement mechanism for countries to collaborate on this monumental undertaking?,"[' COUV vaccine', 'Canada', 'A safe and effective COscar vaccine']"
227,"”“New Zealand’s commitment to the COVAX Facility supports access to vaccines against COVID-19 for other countries too,” said Rt Hon Jacinda Ardern, Prime Minister of New Zealand“COVAX and the idea of equal access to a COVID-19 vaccine, regardless of ability to pay, is not just a moral imperative, it is the only practical solution to this pandemic Protecting everyone is the only way we can return our world – ourtrade, tourism, travel, business – to normal,” said the Honourable Dr Edwin G",Honourable Dr Edwin G,"Who said that protecting everyone is the only way we can return our world – ourtrade, tourism, travel, business – to normal?","['Rt HonJacinda Ardern', 'Vitamin -19', 'protecting everyone is the only way we can return our world']"
228," Dikoloti, Minister of Health and Wellness for Botswana “We urge those countries who have not yet signed up to do so Let us work together to protecteach other",protecteach other,What do Botswana countries want to do?,"['work together to protect each other', 'have to work together', 'ask those who have not signed up to protecteach other']"
229,"“By being a part of the COVAX Facility and the AMC we can continue this work and protect our citizens - and the world - against the impact of COVID-19”“With COVAX, the world is joining forces and proving that together, we are stronger – and together, we can defeat this pandemic,” said Ekaterine Tikaradze, Minister of Health for Georgia “Georgia will be joining the COVAX Facilityto give our citizens the best chance at having access to safe vaccines",Ekaterine Tikaradze,Who is the Minister of Health for Georgia?,"['The CO VirginiaX Site', 'VioV -19 \n \n \n \n : \n V. Health care', 'The Minister of Health for Georgia']"
230," By doing this, we also make sure health care workers and other high risk persons all over the world have access to these life-saving tools, helping to bring the pandemic undercontrol – and we can all recover and rebuild”“Joining the COVAX Facility was not a difficult decision – not only will this give Kuwaiti citizens access to COVID-19 vaccines as they become available, it will also mean our friends and partners outside our borders also get access,”said His Excellency Sheikh Dr Basel HumoudAl-Sabah, Minister of Health of the State of Kuwait “We need a global solution to this global pandemic: we believe COVAX is that solution",COVAX,What facility was not a difficult decision to connect Kuwaiti citizens to COVID-19 vaccines?,"['Kwaiti citizens', ' COUV-19', 'Joining the COffe-19 vaccine']"
231,"”“We believe international cooperation – a global effort – is key,” said Dag-Inge Ulstein, Minister of International Development for Norway “We must continue to work for equitable access to vaccines, tests and treatmentsTo defeat the coronavirus pandemic, well-off countries need to act swiftly and boldly to make vaccines and treatments available to those who cannot afford to pay themselves",international cooperation,What does Norway believe is key to?,"['ations for fair access to vaccines, tests and treatments', 'global efforts', 'global efforts in fighting the rhino pandemic']"
232," With the commitments to the COVAX facility we are heading in the right direction”“This is a hugely important initiative, which could offer us a path out of the acute phase of this pandemic and a return to normality,” said His Excellency Dr Ahmed Mohammed Obaid Al Saidi, Minister of Health of the Sultanate of Oman “Iwould urge every country that has not yet done so to sign up, for all our sakes",Dr Ahmed Mohammed Obaid Al Saidi,Who was the Minister of Health of the Sultanate of Oman?,"['Dr ALSA President Dr Musad Al Saidi', 'The Minister of Health of the Sultanate of Muscat', 'His Excellency Dr Ayfull Alsaidi']"
233," It is far better for us to work together than apart”Partner comments“The history of vaccines will be defined by our response to COVID-19; the COVAX facility is at the epicenter of this response Industry is at the forefront in vaccines development and manufacturing leading to supplies of several billion doses withinthe next few years”, said Mr",several billion,How many doses does COVID-19 supply in the next few years?,"['supporter of vaccine', 'several years', 'several thousand.']"
234," Prasad, President of the Developing Countries Vaccine Manufacturers’ Network (DCVMN) “The COVAX facility will have a major impact on lives, livelihoods and accelerate the return to normalcy forcountries The DCVMN is fully engaged with its partners to enhance its mission of global public health and to leave no one behind",Vaccine Manufacturers’ Network,What is the DCVMN?,"[""Vaccine manufacturers'Network"", 'The Developing Countriestalkative Network', 'Vaccua National Association']"
235,"” “It is very encouraging to see so many countries move from talk to full commitment,” said Thomas Cueni, Director General of the International Federation of Pharmaceutical Manufacturers (IFPMA) “The Facility can only work, and equitableaccess can only be achieved, if there is solidarity between rich and poorer countries Today vaccine makers who have the unique skills and expertise to scale up manufacturing to levels never seen before, stand ready, together, to take up the challengeof providing two billion doses of yet unknown COVID-19 vaccines",two billion,How many doses of COVID-19 vaccines are there?,"['Two billion', 'twenty billion', 'two hundred and forty thousand']"
236," This is no mean feat, as it requires doubling existing capacity in record time Today, marks a significant step forward, and is a historic mark of solidarity which has the power to bringthe acute phase of this pandemic to an end; and we are proud to be part of this unique endeavour to leave no one behind”“Uniting our efforts through COVAX must guarantee fair allocation and equitable delivery of the COVID-19 vaccine to those who need it most, and not just those who can afford it,” said Jagan Chapagain, Secretary-General of the InternationalFederation of Red Cross and Red Crescent Societies",doubling existing capacity,How much capacity does the COVID-19 vaccine need in record time?,"['increasing the production capacity', 'increasing the CODA-19 vaccine', 'bequiting the old and the new vaccine']"
237," “We all have a moral and public health imperative to protect the poor in rural communities as the affluent in cities, the old in care homes as the young in refugee camps The power of our humanityand the success of COVAX will be measured by how we collectively protect the most vulnerable among us""""Global cooperation must be the cornerstone of our global response to COVID-19,” said Kevin Watkins, Chief Executive of Save the Children",the most vulnerable,How will we collectively protect the poor in rural communities as the affluent in cities and the old in care homes as the young in refuge,"['the poor in rural communities', 'the old in care homes as the young in camps', 'the rich in cities']"
238," “The COVAX Facility has the potential to help ensure universal and equitable access to future COVIDvaccines For this to happen, we need to ensure people in low- and middle-income countries get their fair share and can access the vaccines they need to help overcome the biggest public health and child rights crisis of our generation""“Seeing such unity in the face of the COVID-19 crisis gives us confidence that, together, we can ensure the equitable delivery of COVID vaccines globally,” said Henrietta Fore, UNICEF Executive Director",Henrietta Fore,Who was UNICEF Executive Director of the COVAX Facility?,"['Nicoetta Fore', 'The COUV vaccine', 'The CODAX System']"
239," “With our globe-spanning supplychain and on-the-ground presence across 190 countries, UNICEF is proud to support this historic effort”Notes to editorsA COVAX Facility Explainer document is available on the Gavi website here:, as well as a Q&A from Gavi CEO Seth Berkley hereThe full list of fully self-financing economies that have submitted both binding Commitment Agreements and non-binding Confirmations of Intent to Participate, as well as the 92 low- and middle-income countries eligible for the Gavi COVAX AMC, is availablehere",UNICEF,Who is proud to support this historic effort?,"['Gav website', 'G Beautiful', 'Gavile CO VirginiaX Activities']"
240," View the full list of donor governments and other leading organizations that fund Gavi’s workhereAbout CEPICEPI is an innovative partnership between public, private, philanthropic, and civil organisations, launched at Davos in 2017, to develop vaccines to stop future epidemics CEPI has moved with great urgency and in coordination with WHO in response to theemergence of COVID-19",COVID-19,What is the name of the vaccine that CEPI has moved with great urgency and in coordination with WHO?,"['CepI', 'Cepi', 'CepI and WHO']"
241," CEPI has initiated nine partnerships to develop vaccines against the novel coronavirus The programmes are leveraging rapid response platforms already supported by CEPI as well as new partnershipsBefore the emergence of COVID-19, CEPI’s priority diseases included Ebola virus, Lassa virus, Middle East Respiratory Syndrome coronavirus, Nipah virus, Rift Valley Fever and Chikungunya virus",nine,How many partnerships have CEPI initiated to develop vaccines against the novel coronavirus?,"['seven', 'many', 'Ebola virus']"
242," CEPI also invested in platform technologies that canbe used for rapid vaccine and immunoprophylactic development against unknown pathogens (Disease X)About WHOThe World Health Organization provides global leadership in public health within the United Nations system Founded in 1948, WHO works with 194 Member States, across six regions and from more than 150 offices, to promote health, keep the world safe andserve the vulnerable",WHO,What organization is the WHO responsible for providing global leadership in public health?,"['The World Health Organization', "" WHO's responsibility"", "" WHO 'S duty""]"
243," Our goal for 2019-2023 is to ensure that a billion more people have universal health coverage, to protect a billion more people from health emergencies, and provide a further billion people with better health and wellbeingFor updates on COVID-19 and public health advice to protect yourself from coronavirus, visit wwwint and follow WHO on Twitter, Facebook, Instagram, LinkedIn, TikTok, Pinterest, Snapchat, YouTubeAbout ACT-AcceleratorThe Access to COVID-19 Tools ACT-Accelerator, is a new, ground-breaking global collaboration to accelerate the development, production, and equitable access to COVID-19 tests, treatments, and vaccines",a billion,How many people have universal health coverage for 2019-2023?,"['an access to CODA-19', 'an average', 'two people']"
244," It was set up in response to a call from G20 leadersin March and launched by the WHO, European Commission, France and The Bill & Melinda Gates Foundation in April 2020The ACT-Accelerator is not a decision-making body or a new organisation, but works to speed up collaborative efforts among existing organisations to end the pandemic It is a framework for collaboration that has been designed to bring key players aroundthe table with the goal of ending the pandemic as quickly as possible through the accelerated development, equitable allocation, and scaled up delivery of tests, treatments and vaccines, thereby protecting health systems and restoring societies andeconomies in the near term",April 2020,When was the ACT-Accelerator launched?,[]
245," It draws on the experience of leading global health organisations which are tackling the world’s toughest health challenges, and who, by working together, are able to unlock new and more ambitious results againstCOVID-19 Its members share a commitment to ensure all people have access to all the tools needed to defeat COVID-19 and to work with unprecedented levels of partnership to achieve itThe ACT-Accelerator has four areas of work: diagnostics, therapeutics, vaccines and the health system connector",four,How many areas of work does the ACT-Accelerator have?,"['Four areas of the work.', 'Four', 'four areas of work']"
246, Cross-cutting all of these is the workstream on Access & Allocation More information on the ACT Accelerator is available hereThe World Health Organization (WHO) and UNICEF today signed a new collaborative framework which willaccelerate joint public health efforts that put the most marginalized and vulnerable populations first,the most marginalized and vulnerable populations,Who did the World Health Organization (WHO) and UNICEF sign a new collaborative framework?,"['the most important populations', 'those who want to help the poor', 'the most vulnerable groups']"
247,"The new Strategic Collaboration Framework builds on a robust 70-year collaboration between the two organizations, andprioritizes four strategic areas for immediate attention and action at all levels of the organizations: universal health coverage, through a primary health care and health systems approach; mental health and psychosocial wellbeing and development; public health emergencies; and maternal and child nutritionAdditionally, the two organizations signed a newJoint Programme on Mental Health and Psychosocial Well-being andDevelopment of Children and AdolescentsThis 10-year collaborative effort will promote mental health and psychosocial well-being and development, increase access to care for mental health conditions, reduce suffering and enhance quality of life among children and adolescents, and their caregiversBoth organizations are particularly concerned about the urgent need to better tackle issues affecting adolescents",the urgent need to better tackle issues affecting adolescents,What are the two organizations concerned about?,"['the urgent need to develop the mental health system', 'the need to carry out a healthy life for children and Adolescents', 'the need to carry out a healthy life for children and Adolescents about fear more children benefit with learning thingsAdored more photos as necessary. [ : Zxxk. Com ]']"
248," Depression is is one of the leading causes of illness and disability among adolescents, and suicide is the second leading cause of death in adolescents“The COVID-19 pandemic has exposed huge gaps in accessing health, well-being and nutrition services among children and vulnerable populations,” said Henrietta Fore, UNICEF Executive Director “There has never been a more urgent need to work together",suicide,What is the second leading cause of death in adolescents?,"[' depression', ' Depression', 'Depression and disability']"
249," This new framework will help us strengthen health and food systems, and invest in mental health and psychosocial support in every country in the world”For more than 70 years, WHO and UNICEF have worked together worldwide to ensure children survive and thrive, and benefit from a safe and clean environment The two organizations collaborated to provide high-impact health, immunization, nutrition, HIV and early child development interventions, as well as safe water and sanitation services in every region of the world, including in fragile and conflict settings",health and food systems,What will this new framework help us strengthen?,"['high - impact health', 'a safe and clean environment', ' mental health and environmental protection']"
250,"""At the heart of our work with UNICEF is seeing that every child not only survives but ultimately thrives and transforms their communities and future generations,"" said Dr Tedros Adhanom Ghebreyesus, WHO Director-General ""With great appreciation and respect for our unique and complementary roles, we stand together in our commitment to achieve health for all As this pandemic demonstrates, no-one is safe until everyone is safe",every child,Who does UNICEF believe survives and transforms their communities and future generations?,"['Every child', ""every child's future generations"", 'who can change their communities']"
251,"”Today, WHO and UNICEF continue to work together to stop the COVID-19 pandemic and ensure that every woman and every child have access to the essential health services they need, including immunizations and health check-upsThe two organizations are also working together to support countries to introduce and deliver COVID-19 vaccines under the vaccines pillar of the “Access to COVID-19 Tools – Accelerator” (ACT-A) initiative, along with Gavi, CEPI and global immunization partnersAdditionally, the organizations are strengthening health systems through primary health care, as agreed in theDeclaration of Astana,and the UN High-level declaration on UHC, in order to accelerate achievement of universal health coverage and Sustainable Development Goal 3 targets by 2030",2030,By what year are the Sustainable Development Goal 3 targets achieved?,"['506', '1630', '1150']"
252,"The World Health OrganizationThe World Health Organization provides global leadership in public health within the United Nations system Founded in 1948, WHO works with194 Member States, across six regions and from more than 150 offices,to promote health, keep the world safe and serve the vulnerable Our goal for 2019-2023 is to ensure that a billion more people have universal health coverage, to protect a billion more people from health emergencies, and provide a further billion people with better health and wellbeing",a billion,How many people have universal health coverage for 2019-2023?,"['a billion people graduating from health emergencies', 'two billion', 'two people']"
253,"For updates on COVID-19 and public health advice to protect yourself from coronavirus, visitwwwintand follow WHO onTwitter,Facebook,Instagram,LinkedIn,TikTok,Pinterest,Snapchat,YouTubeUNICEFUNICEFworks in some of the world’s toughest places, to reach the world’s most disadvantaged children Across 190 countries and territories, we work for every child, everywhere, to build a better world for everyone",190,How many countries and territories do we work for every child?,"['All the children in the world', 'All the countries and territories', '200']"
254," For more information about UNICEF and its work for children, visitwww For more information about COVID-19, visitwww Follow UNICEF onTwitterandFacebook",Follow UNICEF onTwitterandFacebook,What is the name of the website that provides more information about COVID-19?,"['Useful information on TwitterandFacebook', 'What is the name of the website that provides more information about CO study-19?', 'Follow information about COffic-19']"
255,"United Nations Secretary General António Guterres appeals for a quantum leap in funding for the ACT-Accelerator, a global solution to get the world moving, working and prospering againH Cyril Ramaphosa, President of South Africa, and H Erna Solberg, Prime Minister of Norway, co-chair the ACT-Acceleration Facilitation CouncilGlobal leaders–including over 30 heads of state and ministers– releasestatement of commitment to galvanizing support for the ACT-Accelerator and the need for the financial resources required to leave no one behindACT-Accelerator calculates that $35 billion is still required to give all countries the tools needed to end the pandemic as quickly as possibleToday Dr Tedros Adhanom Ghebreyesus, WHO Director-General, and Dr Ursula von der Leyen, President of the European Commission, co-hosted the inaugural meeting of the Access to COVID-19 Tools (ACT) Accelerator Facilitation Council",the Access to COVID-19 Tools (ACT) Accelerator Facilitation Council,What is the name of the inaugural meeting hosted by Dr Tedros Adhanom Ghebreyesus and Dr Ursula von der Ley,"['the first day of the ACT-Ac acceleration Council', 'the president of South Africa and Mr presidents of Norway', 'the first time that the ACT -Acacia Program has been held']"
256," The meeting was co-chairedby H Cyril Ramaphosa, President of South Africa and H Erna Solberg, Prime Minister of Norway and included a keynote address from the UN Secretary-GeneralAntónio Guterres",UN Secretary-GeneralAntónio Guterres,Who gave a keynote address at the meeting?,"['President H crna Solberg', 'H cril rule of South Africa', 'H Erna Solberg, Prime Minister of Norway']"
257,"The ACT-Accelerator is the proven, up-and-running, global collaboration accelerating the development, production, and equitable access to COVID-19 tests, treatments, and vaccinesIt was launched on 24 April 2020 by WHO with the European Commission, France and the Bill & Melinda Gates Foundation and supported by the UN Secretary-General and multiple Heads of Government,it is already delivering substantial returns;over170 countries are engaged in the new COVID-19 Vaccine Facility and ten candidate vaccines are under evaluation, 9 of them in clinical trials, giving the largest and most diverse COVID-19 vaccine portfolio in the worldInvesting in the ACT-Accelerator’s multilateral approach increases the chance of success for all countries by giving access to a greater number of tools more quickly, as well as sharing the costs, and mitigating the risks of, R&D",24 April 2020,When was the ACT-Accelerator launched?,[]
258," A total ofUS$35 billion is still needed for the ACT-Accelerator to realise its goals of producing 2 billion vaccine doses, 245 million treatments and 500 million testsDr Tedros Adhanom Ghebreyesus, WHO Director-General, said: ""Nearly 5 000 lives are lost each day due to COVID-19 and the global economy is expected to contract by trillions of dollars this year The case for investing to end the pandemic has never beenstronger",US$35 billion,How much is needed for the ACT-Accelerator to achieve its goals?,"['US$ 100 bill', 'A total of 2 billion vaccine tests', '2 billion vaccine dose']"
259," The ACT-Accelerator is the best way to ensure equitable access to vaccines, diagnostics and therapeutics, but at present is facing a financing gap of US$35 billion Fully financing the ACT-Accelerator would shorten the pandemic and pay backthis investment rapidly as the global economy recovers""Ursula von der Leyen, President of the European Commission, said: “Today’s launch of the Facilitation Council brings us closer to our global goal: access to coronavirus vaccines, tests and treatments for everyone who needs them, anywhere",ACT-Accelerator,"What is the best way to ensure equitable access to vaccines, diagnostics and therapeutics?","['AIDS', 'Virus vaccines', 'Virus vaccine and treatments for everyone who needs them']"
260,"The EU will use all its convening power to help keep the world united against coronavirus With the chairmanship of Norway and South Africa representing the global North and South, and the expertise of the WHO and our international partners, no countryor region will be left behind in this fight”UN Secretary-GeneralAntónio Guterres, said: “We now need US$35 billion more to go from set-up to scale and impact",US$35 billion,How much money does the UN Secretary-GeneralAntónio Guterres need to go from set-up to scale and impact?,[]
261," There is a real urgency in these numbers Without an infusion of US$15 billion over the next 3 months, beginning immediately,we will lose the window of opportunity” Cyril Ramaphosa, President of South Africa, said: ""It is essential that humanity should have a sense that if and when a vaccine is developed, all countries, including my own continent, Africa, should benefit and not be left behind",if and when a vaccine is developed,What does Ramaphosa say humanity should have a sense of?,[]
262, Humanity requiresthat a vaccine should be regarded as a public good to benefit all We cannot achieve universal health coverage when a COVID-19 vaccine is available only to countries that are well-resourced”President Paul Kagame of Rwanda noted: “This is certainly one of the most important initiatives underway in the world today and perhaps ever”,Paul Kagame,Who was the president of Rwanda?,"['The vaccine of responsibility', 'The vaccine in Japan', ""Rockefeller's friend""]"
263," He added “The difference between success and failure lies in building a robust public healthinfrastructure that can confront any health issue in a sustainable manner Solid health systems combined with transformational partnerships such as this Accelerator are criticalE Erna Solberg, Prime Minister of Norway said: “The ACT-Accelerator has already achieved impressive results",ACT-Accelerator,What is the name of the ACT-Accelerator that has achieved impressive results?,"[' ACT-Ac accelerationator', 'AT-Acaciaator', 'A Health issue']"
264," The world has shown that it is able to come together at a time of crisis Norway will work tirelessly to ensure that common interestsare established and followed, and that all countries and actors are listened to, so that we can maximize our result together”Today’s meeting was held at a crucial pivot point for the ACT-Accelerator as it reviewed an updated strategy and investment case for its scale-up phase",ACT-Accelerator,Who reviewed an updated strategy and investment case for its scale-up phase?,"['Who evaluate an updated strategy and investment case for its scale - up phase?', 'Who were the participants of this meeting', 'It-Ac acceleration']"
265,"Membership of the Council is made up of representatives of the European Commission, World Health Organization, Bahrain, Brazil, Canada, China, France, Germany, India, Indonesia, Italy, Japan, Republic of Korea, Mexico, Nepal, Norway, Russia, Rwanda, SaudiArabia, Singapore, South Africa Spain, St Kitts and Nevis, Tuvala, United Kingdom, Uzbekistan and VietnamIn addition the Council includes the Wellcome Trust, the World Economic Forum and the Bill & Melinda Gates Foundation as well as theWHO Special Envoys for ACT-A, Civil Society representatives and industry representatives",the World Economic Forum,What is the name of the World Economic Forum?,"['the Wellcome Trust', 'the WorldEconomic Council', 'The World Health Council']"
266,"Notes to EditorsThe Access to COVID-19 Tools ACT-Accelerator, is the proven, up-and-running global collaboration to accelerate the development, production, and equitable access to COVID-19 tests, treatments, and vaccines It was set up in response to a call from G20leaders in March and launched by the WHO, European Commission, France and The Bill & Melinda Gates Foundation in April 2020The ACT-Accelerator is not a decision-making body or a new organization, but works to speed up collaborative efforts among existing organizations to end the pandemic",the pandemic,What is the goal of the ACT-Accelerator?,"['the access of coproducts', 'the new development and development', 'A new organization for good use of theators']"
267," It is a framework for collaboration that has been designed to bring key players aroundthe table with the goal of ending the pandemic as quickly as possible through the accelerated development, equitable allocation, and scaled up delivery of tests, treatments and vaccines, thereby protecting health systems and restoring societies andeconomies in the near term It draws on the experience of leading global health organizations which are tackling the world’s toughest health challenges, and who, by working together, are able to unlock new and more ambitious results againstCOVID-19 Its members share a commitment to ensure all people have access to all the tools needed to defeat COVID-19 and to work with unprecedented levels of partnership to achieve it","accelerated development, equitable allocation, and scaled up delivery of tests, treatments and vaccines",What is the goal of the framework for collaboration?,"['set up delivery of tests, treatment and vaccines and other things', 'decided development and fair share of tests, treatments and vaccines', 'accelerated development, equal weighting, and creasure']"
268,"The ACT-Accelerator has four areas of work: diagnostics, therapeutics, vaccines and the health system connector Cross-cutting all of these is the workstream on Access & AllocationTwo years into the World Health Organization’s (WHO) ambitious effort to eliminate industrially produced trans fats from the global food supply, the Organization reports that 58 countries so far have introduced laws that will protect 3",3,How many countries have introduced laws to protect trans fats from the global food supply?,"['How many people in the world have introduced laws to protect trans fat.', '6', '2']"
269,"2 billion people from the harmful substance by the end of 2021 But more than 100 countries still need to take actions to remove these harmful substances from their food suppliesConsumption of industrially produced trans fats are estimated to cause around 500,000 deaths per year due to coronary heart disease","500,000",How many deaths are caused by industrially produced trans fats?,"['2 billion people', '3 billion people die of heart disease each year', '3,000 - 4,000']"
270," “In a time when the whole world is fighting the COVID-19 pandemic, we must make every effort to protect people’s health That must include taking all steps possible to prevent noncommunicable diseases that can make them more susceptible to the coronavirus, and cause premature death,” said WHO Director-General Dr Tedros Adhanom Ghebreyesus “Our goal of eliminating trans fats by 2023 must not be delayed",trans fats,What did Dr Tedros Adhanom Ghebreyesus want to eliminate by 2023?,"['noncommunicative diseases', 'noncommunicated Diseases', ""people's body""]"
271,"” Fifteen countries account for approximately two thirds of the worldwide deaths linked to trans fat intake Of these, four (Canada, Latvia, Slovenia, United States of America) have implemented WHO-recommended best-practice policies since 2017, either by setting mandatory limits for industrially produced trans fats to 2% of oils and fats in all foods or banning partially hydrogenated oils (PHO)But the remaining 11 countries (Azerbaijan, Bangladesh, Bhutan, Ecuador, Egypt, India, Iran, Mexico, Nepal, Pakistan, Republic of Korea) still need to take urgent action",11,How many countries still need to take urgent action?,"['None of the countries', 'Twelve countries', 'Some countries']"
272," The report highlights two encouraging trends First, when countries do act, they overwhelmingly adopt best-practice policies rather than less restrictive ones New policy measures passed and/or introduced in the past year in Brazil, Turkey and Nigeria all meet WHO’s criteria for best-practice policies","Brazil, Turkey and Nigeria",Which countries adopt best-practice policies in the past year?,"['Brazil, Egypt, Scotland and Japan', 'Brazil, Brazil, Australia, Canada', 'Brazil, India, Brazil, Brazil, Brazil, Brazil.']"
273," Countries, such as India, that have previously implemented less restrictive measures, are now updating policies to align with best practice Second, regional regulations that set standards for multiple countries are becoming increasingly popular, emerging as a promising strategy for accelerating progress towards global elimination by 2023 In 2019, the European Union passed a best-practice policy, and all 35 countries that are part of the WHO American Region/Pan American Health Organization unanimously approved a regional plan of action to eliminate industrially produced trans fats by 2025",2023,By what year did the European Union adopt a best-practice policy?,"['Best practice policy. \n :', '50zing the best -practice policy', '50 % of the countries']"
274," Together, these two regional initiatives have the potential to protect an additional 1 billion people in more than 50 countries who were not previously protected by trans fat regulations “With the global economic downturn, more than ever, countries are looking for best buys in public health,” said Dr Tom Frieden, President and CEO of Resolve to Save Lives “Making food trans fat-free, saves lives and saves money, and, by preventing heart attacks, reduces the burden on health care facilities",more than 50,How many countries were not protected by trans fat regulations?,[]
275,"” Despite the encouraging progress, important disparities persist in policy coverage by region and country income level Most policy actions to date, including those passed in 2019 and 2020, have been in higher-income countries and in the WHO Regions of the Americas and Europe Best-practice policies have been adopted by seven upper-middle-income countries and 33 high-income countries; no low-income or lower-middle-income countries have yet done so",no low-income or lower-middle-income countries have yet done so,How many countries have adopted Best-practice policies?,"['How many countries have adopted Best-practice policies', ""the number of low - income and low - middle - income countries hasn't been so well developed"", 'High - middle - income people have nt done well']"
276," Note to editors:Industrially produced trans fats are contained in hardened vegetable fats, such as margarine and ghee, and are often present in snack food, baked foods, and fried foods Manufacturers often use them as they have a longer shelf life and are cheaper than other fats But healthier alternatives can be used that do not affect taste or cost of food",healthier alternatives,What can be used that do not affect taste or cost of food?,"['healthier foods', 'the higher costof food', 'dietary foods']"
277,"WHO recommends that trans fat intake be limited to less than 1% of total energy intake, which translates to less than 22 g/day with a 2,000-calorie diet To achieve a world free of industrially produced trans fats by 2023, WHO recommends that countries: develop and implement best-practice policies to set mandatory limits for industrially produced trans fats to 2% of oils and fats in all foods or to ban partially hydrogenated oils (PHO); invest in monitoring mechanisms, e",monitoring mechanisms,What do countries invest in to achieve a world free of industrially produced trans fats by 2023?,"['Banning fully hydrogenated oils', 'Banningflyers', 'getting fat production rules']"
278," lab capacity to measure and monitor trans fats in foods; and advocate for regional or sub-regional regulations to expand the benefits of trans fat policiesThis report launches during 2020 Global Week for Action on Noncommunicable Diseases (NCDs) from 7 to 13 September This year's theme is accountability to ensure that commitments made by governments, policy makers, industries, academia, and civil society become a reality","commitments made by governments, policy makers, industries, academia, and civil society",What is accountability to ensure to become a reality?,"['nessy government officials and their officials', 'neasures made by both governments and industrial development', 'neasures to make more public policy']"
279, Link to Report:https://appsint/iris/bitstream/handle/10665/334170/9789240010178-engpdfAbout WHOThe World Health Organization provides global leadership in public health within the United Nations system,WHOThe World Health Organization,Who provides global leadership in public health within the United Nations?,"[' WHO', 'Who provides global leadership in public health within the United Nations', "" WHO's Health Organization""]"
280," Founded in 1948, WHO works with194 Member States, across six regions and from more than 150 offices,to promote health, keep the world safe and serve the vulnerable Our goal for 2019-2023 is to ensure that a billion more people have universal health coverage, to protect a billion more people from health emergencies, and provide a further billion people with better health and wellbeingFor updates on COVID-19 and public health advice to protect yourself from coronavirus, visitwww",a billion,How many people have universal health coverage for 2019-2023?,"['a lot of people.', 'A billion', 'two billion']"
281,"intand follow WHO onTwitter,Facebook,Instagram,LinkedIn,TikTok,Pinterest,Snapchat,YouTubeAbout Resolve to Save LivesResolve to Save Lives, an initiative of the global health organization Vital Strategies, focuses on preventing deaths from cardiovascular disease and by preventing epidemics Resolve to Save Lives is funded by Bloomberg Philanthropies, the Bill & Melinda Gates Foundation, and Gates Philanthropy Partners, which is funded with support from the Chan Zuckerberg Foundation Tom Frieden, former director of the U",Tom Frieden,Who is the former director of the U.S. Department of Health?,"['The Chan Zuckerberg Foundation', 'The Bill & Melinda Gates Foundation', 'People who are working for Save Lives']"
282," Centers for Disease Control and Prevention To find out more, visit: https://wwworg or Twitter @ResolveTSL and @DrTomFriedenAbout Vital StrategiesVital Strategies is a global health organization that believes every person should be protected by a strong public health system",Vital Strategies,What is the name of the global health organization that believes every person should be protected by a strong public health system?,"[' centers for Disease Control and Prevention', 'Health Strategies', 'The health Organization']"
283," We work with governments and civil society in 73 countries to design and implement evidence-based strategies that tackle their most pressing public health problems Our goal is to see governments adopt promising interventions at scale as rapidly as possible To find out more, please visit www",73,How many countries do governments and civil society work in?,"['71', '70', 'How many countries do governments and civil society work in?']"
284,"org or Twitter @VitalStratDear friends and partners,My last “Letter to partners” came to you in December 2019, following the launch of the World malaria report Since that time, the world has changed in ways we never could have imagined",December 2019,When did my last “Letter to partners” come to you?,"['The letter to partners', 'The world malaria report', 'The World malaria Report']"
285," I hope that you and your loved ones have managed to avoid contracting COVID-19, orto recover from it rapidly For those who have lost family members or friends, I extend my deepest condolencesThis letter will focus largely on WHO’s efforts to address the double challenge of malaria & COVID-19",malaria & COVID-19,What is the double challenge of COVID-19?,"['Malaria and Coided-19', 'volunteer and COffic', 'can still be caught between codams & COffe-19']"
286," Our work in recent months has been carried out in close collaboration with country-based experts and global partners We are very gratefulto all of our partners for their ongoing commitment and contributionsTopics covered in this letterMalaria & COVID-19Virtual forums: 3-4 September 2020Development and dissemination of policy guidanceArtemisinin resistance in RwandaMalaria & COVID-19As COVID-19 began its rapid spread earlier this year from China to Italy, and beyond, alarm bells began ringing across the malaria community",alarm bells,What began ringing across the malaria community?,"[' alarm clocks', 'an alarm clock', 'Malaria & COmovie-19']"
287," After taking such a devastating toll on countries with robust health systems, how would malaria-endemic countriesin Africa prevail? Among colleagues at WHO, there was deep concern that the coronavirus had the potential to upend years – perhaps decades – of progress in malaria controlIn March, before COVID-19 had secured a strong footing in Africa, WHO established a cross-partner mechanism aimed at mitigating the impact of the pandemic in malaria-affected areas Since that time, leaders and experts from more than 30 partner organizationshave been lending their expertise across 7 workstreams focused on a range of issues – from disruptions in the supply of key malaria commodities to surveillance and clinical drug trials",how would malaria-endemic countriesin Africa prevail,What did malaria-endemic countries in Africa do?,"['why would malaria become a global endangered country?', 'what would malaria -endemic Countriesdo', 'what would be brought to Africa by keeping malaria-endangered countries under control']"
288,"Our first order of business was to issue a clear statement calling for the continuity of malaria services We were troubled by reports that some countries in sub-Saharan Africahad suspended mass insecticide-treated net campaigns, the mainstay of malaria prevention efforts in the region for nearly 2 decades Our statement, published on 26 March, underscored the critical importance of ensuring the safety of communities andfrontline health workers",26 March,When was our statement published?,[]
289,"Several weeks later, WHO and partners delivered 2 key documents that have helped shape national malaria responses during the pandemic:New guidance describes how to safely maintain core malaria services in the context of COVID-19 It makes clear that countries need not choose between either protecting their populations from COVID-19 or malaria; they can –and should– do both This malaria-specific guidance is aligned with broader WHO guidance on maintaining essential services in COVID-19 settings",COVID-19,What is the name of the document that describes how to maintain core malaria services in the context of?,"[' malaria', 'Malaria', 'Malaria- specific guidance']"
290," It also complements guidance from WHO, UNICEF and IFRC on the role of community-based health careA modelling analysis, published just ahead of World Malaria Day, reinforces our urgent call for sustaining malaria services Under the worst-case scenario, we predicted a doubling in deaths in sub-Saharan Africa in 2020 alone if access to net campaigns and antimalarialtreatment was severely curtailed during the pandemic",if access to net campaigns and antimalarialtreatment was severely curtailed during the pandemic,What would happen in sub-Saharan Africa in 2020?,"['if antimalaries treatment was severely curbs during the pandemic', 'if no net campaign was carried out', 'when people could have no access to net campaigns']"
291,"We have been very encouraged to see net campaigns move forward in many countries across Africa Benin, the Democratic Republic of the Congo, Sierra Leone and Chad paved the way this spring, and many others have followed in their footsteps In line withWHO guidance, all countries have adapted their distribution strategies to ensure households receive the nets as quickly and safely as possible",all countries have adapted their distribution strategies to ensure households receive the nets as quickly and safely as possible,How have all countries adapted their distribution strategies to ensure households receive the nets?,"['All countries have made some new distribution strategies', 'many countries have used their distribution strategy to ensure families receive the net safely', 'All the countries but the developed Canada receiving money']"
292,"However, we have been unable to effectively track access to, or use of, other preventive approaches, such as IPTp for pregnant women, an intervention typically delivered through antenatal care facilities The full impact of the pandemic on malaria diagnosisand treatment – which can normally be accessed through primary health care facilities – is also unknown Many of the reports we have received are incomplete or anecdotal",incomplete or anecdotal,What are many of the reports we have received?,"['incomplete or false reports', 'not available or reliable', 'incomplete reports']"
293,"Paradoxically, in some areas there are reports of reductions in malaria, which probably reflects the fact that fewer people are seeking care at health facilities; if a person with a malarial fever does not seek care, he or she will not be diagnosed, treatedor reported We expect a clearer picture to emerge as more data become availableWe will continue to keep you updated on our ongoing efforts to tackle malaria & COVID-19",fewer people are seeking care at health facilities,What is the reason for the reduction of malaria?,"['No one wants to be infected with malaria.', 'fewer people are suffering from Malaria.', 'fewer people are not cured']"
294," Our Q&A provides additional background and is updated periodicallyVirtual forums: 3-4 September 2020Later this week, WHO and the RBM Partnership to End Malaria will co-host live, interactive forums on 2 consecutive days under the theme: “Responding to the double challenge of malaria & COVID-19” On day 1, we will hear from country-basedexperts about the challenges they are facing on the frontlines of the response to these urgent health threats",3-4 September 2020,"When will the RBM Partnership to End Malaria co-host live, interactive forums?",[]
295," Their shared reflections will inform discussions on day 2 with global health leaders, including our WHO Director-General, among othersDiscussions with be moderated in English, with simultaneous translation in French and Spanish We encourage you to register in advance; an agenda and registration details can be found here",an agenda and registration details,What information can be found on day 2 of discussions with global health leaders?,"['an exchange of information on day 2', 'an atmosphere and a registration details on day 2', 'an notice and a list of information']"
296,"Development and dissemination of policy guidanceIn 2018, as you may recall, the Global Malaria Programme (GMP) undertook an extensive review of our policy-making processes for malaria Following the recommendations that came out of this exercise, our malaria policy pathway is now structured around3 high-level steps:better anticipatedevelop policyoptimize uptakeGuideline development groupsIn order to better anticipate unmet public health needs (step 1), GMP solicited suggestions in 2019, including via an online consultation, for topics requiring new or updated malaria policy recommendations Based on the feedback received, we are formingindividual guideline development groups (GDGs) for each of the technical areas identified: chemoprevention, vector control, elimination, treatment, diagnosis, Plasmodium vivax, and anaemia",Global Malaria Programme,What is the name of the program that undertook extensive review of our policy-making processes for malaria?,"['Malaria Program', 'GMP', 'Malaria Policy']"
297,"To enhance the transparency of our processes, GMP will publish the names and brief biographies of individuals who are being considered for participation in each GDG Everyone is welcome to comment on any perceived conflicts of interestWe are currently inviting comments, through 8 September, on proposed members of a GDG on malaria elimination",malaria elimination,What is the topic of proposed members of a GDG?,"['GPS privacy protection', 'GadG on malaria death', 'admission of a generalG']"
298," For details, please visit this link If you would like to receive regular updates on the GDGs – including alerts about otherupcoming “calls for comments” – send us an email at: gmpfeedback@whoNew policy guidance appStep 3 in our new policy pathway calls for optimizing uptake of WHO’s malaria policy guidance, particularly in endemic countries",endemic,Where is the WHO's malaria policy guidance particularly located?,"[' Malaria policy guidance', 'At present', 'Where is malaria policy guidance']"
299," To that end, I am very pleased to share a new app which brings together all WHO policy documents on malaria –guidelines, recommendations, operational manuals and other technical documents – in one easy-to-navigate resourceThe app complements theCompendium of WHO malaria guidance, published in April 2018, and adedicated policy guidance sectionon the WHO websiteDownload the app for iOS devices | Download the app for Android devicesArtemisinin resistance in RwandaAs you may have seen, Nature Medicine recently published an article confirming the emergence in Rwanda of parasites with mutations associated with artemisinin partial resistance",artemisinin partial resistance,What type of resistance did Nature Medicine have mutations associated with in Rwanda?,"['Nature Medicine', 'Artemisinins protection in Tanzania', 'Artemisinsd technical resistance']"
