,context,answer,question,distractor
2200," Visit the Vaccines for Alllanding page that brings together the latest trustworthy information on COVID-19 vaccines and routine immunizationGavi, the Vaccine Alliance is a public-private partnership that helps vaccinate half the world’s children against some of the world’s deadliest diseases Since its inception in 2000, Gavi has helped to immunize a whole generation – over 822 million children – and prevented more than 14 million deaths, helping to halve child mortality in 73 lower-income countries",Vaccine Alliance,What is the name of the public-private partnership that helps vaccinate half the world's children against some of the world's deadliest,"[""Children's mortality in 73 lower -income countries"", 'Vaccine Association', 'Vaccines for Alllanding']"
2201," Gavi also plays a key role in improving global health security by supporting health systems as well as funding global stockpiles for Ebola, cholera, meningitis and yellow fever vaccines Gavi is a co-convener of COVAX, the vaccines pillar of the Access to COVID-19 Tools (ACT) Accelerator, together with the Coalition for Epidemic Preparedness Innovations (CEPI) and the World Health Organization (WHO)org and connect with us on Facebook and Twitter",Gavi,Who is a co-convener of COVAX?,"['Gav', 'Gavio', 'A group of doctors and organizations']"
2202,"Theseventh meeting of the Emergency Committee convened by the WHO Director-General under the International Health Regulations (2005) (IHR) regarding the coronavirus disease (COVID-19) took place onThursday, 15 April 2021 from 12:00to16:30 Geneva time (CEST) Proceedings of the meetingMembers and Advisors of the Emergency Committeewere convened by videoconference The Director-General welcomed the Committee, expressed concern over the continued rise in cases and deaths, and the need to scale up the global vaccination efforts",the need to scale up the global vaccination efforts,What did the Director-General express concern about the rise in cases and deaths?,"['the continued rise in cases and deaths', 'the need of setting up a meeting of the Emergency committeewere', 'theneed to reduce the number of cases and deaths']"
2203," He thanked the committee for their continued support and advice Representatives of the Office of Legal Counsel (LEG) and the Department of Compliance, Risk Management, and Ethics (CRE) briefed the members on their roles and responsibilities The Ethics Officer from CRE provided the Members and Advisers with an overview of the WHO Declaration of Interest process",the WHO Declaration of Interest,What process did the Ethics Officer provide the Members and Advisers with an overview of?,"['the WHO Policy', 'the qualification of the members and their suitors', 'a list of the members and officers of the association']"
2204," The Members and Advisers were made aware of their individual responsibility to disclose to WHO, in a timely manner, any interests of a personal, professional, financial, intellectual or commercial nature that may give rise to a perceived or direct conflict of interest They were additionally reminded of their duty to maintain the confidentiality of the meeting discussions and the work of the Committee Each member who was present was surveyed and no conflicts of interest were identified",no conflicts of interest,How many conflicts of interest were identified by the Members and Advisers?,"['no conflict of interests', 'only one conflict of interest', 'only one conflict of interest possible all while the others only conflict of interest']"
2205," Two members of the Committee and one advisor who were members of the joint international team participating in the WHO-convened Global Study of Origins of SARS-CoV-2 agreed not to contribute to potential recommendations made by the Committee regarding the investigations concerning the origin and emergence of the virus The Secretariat turned the meeting over to the Chair, Professor Didier HoussinProfessor Houssin also expressed concern over the current trends with the COVID-19 pandemic and reviewed the objectives and agenda of the meeting",the COVID-19 pandemic,What did Professor Didier HoussinProfessor Houssin express concern about the current trends?,"['the covened Global Study of Origins of SARS-CoV-2', 'the origin and development of the virus', 'the current trends of the virus-CoV-2']"
2206,"The Secretariat presented on the following topics and responded to questions from the Committee Progress made on WHO’s implementation of the 15 January 2021 advice to the Secretariat; Recent global and regional epidemiological trends, the tracking, monitoring and assessment process for SARS-CoV-2 variants, updates on the mission to understand SARS-CoV-2 origins, and the actions that WHO is taking to ensure a coordinated response to the COVID-19 pandemic; Global COVID-19 vaccine rollout and equity, the impact of vaccines on asymptotic infection and transmission, and vaccine performance against variants of concern (VOC); WHO’s assessment of the impact of SARS-CoV-2 variants of concern on public health interventions; and An overview of WHO actions related to health measures in relation to international traffic The Committee thanked the Secretariat for the quality of the presentations made and unanimously agreed that the COVID-19 pandemic still constitutes an extraordinary event that continues to adversely affect the health of populations around the world, pose a risk of international spread and interference with international traffic, and to require a coordinated international response",15 January 2021,What date did the Committee Progress make on WHO's implementation of the advice to the Secretariat?,[]
2207," As such, the Committee concurred that the COVID-19 pandemic remains a public health emergency of international concern (PHEIC) and offered advice to the Director-GeneralThe Committee noted that many of the past recommendations remain relevant to current global response efforts The Committee requests that the IHR Secretariat review past advice and temporary recommendations and bring to the committee a proposal for the process of new issuance, termination, or modification of advice and temporary recommendations in a consistent manner",the COVID-19 pandemic,What pandemic remains a public health emergency of international concern?,"['the PHEIC pandemic', 'the P PH eIC pandem', 'the present situation \n of the pandemail']"
2208,"The Committee recognized WHO’s and States Parties’ progress in implementing the previous advice and Temporary Recommendations from the 6th meeting of the Emergency Committee The Committee congratulated the mission team and the report from the WHO-convened Global Study of Origins of SARS-CoV-2 and encouraged implementation of the recommendations published in the Mission report The Committee remains concerned that the world will not exit the pandemic unless, and until, all countries have access to appropriate supplies of diagnostics, treatments and vaccines, irrespective of their ability to pay and the capacity and financial resources to rapidly and effectively vaccinate their populations",WHO’s and States Parties,Who did the Committee recognize progress in implementing the previous advice and Temporary Recommendations from the 6th meeting of the Emergency Committee?,"["" WHO's and the mission team"", ' WHO', 'The members of the Emergency committee']"
2209, Inequities within and among all countries is slowing the return to normal social and economic life The Committee provided the following advice to the Director-General accordingly The Director-General determined that the COVID-19 pandemic continues to constitute a PHEIC,COVID-19 pandemic,What pandemic continues to constitute a PHEIC?,"['What pandemic is,', ""China's Plan for Building a New Year"", 'Who is the inventor of the word "" PHEIC ""']"
2210," He accepted the advice of the Committee to WHO and issued the Committee’s advice to States Parties as Temporary Recommendations under the IHRThe Emergency Committee will be reconvened within three months or earlier,at the discretion of the Director-GeneralThe Director-General thanked the Committee for its work",three months or earlier,How long will the IHRThe Emergency Committee be reconvened?,"['two months or later', 'Three months or even', 'two years and a half']"
2211,"Advice to the WHO SecretariatCOVID-19 Vaccination Promote global solidarity and equitable vaccine access by encouraging States Parties and manufacturers to support the COVAX Facility, including by sharing vaccine doses, and to conduct technology transfer for local production of COVID-19 vaccines and ancillary supplies, including in low- and middle-income countries with scalable capacities Accelerate evaluation of COVID-19 vaccine candidates, encourage regulatory agencies to use reliance mechanisms, and support States Parties in strengthening their regulatory agencies to facilitate supply of vaccines with assured quality, efficacy, and safety Mobilize technical assistance and financial support to States Parties with insufficient capacity and financial resources for vaccine introduction and roll out",COVAX Facility,What does WHO encourage States Parties and manufacturers to support?,"['Vaccination', ' COUV-19 vaccine candidates', 'Vaccine introduction and roll out']"
2212," Encourage States Parties to prioritize vaccination of high-risk groups as identified in the Strategic Advisory Group of Experts in Immunization (SAGE) roadmap Continue to closely monitor potential vaccine safety signals globally, disseminate timely reports on adverse events following immunization (AEFI), and provide regular SAGE interim recommendations to inform timely national decision-making on the use of COVID-19 vaccines Continuously collect and share best practices and lessons learned from COVID-19 vaccination, to guide national, regional, and global decision-making",Strategic Advisory Group of Experts in Immunization,What is the SAGE roadmap?,"['High risk groups as identified in the SagesLooking for', 'High- risk group as identified', 'Aging - risk groups']"
2213," Strengthen WHO and support strengthening of States Parties’ capacities to prevent, detect and respond to the growing threat of substandard and falsified vaccines Encourage all countries and support low- and middle-income countries to conduct research in line with WHO guidance and best practices Research topics include COVID-19 vaccine efficacy and effectiveness with regards to infection, transmission, and disease including due to VOC, duration of protection against disease and asymptomatic infection, long-term protection after using different vaccination intervals, protection after one/two/booster dose schedules, and protection following mixed vaccine product schedules",COVID-19,What is one of the research topics that encourage countries to conduct research in line with WHO guidance and best practices?,"['Strengthen WHO and support strengthen the States Parties', 'World guidance', ' WHO guidance and best practices']"
2214,"Accelerate research to establish correlates of protection from COVID-19 vaccines against infection and disease, including for VOC, thereby facilitating implementation of vaccines and policy development on the use of vaccines SARS-CoV-2 Variants Support States Parties to strengthen their epidemiological and virologic surveillance as part of a comprehensive strategy to control COVID-19 Provide clear guidance to States Parties for sequencing to monitor virus evolution and encourage broader geographic representative of genetic testing, rapid sharing of sequences, and meta-data with WHO and publicly available platforms",SARS-CoV-2 Variants,What type of vaccines do States Parties support to strengthen their epidemiological and virologic surveillance as part of a comprehensive strategy to control COVI,"['Society and Disease', 'VOC', 'VOC and EV-2']"
2215," This will strengthen SARS-CoV-2 evolution monitoring, increase global understanding of variants, and inform decision-making for public health and social measures, diagnostics, therapeutics and vaccines Strengthen the WHO SARS-CoV-2 risk monitoring and assessment framework for variants by accelerating collaboration, harmonizing research to answer critical unknowns about mutations and VOC, and prioritizing issues most relevant for vaccine development, regulatory authorization, and policy formulation, through relevant networks and expert groups such as WHO SARS-CoV-2 Virus Evolution Working Group, WHO Research and Development Blueprint for Epidemics Work with States Parties to conduct in-depth analyses into the factors contributing to the current surge of cases and deaths, including the potential role of SARS-CoV-2 variants",SARS-CoV-2,What type of evolution monitoring will be strengthened?,"[' WHO', "" WHO's 1V-2 evolution monitoring"", "" WHO's 1V-2 evolution monitoring4Design deckary differences found inside.-5u""]"
2216," Health Measures in Relation to International TrafficUpdate the WHO December 2020 risk-based guidance for reducing SARS-CoV-2 transmission related to international travel (by air, land, and sea) based on current science and best practices that include clear recommendations for testing approaches and traveler quarantine duration, as appropriate Incorporate an ethical framework into the updated guidance to guide national decision making The guidance should take into consideration COVID-19 vaccination roll out, immunity conferred by past infection, risk settings, movements of migrants, temporary workers, and purpose of travel (non-essential versus essential)",COVID-19,What is the vaccination roll out?,"['SARS-CoV-2', 'Health Measures in Relation to International Traffic', ' SARS- CoV-2 understood symptoms at schools. \n Zxxk']"
2217,"Continue to coordinate with relevant stakeholders in the fields of international travel and transport, including ICAO, UNWTO, and IATA, for the regular review, updating, and dissemination of evidence-based guidance on travel-related risk reduction measuresContinue to update the WHO interim position on the considerations regarding requirements of proof of vaccination and to produce interim guidance and tools related to standardization of paper and digital documentation of COVID-19 travel-related risk reduction measures (vaccination status, SARS-COV-2 testing and COVID-19 recovery status) in the context of international travel Continue to work with States Parties and partners to enable essential travel and repatriation and to facilitate the movement of goods to prevent delays in access to aid and essential supplies",international travel and transport,"Along with ICAO, UNWTO, and IATA, what do stakeholders continue to coordinate with?","['International travel and customs', 'International travel', 'IcaO and ITA']"
2218, Continue to encourage vaccination of seafarers and air crews in line with the Joint statement on prioritization of COVID-19 vaccination for seafarers and aircrew  Origin of SARS-CoV-2 Proceed with rapid implementation of the recommendations in the WHO-convened Global Study of Origins of SARS-CoV-2 report as part of the phase two studies Encourage research into the genetic evolution of the SARS-CoV-2 virus,COVID-19,What was the Joint statement on prioritization of vaccination for seafarers and aircrew Origin of SARS-CoV-2?,"['uses of Sars-Co v-2 ) J cooper r IVe1-2.ks5u', 'CoV- directley -2', ' Because of SUC-Cov-2']"
2219," Provide the public with communication materials that outline the relative benefits and risks of vaccinations and therapeutics, explain the need for the continuation of public health and social measures, and dispel misinformationAssist States Parties in providing their populations with credible and current information to guide national decision-making by analyzing the latest scientific evidence, sharing evidence-based good practices and experiences, and providing tools and strategies for engaging and understanding community concernsTemporary Recommendations to States PartiesCOVID-19 VaccinationContribute to global solidarity efforts to increase equitable access to COVID-19 vaccines and ancillary supplies by supporting the COVAX Facility and engaging in technology transfer, where feasible",technology transfer,What does COVAX Facility participate in?,"['assisting States Parties', 'conservation of COide-19 vaccines', 'coided supplies']"
2220," SARS-CoV-2 Variants Strengthen epidemiological and virologic surveillance as part of a comprehensive strategy to control COVID-19 and leverage existing systems such as the Global Influenza Surveillance and Response System (GISRS) and relevant networks for systematic sharing of data and specimensShare sequences and meta-data with WHO and publicly available platforms to strengthen SARS-CoV-2 evolution monitoring, increase global understanding of variants, and inform decision-making for public health and social measures, diagnostics, therapeutics and vaccines Virus sharing, including sharing of VOC, should be undertaken to facilitate evaluation of vaccines against VOC using internationally standardized assays",Virus sharing,What should be undertaken to facilitate evaluation of vaccines against VOC using internationally standardized assays?,"['Vocational andViaries sharing', 'SARS- CoV', 'VOC -2 evolution monitoring']"
2221,"Health measures in relation to international traffic Do not require proof of vaccination as a condition of entry, given the limited (although growing) evidence about the performance of vaccines in reducing transmission and the persistent inequity in the global vaccine distribution States Parties are strongly encouraged to acknowledge the potential for requirements of proof of vaccination to deepen inequities and promote differential freedom of movement Prioritize vaccination for seafarers and air crews in line with the Joint statement on prioritization of COVID-19 vaccination for seafarers and aircrew",Prioritize vaccination for seafarers and air crews,What does the Joint statement on prioritization of COVID-19 vaccination for seafarers and aircrews do?,"['Preferred vaccination for sea crews', ' dictionaries and air crews', 'accomplishing vaccination for both sexes is important']"
2222," Special attention should be paid to seafarers who are stranded at sea and who are stopped from crossing international borders for crew change due to travel restrictions, including requirements for proof of COVID-19 vaccination, to ensure that their human rights are respectedImplement coordinated, time-limited, risk-based, and evidence-based approaches for health measures in relation to international traffic in line with WHO guidance and IHR provisions If States Parties implement quarantine measures for international travelers on arrival at their destination, these measures should be based on risk assessments and consider local circumstances",risk assessments,What should quarantine measures be based on if States Parties implement quarantine measures for international travelers on arrival at their destination?,"['travel control', 'international traffic', 'international travel']"
2223,"Reduce the financial burden on international travelers for the measures applied to them for the protection of public health (e testing, isolation/quarantine, and vaccination), in accordance with Article 40 of the IHR Share information with WHO on the effects of health measures in minimizing transmission of SARS-CoV-2 during international travel to inform WHO’s development of evidence-based guidance",SARS-CoV-2,What does the IHR share information with WHO about the effects of health measures on?,"[' WHO', 'What does the IHK share with WHO?', 'What is the information about the effects of health measures?']"
2224,"Origins of SARS-CoV-2 Support global research efforts to better understand critical unknowns about SARS-CoV-2 including the origin of the virus as well as specific mutations, variants, and genetic factors associated with severe diseaseRisk Communications, Community Engagement and Risk ManagementCommunicate about COVID-19 vaccinations clearly and consistently, including on the benefit-risk of vaccination and on potential AEFI It should be clearly communicated that no vaccination is 100% effective and that risk of disease, especially severe disease, is significantly reduced but not eliminated",COVID-19,What type of vaccinations should be communicated clearly and consistently?,"['aseUSARS-Co-2 -', 'SARS-CoV-2', 'SARS - CoV -2 and EARS- CoV-2-2-2-1']"
2225," Establish mechanisms to prepare and support health workers and public health authorities as the pandemic is likely to continue for many additional monthsIn addition, the following previous recommendations are extended as advised by the CommitteeExtension and Updates of Previous Advice to the WHO Secretariat: Essential Health Services and Strengthening Health Systems: Work with partners to support States Parties in strengthening their essential health services, with a particular focus on mental health, public health prevention and control systems, and other societal impacts, as well as preparing for and responding to concurrent outbreaks, such as seasonal influenza",preparing for and responding to concurrent outbreaks,What is the focus of the WHO Secretariat?,"['strengthening Health Systems', 'strengening health systems', 'strengths and health services of the whole society']"
2226," Special attention should continue to be provided to vulnerable settingsProvide strategic insight on how States Parties can strengthen and sustain their public health infrastructure, capacities, and functions developed for COVID-19 response to support strengthened health systems, emergency preparedness, and universal health coverage in the long-termExtension and Updates of Previous Temporary Recommendations to States Parties: Essential Health Services and Strengthening Health Services: Maintain essential health services with sufficient funding, supplies, and human resources; strengthen health systems to cope with mental health impacts of the pandemic, concurrent disease outbreaks, and other emergencies",vulnerable settings,What type of settings should special attention continue to be given to?,"[' essential health services', 'ip health care', 'emotional health']"
2227,"Continue to strengthen public health infrastructure, system capacities, and functions for COVID-19 response, build health systems that can meet health security demands, and to enhance universal health coverageThe Greta Thunberg Foundation to donate 100 000 Euros to support vaccine equityMs Thunberg urges countries and manufacturers to boost and share COVID-19 vaccine supplies so everyone everywhere can be vaccinatedGreta Thunberg, the climate and environment activist, will donate 100,000 Euros (US$ 120 000) via her foundation, to the WHO Foundation, in support of COVAX to purchase COVID-19 vaccines, as part of the global effort to ensure equitable access of vaccines to the most at-risk in all countries, including health workers, older people and those with underlying conditions The donation has been made possible thanks to awards that the Greta Thunberg Foundation hasreceived for her advocacy in support of action on climate change","strengthen public health infrastructure, system capacities, and functions",What does the Greta Thunberg Foundation continue to do for COVID-19 response?,"['build health institutions, system capacity and functions', 'build health care and health care systems', 'encourage more countries to share their vaccine supplies']"
2228,"Ms Thunberg, who today will join the World Health Organization’s COVID-19 press conference (details below) said: “The international community must do more to address the tragedy that is vaccine inequity We have the means at our disposal to correct the great imbalance that exists around the world today in the fight against COVID-19 Just as with the climate crisis, we must help those who are the most vulnerable first",the climate crisis,What was the cause of the COVID-19 crisis?,"[""the international community's fight against CODA-19"", 'the fight against COided-19', ""the world's vaccine trend""]"
2229," That is why I am supporting WHO, Gavi and all involved in the COVAX initiative, which I believe offers the best path forward to ensure true vaccine equity and a way out of the pandemic”On average, 1 in 4 people in high-income countries have received a coronavirus vaccine, compared with just 1 in more than 500 in low-income countriesWHO Director-General Dr Tedros Adhanom Ghebreyesus thanked Greta Thunberg for her advocacy in support of vaccine equity and the example she has set, through the Greta Thunberg Foundation, for making this life-saving donation to COVAX","WHO, Gavi and all involved in the COVAX initiative",Who is the best path forward to ensure true vaccine equity and a way out of the pandemic?,"['A group of Ghebreyesus and the CO Virginia vaccine', 'All the members of the COX initiative', 'GinaThungunberg and the coaches of the foundation']"
2230,"“Greta Thunberg has inspired millions of people worldwide to take action to address the climate crisis, and her strong support of vaccine equity to fight the COVID-19 pandemic yet again demonstrates her commitment to making our world a healthier, safer and fairer place for all people,” said Dr Tedros “I urge the global community to follow Greta’s example and do what they can, in support of COVAX, to protect the world’s most vulnerable people from this pandemic” Anil Soni, chief executive officer of the WHO Foundation, applauded the donation by the Greta Thunberg Foundation as an important signal to policymakers that there is widespread support from young people around the world for a global response to this global challenge",climate crisis,What has Greta Thunberg inspired millions of people to take action to address?,"['climate pandemic pandemic and vaccineequities', ""Greta Thunberg's example"", 'global warming']"
2231," “Greta’s gift shows how we, as a global community, must come together to ensure that everyone, everywhere has access to COVID-19 vaccines Each of us can do our part,” said Mr Soni “The WHO Foundation is committed to working hand in hand with all those who share this vision",WHO Foundation,Who is committed to working hand in hand with all those who share this vision?,"['who is devoted to working hand in hand with all those who share this vision', ""who isn't committed to working hand - in hand with all the people who share that vision. [ : Zxxk. Com ]"", ""Greta's gift""]"
2232,"” The WHO Foundation is mobilizing resources to support COVAX, in part through a new fundraising campaign being launched at the end of April-----------------------------Editors notes:Greta Thunberg will join the WHO COVID-19 press conference later today, Monday 19 April, at 5pm Central European Summer Time She will be joined by WHO Director-General, Dr Tedros, and youth activists from the Global Youth Mobilization initiative",Global Youth Mobilization initiative,What is the name of the youth movement that will be joined by Dr Tedros?,"['Organizations of World Youth Mobileization', 'The WHO Foundation', 'The World Health Organization']"
2233,Journalists can follow the press conference on WHO’s social media channels or connect using the following details: By Zoom:https://who-eus/j/97576439142 Password: VPCyouth21By phone: Webinar ID975 7643 9142; Numeric passcode for phone: 4662611775; International numbershttps://who-eus/u/aczVepLgsXAbout Greta Thunberg: Greta Thunberg (born 2003) is a climate and environmental activist from Sweden,Sweden,Where is Greta Thunberg from?,"[""Greta Thunberg's birthplace"", 'Gina Thunberg', ""GinaaThunberg's Facebook Story""]"
2234," In 2018, she started a global school strike movement to protest against governments’ inaction on the climate crisis Since then, millions of young people have demonstrated on the streets and online, asking world leaders to listen to the science and take action to protect our future The Greta Thunberg Foundation was founded in 2019 and supports projects and groups working towards a just and sustainable world by donating award and royalty funds linked to Greta Thunberg’s activism",2018,When did Greta Thunberg start a global school strike movement?,"['20th December, 2018', 'Greta Thunberg', 'The global school strike']"
2235," About the WHO Foundation:The WHO Foundation is an independent grant-making foundation, based in Geneva, that sets out to protect the health and well-being of everyone in every part of the world, working alongside the World Health Organization and the global health community It aims to support donors, scientists, experts, implementing partners, and advocates around the world in rapidly finding new and better solutions to the most pressing global health challenges of today and tomorrowThe Foundation targets evidence-based initiatives that support WHO in delivering Sustainable Development Goal (SDG) 3 (To ensure healthy lives and promote well-being for all)",Geneva,Where is the WHO Foundation based?,"['The WHO Foundation', 'The World Health Organization', 'The world Health organization']"
2236," It is focused on reducing health risks, averting pandemics, better managing diseases, and creating stronger health systems It tackles these areas by building awareness and supporting its partners, including WHO, so that every life is invested in and the world is ready for any health emergency that may arise Together we have so much to achieveMore information:www","reducing health risks, averting pandemics, better managing diseases, and creating stronger health systems",What is the focus of the WHO?,"['making sure that every life is invested in health', 'helping the world to be ready for any health emergency', 'improving health and health']"
2237,"foundationAbout WHO:The World Health Organization provides global leadership in public health within the United Nations system Founded in 1948,WHOworks with194 Member States, across six regions and from more than 150 offices,to promote health, keep the world safe and serve the vulnerable For updates on COVID-19 and public health advice to protect yourself from coronavirus, visitwww",WHO:The World Health Organization,What organization provides global leadership in public health within the United Nations system?,"[' WHO', "" WHO's umbrella organization"", "" WHO 'S responsibility""]"
2238," The toolkit also includes instructions for facilitators ofmental health and psychosocial support (MHPSS) on how to conduct guidedconversations with older adults using these posters Posters and facilitatorinstructions were designed in a way that each can be used alone or incombination, as a complete toolkitThe “Living with the times” toolkit is trulyunique",“Living with the times”,What toolkit is truly unique?,"['All the toolk is truly unique', '"" guidedconations with older adults', 'How to use the toolkit']"
2239," For the first time, the Inter-Agency Standing Committee (IASC) ReferenceGroup on Mental Health and Psychosocial Support (MHPSS) in Emergency Settings (IASCMHPSS RG) in a unique collaboration with experts from differentdisciplines, including dementia, MHPSS in humanitarian settings, and ageing anddisability, developed a resource specifically targeting the needs of older adultsA total of 199 older adults aged between 60 and90 years, from 51 countries, were involved in the development of the toolkitThrough a network of country-level MHPSS Technical Working Groups, the posterswere tested with older adults from different countries, income groups andcontexts, including humanitarian settings",MHPSS,What is the name of the Inter-Agency Standing Committee ReferenceGroup on Mental Health and Psychosocial Support?,"[' MHPSS technical working Groups', 'Inter-Aphasized PSS', 'Iams']"
2240,PostersAll posters are included at the end of thetoolkit High-resolution posters for printing can be downloaded using this linkPlease note that posters are best printed on A3 paper (minimum size A4) orshown on large screens (not on mobile phones or tablets),A3 paper,What type of paper are posters best printed on?,"[' Posters', 'A4', 'A4 paper. A4']"
2241," The posters and messaging build upon the existingIASC guidance sections for older adults (see IASCInterim Briefing Note Addressing Mental Health and Psychosocial Aspects ofCOVID-19 Outbreak, and theIASC Guidance on Operational Considerations for Multisectoral Mental Health andPsychosocial Support Programmes during the COVID-19 Pandemic)Related contentPostersFacilitator notesMental health & COVID-19AgeingDementiaiSupportBe He@lthy Be Mobile A handbook on how to implement mDementiaCoronavirus disease (COVID-19): Risks and safety for older peopleThe report of the international team on their Wuhan field visit, from 14 January -10 February 2021, was published today as WHO Director-General Dr Tedros Adhanom Ghebreyesus called for further studies",IASCInterim Briefing Note Addressing Mental Health and Psychosocial Aspects ofCOVID-19 Outbreak,What is the IASC Guidance on Operational Considerations for Multisectoral Mental Health andPsychosocial Support Programmes during,"['Older adults', 'IamsInterim Briefing notes', 'The IamsGuance on Operational Considerations forMultisectoral Mental Health andPsychosocial support Programmelting']"
2242,"The report stems from a Member State resolution adopted by consensus at the World Health Assembly in May 2020 and calling on WHO “to identify the zoonotic source of the virus and the route of introduction to the human population, including the possiblerole of intermediate hosts, including through efforts such as scientific and collaborative field missions”In remarks to Member States today, Dr Tedros, who received the full report on the weekend, thanked the team for their tireless work He said it advances our understanding in important ways, while raising questions that will need to be addressed by furtherstudies,as noted in the report",May 2020,When was the World Health Assembly resolution adopted?,"['June 20', 'An early report', 'before the Mexico Health Act is adopted']"
2243," “As far as WHO is concerned, all hypotheses remain on the table This report is a very important beginning, but it is not the end We have not yet found the source of the virus, and we must continue to followthe science and leave no stone unturned as we do,” said Dr Tedros",Dr Tedros,Who said that we must continue to follow the science and leave no stone unturned as we do?,"[""Who said that we shouldn't follow the science and leave no stone untaken as we do?"", 'Mr and Mrs. T.', 'Only DrTedro']"
2244, “Finding the origin of a virus takes time and we owe it to the world to find the source so we can collectively take steps to reduce the risk of this happening again Nosingle research trip can provide all the answers”The report is available on this webpage:https://www,Nosingle research trip,What research trip can provide all the answers?,"['Making a study of a virus', 'How to find the origin of a virus. ks5u', 'How to do a research']"
2245,"int/health-topics/coronavirus/origins-of-the-virusBelow is the full text of the Director-General’s remarks that can be found here:https://wwwint/director-general/speeches/detail/who-director-general-s-remarks-at-the-member-state-briefing-on-the-report-of-the-international-team-studying-the-origins-of-sars-cov-2Background informationFrom the very beginning of the pandemic WHO has stressed the need to understand the origin of the virus in order to better understand the emergence of new pathogens and possible exposuresOnly a few weeks into the outbreak, the IHR Emergency Committee of independent experts recommended that WHO and China pursue efforts to identify the animal source of the virus",the animal source,What did the IHR Emergency Committee recommend that WHO and China pursue efforts to identify?,"['the viruses', 'the virus', 'the origin of the virus']"
2246,"Throughout 2020, WHO continued to discuss with China and other Member States the need to study and share information around the virus originsThe World Health Assembly resolution of May 2020, which was adopted by all Member States, cited a need “to identify the zoonotic source”:WHA731 from 19  May 2020: 9",WHO,Who continued to discuss with China and other Member States the need to study and share information about the virus origins?,"['who were concerned about the virus origins of the zoonotic source', 'China and other member States', 'China and its neighbors']"
2247," (6) to continue to work closely with the World Organisation for Animal Health (OIE), the Food and Agriculture Organizationof the United Nations (FAO) and countries, as part of the One-Health Approach to identify the zoonotic source of the virus and the route of introduction to the human population, including the possible role of intermediate hosts, including throughefforts such as scientific and collaborative field missions, which will enable targeted interventions and a research agenda to reduce the risk of similar events occurring, as well as to provide guidance on how to prevent infection with severeacute respiratory syndrome coronavirus 2 (SARS-COV2) in animals and humans and prevent the establishment of new zoonotic reservoirs, as well as to reduce further risks of emergence and transmission of zoonotic diseases;In July 2020 WHO sent a small team to China to plan a joint study comprising Chinese and independent international scientistsIt was agreed that WHO would select the international scientists The Terms of Reference for the Virus Origins Study were completed by fall 2020",fall 2020,When were the Terms of Reference for the Virus Origins Study completed?,[]
2248,"Terms of reference of the Global  Study of the Origins of SARS-COV2The team of scientists came from around the world: Australia, China, Denmark, Germany, Japan, Kenya, Netherlands, Qatar, the Russian Federation, the United Kingdom, the United States of America and Viet NamThe joint international team comprised 17 Chinese and 17 international experts from 10 other countries as well as the World Organization for Animal Health (OIE); and WHOFind the list of the members of the international teamhere",17,How many Chinese and 17 international experts were in the joint international team?,"['17. Who was in the joint international team?', '16', '17 \n 18 \n international experts']"
2249,"From the outset, this study was designed as one step on the path of understanding the origins of COVID-19 reflecting the specific scope and mandate as outlined by Member States in the World Health Assembly resolution and negotiated Terms of ReferenceThe coronavirus (COVID-19) pandemic has triggered devastating consequences for human life and the global economy Maritime and air transport are two essential activities that underpin global trade and mobility and are key to a sustainable socio-economic recovery",Maritime and air transport,What are two essential activities that underpin global trade and mobility?,"['MarShip transport and sea transport', 'Marriott and international trade', 'Growth and industrial recovery']"
2250, More than 80% of global trade by volume is moved by maritime transport The global economy depends on the world’s 2 million seafarers who operate the global fleet of merchant ships Seafarers have been severely impacted by the travel restrictions imposed during the pandemic,seafarers,Who operate the global fleet of merchant ships?,"['who operate the global smarrel', ' merchant ships', ' merchant ship owners']"
2251," As of January 2021, it is estimated that some400,000 seafarersare stranded onboard commercial vessels, long past the expiry of their contracts and unable to be repatriatedAsimilar number of seafarersurgently need to join ships to replace them Passenger air transport carried about 5",5,How many seafarers need to join ships to replace them?,"['How many passengers need to join the ship?', 'How many people are needed to take good care of the ship?', '10,000,000 unemployed people']"
2252,"7 billion passengers in 2019 while airfreight represents 35% of the value of goods shipped in all modes combined The total number of licensed aviation professionals, which include pilots, air traffic controllers and licensed maintenance technicians, was 887,000 in 2019, according to ICAO personnel statistics Application of stringent public health rules to air crew, including quarantine, has resulted in hindered connectivity, operational complexity and significant cost",7 billion,How many passengers were there in 2019?,"['5 billion', '35% of the value of goods shipped in all mode', '35 % of sales in potentialshare in potential service in 2020']"
2253,"Maritime and air transport rely on seafarers and aircrew They are key workers required to travel across borders at all times, which may result in the need for them to present proof of a COVID-19 vaccination as a condition for entry in some countries This is despite WHO recommendation that, at the present time, countries should not introduce requirements of proof of vaccination for international travel as a condition of entry, as there are still critical unknowns regarding the efficacy of vaccination in reducing transmission and limited availability of vaccines1",Maritime and air transport,What types of transport do seafarers and aircrew depend on?,"['Air transport', 'Maritime andair transport', 'ships and airships']"
2254," For shipping and air transport to continue to operate safely, the safe cross border movement of seafarers and aircrew must be facilitated We reiterate our call upon countries that have not done so to designate seafarers and aircrew as key workersWith this statement, our organizations also call on governments to prioritize seafarers and aircrew in their national COVID-19 vaccination programmes, together with other essential workers, in accordance with the advice from the WHO SAGE Roadmap for prioritizing the use of COVID-19 vaccines in the context of limited supply published in November 20202",November 20202,When was the WHO SAGE Roadmap published?,"['October 20203 or November 20202.When was the WHO Sages Roadmap published?', 'October 2016', 'October 20, 2017']"
2255," Seafarers and aircrew need to be protected through vaccination as soon as possible, to facilitate their safe movement across borders We also call on governments to identify and prepare for the challenges of COVID-19 vaccination of seafarers and aircrew, particularly for seafarers spending long periods of time away from their home country Our organizations fully support the timely development of an international harmonized framework for vaccination certificates, to facilitate international travel for seafarers and aircrew",international travel,What does COVID-19 help to facilitate for seafarers and aircrew?,"['international exchange', 'International travel', 'the lack of vaccination']"
2256," In December 2020, WHO established a Smart Vaccination Certificate working group to ensure that digitalized versions of vaccine certificates are interoperable3, and the UN Crisis Management Team for COVID-19, under the leadership of WHO, recognized that all countries should consider seafarers and aircrew, who are required to travel across borders during the pandemic, for essential allocation of vaccines We invite governments and other stakeholders to bring the contents of this joint statement to the attention of the competent authorities and all parties concerned1Statement on the sixth meeting of the International Health Regulations (2005) Emergency Committee regarding the coronavirus disease (COVID-19) pandemic: https://www",Smart Vaccination Certificate,What was the name of the working group that was established in December 2020?,"['Vaccination certificate', 'A World Health Organization', 'International Health Organization']"
2257,"On 2 February 2021, the National IHR Focal Point of the United Arab Emirates (UAE) notified WHO of one (1) laboratory-confirmed case of MERS-CoVThe case is a39-year-old male national, owner of a camel farm He developed fever and cough on 18 January and visited a private hospital several times with no improvement",18 January,When did MERS-CoV develop fever and cough?,[]
2258," The condition of the case worsened, and on 24 January, a chest X-ray confirmed the diagnosis of pneumonia On 26 January, he was admitted to a private hospital and was transferred to a governmental hospital on 28 January A nasopharyngeal swab was collected on 31 January and tested positive for MERS-CoV by reverse transcription polymerase chain reaction (RT-PCR) on 1 February at the Shiekh Khalifa Medical Center laboratory in Abu Dhabi",28 January,On what date was the nasopharyngeal swab transferred to a governmental hospital?,[]
2259," He has no underlying conditions SARS-CoV-2testing was performed more than once, and it was negative No history of previous infection orexposure to SARS-CoV-2 was reported",negative,What was the result of SARS-CoV-2testing?,"[""as long as he hadn't taken SARS-CoV-2test"", ' positive', 'a positive change']"
2260," The case reported a history of close contact with dromedary camels at his farm in the 14 days prior to the onset of symptoms No travel history was reported during the same period Currently, the patient is in stable condition",stable,What condition is the patient currently in?,"['a history of close contact with camels', 'dromedary camels', 'needs of the patient']"
2261,"The first MERS-CoV case in the United Arab Emirates (UAE) was reported in July 2013 Since then, a total of 92 cases of MERS-CoV (including the above case) and 12 associated deaths have been reported in the United Arab Emirates At a global level,from 2012 until 2 February 2021, the total number of laboratory-confirmed MERS-CoV infection cases reported globally to WHO is 2567 with 882 associated deaths",92,How many MERS-CoV cases have been reported in the United Arab Emirates?,"['MERS-CoV cases', 'How many MERS-CoV cases have been reported around the world?', '92 - \nV cases']"
2262, Most of the cases have been reported from the Kingdom of Saudi Arabia The global number reflects the total number of laboratory-confirmed cases reported to WHO under International Health Regulations (IHR 2005) to date The total number of deaths includes the deaths that WHO is aware of to date through follow-up with the affected Member States,WHO is aware of to date,What is the total number of deaths reported to WHO?,"[' WHO is not able to count the cases', 'The world number of laboratory - confirmed cases', 'How many deaths are possible']"
2263,"In UAE, the surveillance for MERS-CoV during the COVID-19 pandemic mandate testing for all cases meeting severe acute respiratory infection (SARI) definitionA Special Thank You!Dear Friends, Colleagues and Partners,2020 has been a challenging year for us all, but also one resonating with resilience and hope to overcome hardships As the year comes to an end, I would like to take this opportunity to thank you all for your solidarity, commitment and dedicated work towards saving the lives of millions with tuberculosis (TB) and ensuring they are not left behind",MERS-CoV,What was the surveillance for during the COVID-19 pandemic mandate testing for all cases meeting severe acute respiratory infection (SARI) definition?,"['Sari-Cat proof', 'Sari', 'A Special Thank You']"
2264,"Over 63 million lives have been saved since the year 2000, and there has been overarching progress in driving down TB-related deaths and incidence Yet as emphasized in the UN Secretary General’s Progress on TB developed with WHO support, and WHO’s Global TB Report: high-level commitments have galvanized global, regional and national progress towards ending TB, but urgent and more ambitious investments and actions are required to put the world on track to reach targets, especially in the context of the COVID-19 pandemicWHO and its leadership have been working intensively over the past months along with countries, health workers, communities, civil society and other partners to ensure continuity of essential TB services during the COVID-19 pandemic, while keeping the momentum in place towards achieving End TB commitments and reaching targets",Over 63 million,How many lives have been saved since the year 2000?,"['4 % of the TB- related deaths and Inc.', 'Over 7000', 'By half of the lives']"
2265," WHO has continued leading the development of new policies and guidelines to ensure better outcomes for those affected, tackle drug-resistant TB, scale up access to TB preventive treatment and new diagnostic tools, backed by technical support to enable rapid implementation of new guidance in countriesWHO is working closely with countries to support the uptake of the Multisectoral Accountability Framework, examples of high-level leadership on multisectoral accountability include Presidential or Head of State End TB initiatives and formalized mechanisms for the engagement and accountability of stakeholders in India, Indonesia, Pakistan, Philippines and Viet Nam as well as national campaigns to drive progress such as the “Race to End TB” Worldwide in 2020, 86 countries are progressing with implementation of national multisectoral accountability mechanisms under high-level leadership, of which 62 included representatives of civil society and TB-affected communities",62,How many representatives of civil society and TB-affected communities were included in the multisectoral accountability mechanisms?,"['66', '54', '54 members of civil society and TB- affected communities were included in the register.']"
2266,"Civil society engagement has been stronger than ever before through WHO’s Civil Society Task Force on TB, with their close collaboration in all areas of WHO’s work including policy developmentThe Global Strategy for TB Research and Innovation was adopted by the World Health Assembly in August 2020 The strategy was developed under the leadership of WHO,through a consultative process with Member States including managers of national tuberculosis programmes and other officials from within and beyond ministries of health such as ministries of science and technology; the WHO Strategic and Technical Advisory Group for Tuberculosis (STAG-TB); the WHO Global TB Research Task Force; representatives of civil society and affected communities; research funding institutions; and other stakeholders in TB research and innovation",WHO’s Civil Society Task Force on TB,What is the name of the WHO's civil society Task Force on TB?,"['Tunberdry TB', ""The WHO 'S Civil Society Forum on TB."", 'The WHO Global TB Research and Innovation']"
2267," Four major areas for action are highlighted in the strategy: creating an enabling environment for TB research and innovation; increasing financial investments in TB research and innovation; promoting and improving approaches to data sharing; and promoting equitable access to the benefits of research and innovation This global strategy will guide Member States and other relevant stakeholders in translating political commitments on TB research and innovation into concrete action backed by investmentSince January 2020, when the novel coronavirus outbreak (2019-nCoV) was declared a Public Health Emergency of International Concern, the WHO Global TB Programme with Regional and Country Offices, in close collaboration with partners and civil society has been undertaking real-time monitoring of the COVID-19 pandemic including on TB notifications and service delivery, providing guidance and technical support to countries as well as supporting the procurement of drugs and diagnostics",promoting equitable access to the benefits of research and innovation,What is the goal of the WHO Global TB Programme?,"['promoting the development of TB research and development', 'creating an effective environment for TB research and development', 'improving effective ways of sharing']"
2268," WHO modelling and analysis on the impact of COVID-19 on TB mortality indicate that a 50% drop in the detection of TB cases over 3 months will lead to almost 400,000 more people dying due to TB in 2020 alone WHO is working with countries, partners and civil society to ensure continuity of essential TB services and to learn lessons from the COVID-19 pandemic to strengthen preparedness and build-back stronger In line with WHO guidance, countries have taken measures to mitigate the impact of COVID-19 on essential TB services, including by strengthening infection control, expandinguse of digital technologies to provide remote advice and support, and providinghome-based TB prevention and care","400,000",How many people are dying due to TB in 2020?,"['50% drop in the detection of TB cases killed early today6750 200 proof out of 3 months', '50 % drop', '50,000 - 60,000']"
2269," All of the above efforts and actions are commendable, especially in the face of the COVID-19 crisis, and are contributing towards reaching the End TB targets including those of the WHO Director-General's Flagship Initiative ""Find #EndTB"" with Stop TB Partnership and the Global Fund, as well as the triple billion targets of WHO's General Programme of Work It shows how resilient we are as a community",COVID-19 crisis,"What crisis is the WHO's flagship initiative ""Find #EndTB"" in response to?","['End TB focus and national income', 'End TB crisis', ' ends TB crisis and its opposite']"
2270,"However, we just have two yearsto reach the targets and keep the promises made at the UN High Level Meeting on TB To put the world on track to reach agreed targets by 2022 and beyond; and reduce the enormous human and societal toll caused by TB, we need to support Member States collectively to implement the 10 priority recommendations outlined in the 2020 UN Secretary General’s Progress Report on TB, and reach the targets outlined in WHO’s End TB Strategy This will help step up the response",2022,By what year is the world on track to reach agreed targets?,"['The year is not on its way to reach its agreed targets.', 'by March is not the time', 'at present']"
2271,"We, at the WHO Global TB Programme, would like to thank all of you for your strong collaboration and partnership this year that has been critical for our work We would like to salute all the health workers at the forefront of the fight to end TB and other diseases, those affected by TB including communities and survivors, countries and their national TB programmes, civil society, partners and donors for your tireless dedication and support to the fight to end TBWe would like to thank core donors, contributors and partners to the work of WHO’s Global TB Programme during 2020: United States Government through the US Agency for International Development (USAID) & the US Center for Disease Control (US CDC), Netherlands, Russian Federation, the People's Republic of China, Luxembourg, Republic of Korea, Japan, The Global Fund to Fight AIDS, Tuberculosis and Malaria, Unitaid, KNCV Tuberculosis Foundation, Stop TB Partnership/UNOPS, European Respiratory Society, Bill & Melinda Gates Foundation, Bristol Myers and Squibb Foundation Inc",the WHO Global TB Programme,What is the name of the WHO's Global TB Programme?,"['the World Health Programme', 'the Global Fund to Fight AIDS, Tuberrey and Malaria', 'the present and the future of TB']"
2272," and London School of Hygiene and Tropical Medicine (LSHTM)We express our gratitude to our senior leadership including to WHO Director-General Dr Tedros Adhanom Ghebreyesus, WHO Deputy Director-General Dr Zsuzsanna Jakab, WHO Assistant Director-General Dr Ren Minghui, Regional Directors and colleagues in WHO regional and country offices, for prioritizing efforts to end TB as part of efforts towards achieving Universal Health Coverage and ensuring the Right to Health for all, in the spirit of ONE WHODear friends, as we look to 2021 with new hope and optimism, we at WHO collectively recommit to keep the promises made to the millions affected by TB each year – despite any hardships, challenges or crises that come our way",London School of Hygiene and Tropical Medicine,What is the name of the London School of Hygiene and Tropical Medicine?,"[' WHO', 'The London School', 'London School of East and westophimegy note. ( )']"
2273," We cannot stop till we reach every person, family and community impacted, and till we wipe out this top infectious killer once and for allBest wishes to you, your colleagues and loved ones, for a happy, healthy and fruitful 2021!DrTerezaKasaevaDirectorGlobal TB ProgrammeWorld Health OrganizationRead moreThe Coalition for Epidemic Preparedness Innovations (CEPI), Gavi, the Vaccine Alliance (Gavi) and the World Health Organization (WHO), as co-leads of the COVAX initiative for equitable global access to COVID-19 vaccines, alongside key delivery partnerUNICEF, are pleased to publish COVAX’s first round of allocations",2021,In what year did we wipe out the top infectious killer?,[]
2274,"Following from the publication of an interim distribution forecast, and based on current knowledge of supply availability, this first round of allocations provides information on provision of doses of the AstraZeneca(AZ)/Oxford vaccine to COVAX Facilityparticipants, through May 2021 This first round of allocation outlines delivery of doses of the AZ/Oxford vaccine – manufactured by AstraZeneca (AZ) and COVISHIELD, licensed to and manufactured by Serum Institute of India (SII/AZ) – to Facility participants Participantsnot listed have either exercised their rights to opt-out of this vaccine, wish to transfer allocated doses to AMC participants, are AMC-eligible but have not joined the AMC, have voluntarily delayed receipt of doses and communicated this intent aheadof allocation, or have not met financial requirements",May 2021,When does the first round of allocation provide information on the delivery of doses of the AZ/Oxford vaccine to COVAX Facilityparti,"['April 20', 'as early as possible', 'as soon as it is introduced']"
2275,"This list will be updated by the end of the week to provide indicative timelines for the supply of these doses, split into Feb-March and April-May These timelines are dependent on a variety of factors including national regulatory requirements, availabilityof supply, and fulfilment of other criteria such as validated national deployment and vaccination plans (NDVPs) from AMC participants, indemnification & liability agreements, and export and import authorisationsDeliveries for this round of allocations has already begun, with India, Ghana and Cote d’Ivoirereceiving doses of the SII/AZ vaccine","India, Ghana and Cote d’Ivoire",Which countries received doses of the SII/AZ vaccine?,"["" India, Ghana but Cote D'IreneveIvebius"", 'India and India', ""India, Ghana and Cote d'Ivoire -- both developed countries""]"
2276," Both Ghana and Cote d’Ivoire began vaccination campaigns utilising thesedoses on Monday Further deliveries are underway for this week, and as readiness criteria are fulfilled and doses become available, will continue on a rolling basis over the coming monthsIn addition to this first round of allocations, an exceptional distribution of 1",1,How many vaccination doses are available in Ghana and Cote d’Ivoire?,"['1.5', '1.4 of the vaccines are available in Ghana.', 'In what way it is possible to spread Ebola into Ghana']"
2277,"2 million doses of the Pfizer-BioNTechvaccine, anticipated for delivery in Q1 2021, was announced in early February Further allocation rounds for vaccines in the COVAX portfolio will be announced in due courseThe list of first round allocations is available here",2 million,How many doses of the Pfizer-BioNTechvaccine were expected to be delivered in Q1 2021?,"['3 million', '2.4 billion', '2.5 million or 2 million']"
2278,"Note to editorsAbout COVAXCOVAX, the vaccines pillar of theAccess to COVID-19 Tools (ACT) Accelerator,is co-led by the Coalition for Epidemic Preparedness Innovations (CEPI), Gavi, the Vaccine Alliance Gavi)and the World Health Organization (WHO) – working in partnership with developed and developing country vaccine manufacturers, UNICEF, the World Bank, and others It is the only global initiative that is working with governments and manufacturersto ensure COVID-19 vaccines are available worldwide to both higher-income and lower-income countriesCEPI is focused on the COVAX vaccine research and development portfolio:investing in R&D across a variety of promising candidates, with the goal to support development of three safeand effective vaccines which can be made available to countries participating in the COVAX Facility",COVAXCOVAX,What is the vaccines pillar of theAccess to COVID-19 Tools Accelerator?,"[' COideX', 'Chevin-19 tools', 'VocoaX']"
2279," As part of this work, CEPI has secured first right of refusal to potentially over one billion doses for the COVAX Facility to a number of candidates,and made strategic investments in vaccine manufacturing, which includes reserving capacity to manufacture doses of COVAX vaccines at a network of facilities, and securing glass vials to hold 2 billion doses of vaccine CEPI is also investingin the ‘next generation’ of vaccine candidates, which will give the world additional options to control COVID-19 in the futureGavi is focused on procurement and delivery for COVAX: coordinating the design, implementation and administration of the COVAX Facility and the Gavi COVAX AMC and working with its Alliance partners UNICEF and WHO, along with governments, on country readiness and delivery",CEPI,Who has secured the first right of refusal to potentially over one billion doses for the COVAX Facility to a number of candidates?,"['Vaccine manufacturing', 'COPI', 'CepI']"
2280," The COVAX Facility is the global pooled procurement mechanism for COVID-19 vaccines throughwhich COVAX will ensure fair and equitable access to vaccines for all 190 participating economies, using an allocation framework formulated by WHO The COVAX Facility will do this by pooling buying power from participating economies and providingvolume guarantees across a range of promising vaccine candidates The Gavi COVAX AMC is the financing mechanism that will support the participation of 92 low- and middle-income countries in the Facility, enabling access to donor-funded doses of safeand effective vaccines",donor-funded doses of safeand effective vaccines,What does the Gavi COVAX AMC enable access to?,"['donor - financed vaccine candidates.', 'allow access to low - cost vaccines', 'obtain funding for low - and middle - income vaccine']"
2281," Gavi is fundraising for the COVAX AMC, and funding UNICEF procurement of vaccines as well as partners’ and governments work on readiness and delivery, including support cold chain equipment, technical assistance, syringes,vehicles, and other aspects of the vastly complex logistical operation for delivery UNICEF and the Pan-American Health Organisation (PAHO) will be acting as procurement coordinators for the COVAX Facility, helping deliver vaccines to COVAXAMC participants and othersWHO has multiple roles within COVAX: It provides normative guidance on vaccine policy, regulation,safety, R&D, allocation, and country readiness and delivery",Gavi,Who is fundraising for the COVAX AMC?,"['UNiceF', 'Overest officer of CO Virginia', 'The CO VirginiaXAM']"
2282, Its Strategic Advisory Group of Experts (SAGE) on Immunization develops evidence-based immunization policy recommendations Its Emergency Use Listing (EUL)/prequalificationprogrammes ensure harmonized review and authorization across member states It provides global coordination andmember state support on vaccine safety monitoring,Strategic Advisory Group of Experts,What is the name of the group that develops evidence-based immunization policy recommendations?,"['Assessment Group of experts', 'Achieving evidence- based Immization Policy', 'A New Policy on Human Health and Robots']"
2283," It developed the target product profiles for COVID-19 vaccines and provides R&D technical coordination WHO leads, together with UNICEF, the Country Readiness and Delivery workstream, which provides support to countries as they prepare to receive and administer vaccines Along with Gavi and numerous other partners working at the global, regional, and country level, the CRD workstream provides tools, guidance, monitoring, and onthe ground technical assistance for the planning and roll-out of the vaccines",WHO leads,Who provides R&D technical coordination for COVID-19 vaccines?,"['who provides support to countries as they prepare to receive and deliver vaccines', 'who develops the target product profile for COided-19 vaccines', 'who is responsible for the development of the vaccine']"
2284," In collaboration with the PAHO Revolving Fund, UNICEF is leading efforts to procure and supply doses of COVID-19 vaccines forCOVAX In addition, UNICEF, Gavi and WHO are working with governments around the clock to ensure that countries are ready to receive the vaccines, with appropriate cold chain equipment in place and health workers trained to dispense them UNICEF isalso playing a lead role in efforts to foster trust in vaccines, delivering vaccine confidence communications and tracking and addressing misinformation around the world",PAHO Revolving Fund,Who is UNICEF working with to procure and supply doses of COVID-19 vaccines for COVAX?,"['UNiceF', 'Gavio and WHO', 'UNicesF']"
2285,"About CEPICEPI is an innovative partnership between public, private, philanthropic, and civil organisations, launched at Davos in 2017, to develop vaccines to stop future epidemics CEPI has moved with great urgency and in coordination with WHO in response to theemergence of COVID-19 CEPI has initiated ten partnerships to develop vaccines against the novel coronavirus",ten,How many partnerships have CEPI initiated to develop vaccines against the novel coronavirus?,"['many', 'CepI', 'two']"
2286,"About GaviGavi, the Vaccine Alliance is a public-private partnership that helps vaccinate half the world’s children against some of the world’s deadliest diseases Since its inception in 2000, Gavi has helped to immunise a whole generation– over 822 million children – and prevented more than 14 million deaths, helping to halve child mortality in 73 developing countries Gavi also plays a key role in improving global health security by supporting health systems as well asfunding global stockpiles for Ebola, cholera, meningitis and yellow fever vaccines",Vaccine Alliance,What is GaviGavi?,"[""World's deadliest diseases"", 'Vaccine Association', ""How to protect children against some of the world's deadliest diseases""]"
2287," After two decades of progress, Gavi is now focused on protecting the next generation and reaching the unvaccinated children still being left behind, employing innovativefinance and the latest technology – from drones to biometrics – to save millions more lives, prevent outbreaks before they can spread and help countries on the road to self-sufficiencyorg and connect with us on Facebook and Twitter The Vaccine Alliance brings together developing countryand donor governments, the World Health Organization, UNICEF, the World Bank, the vaccine industry, technical agencies, civil society, the Bill & Melinda Gates Foundation and other private sector partners",Vaccine Alliance,What organization brings together developing countries and donor governments?,"['Facebook', 'The Bill & Melinda Gates Foundation', 'Vaccine Development']"
2288," View the full list of donor governmentsand other leading organizations that fund Gavi’s work hereAbout WHOThe World Health Organization provides global leadership in public health within the United Nations system Founded in 1948, WHO works with 194 Member States, across six regions and from more than 150 offices, to promote health, keep the world safe andserve the vulnerable",194,In what year was the World Health Organization founded?,"['International organizations', 'Gave', 'At present']"
2289," Our goal for 2019-2023 is to ensure that a billion more people have universal health coverage, to protect a billion more people from health emergencies, and provide a further billion people with better health and wellbeingFor updates on COVID-19 and public health advice to protect yourself from coronavirus, visit wwwint and follow WHO on Twitter, Facebook, Instagram, LinkedIn, TikTok, Pinterest, Snapchat, YouTubeAbout UNICEFUNICEF works in some of the world’s toughest places, to reach the world’s most disadvantaged children",a billion,How many people have universal health coverage for 2019-2023?,"['a health emergency', 'two health troubles', 'a health insurance card']"
2290," Across 190 countries and territories, we work for every child, everywhere, to build a better world for everyone For more information aboutUNICEF and its work for children, visit www For more information about COVID-19, visit www",190,How many countries and territories do we work for every child?,"['200', 'Countries', 'All the countries and territories']"
2291,"org/coronavirus Find out more about UNICEF’s work on the COVID-19 vaccines here, or about UNICEF’s work on immunization hereFollow UNICEF on Twitter and FacebookAbout the ACT-AcceleratorThe Access to COVID-19 Tools ACT-Accelerator, is a new, ground-breaking global collaboration to accelerate the development, production, and equitable access to COVID-19 tests, treatments, and vaccines",ACT-Accelerator,What is the name of the ACT-Accelerator?,"['UNiceF', 'Virus', 'ator']"
2292," It was set up in response to a call from G20 leadersin March and launched by the WHO, European Commission, France and The Bill & Melinda Gates Foundation in April 2020;The ACT-Accelerator is not a decision-making body or a new organisation, but works to speed up collaborative efforts among existing organisations to end the pandemic It is a framework for collaboration that has been designed to bring key playersaround the table with the goal of ending the pandemic as quickly as possible through the accelerated development, equitable allocation, and scaled up delivery of tests, treatments and vaccines, thereby protecting health systems and restoring societiesand economies in the near term",April 2020,When was the ACT-Accelerator launched?,[]
2293," It draws on the experience of leading global health organisations which are tackling the world’s toughest health challenges, and who, by working together, are able to unlock new and more ambitious resultsagainst COVID-19 Its members share a commitment to ensure all people have access to all the tools needed to defeat COVID-19 and to work with unprecedented levels of partnership to achieve itThe ACT-Accelerator has four areas of work: diagnostics, therapeutics, vaccines and the health system connector",four,How many areas of work does the ACT-Accelerator have?,"['four areas of work', 'Four areas of the work.', 'Four']"
2294," Cross-cutting all of these is the workstream on Access & AllocationToday, the governments of Côte d’Ivoire and Ghana began COVID-19 vaccination campaigns aimed at protecting healthcare workersThis week’s first vaccinations happen as a further 11 million COVAX doses are expected to be delivered over the next seven days",11 million,How many COVAX doses are expected to be delivered over the next seven days?,"['4 million', '9 million', '5 million']"
2295,"Publication of the allocation of the AstraZeneca/Oxford vaccine to 142 of COVAX’s participating economies, to be delivered between now and the end of May, is anticipated tomorrowAs the global rollout of COVAX vaccines accelerates, the first COVID-19 vaccination campaigns in Africa using COVAX doses began today in Ghana and Côte d'Ivoire Thesecampaigns arethe among the first tousedoses provided by the COVAX Facility’s Gavi COVAX Advanced Market Commitment(AMC)",Gavi COVAX Advanced Market Commitment,What is the AMC?,"['The first COvinayunt vaccine', 'The First COVER -19 vaccination campaigns', 'AMC and Gav COX Advanced Market commitments']"
2296,The AMC is the COVAX Facility’s mechanism to provide donor-funded vaccines to lower-income countries The campaigns in Ghana and Côte d’Ivoire follow deliveries to both countries last week with Ghana taking delivery of 600 000 doses on February 24 and Côte d’Ivoire 504 000 doses two days later Both countries received the AstraZeneca/Oxford vaccine licensed and manufactured by the Serum Institute of India (SII),AstraZeneca/Oxford vaccine,What vaccine did Ghana and Côte d'Ivoire receive?,"[' Ghana and C markets', ""Cokte d'Ivoire vaccine"", "" Ghana and Cotea d'Ivoire""]"
2297," The vaccine, branded COVISHIELD, was granted Emergency Use Listing (EUL) by the World Health Organization on 15 February Nana Akufo-Addo, President of the Republic of Ghana said: ""COVID-19 has changed the world It has cost lives, battered health systems, and damaged livelihoods",COVISHIELD,What is the name of the vaccine that was granted Emergency Use Listing?,"[' COVISHribe', 'The vaccine, called COVISHING', 'The vaccine named COVISHMeet the World Health Organization']"
2298," But, through these challenges, we have seen the best of humanity exemplified through strong multilateral cooperation Ghana welcomes the arrival of the first doses of COVID-19 vaccines through the COVAX AMC as a pathway to ending the acute phase of the pandemic To maximise the public health benefit of the vaccine, the first doses will be prioritized for health and essential workers, and other at-risk groups",the first doses of COVID-19 vaccines,Ghana welcomes the arrival of what vaccines through the COVAX AMC?,"['the first dose of CODAXAM', 'the first half \n COVillage vaccine', 'the first two of the first photon of the vaccine']"
2299," This important milestone will allow Ghana to get back to business, and build back our economy even stronger than before"" The deliveries mark the start of what will be thelargest, most rapid and complex global rollout ofvaccines in history In total, COVAX aims to deliver at least 2 billion doses of COVID-19 vaccines by the end of 2021, including at least 1",at least 1,How many COVID-19 vaccines will COVAX deliver by 2021?,"['as many as 2 billion vaccines', 'at least 2 billion dose of CODAX vaccine', 'at least 2 thousand']"
