,context,answer,question,distractor
900," Mutations in key viral proteins can mean that virus variants emerge The SARS-CoV-2-coronavirus is prone to mutations that creates variants, some of which have become established in a number of regions of the world The scientific community and regulators are very actively monitoring whether the current vaccines can continue protecting people from infection with new variants",mutations,What is the SARS-CoV-2-coronavirus prone to?,"[' vaccine variant', 'Virus variant', 'virus variant.']"
901," There was also unprecedented government and private sector investment in vaccine development There is now a wide range of technologies for developing new vaccines - and many of the organisations developing COVID-19 vaccines have particular experience in one or more of these technologies This has ensured that there would still be vaccines available if some were not approved for reasons of efficacy, safety or manufacturing challenges",government and private sector,Who invested in vaccine development?,"['who are responsible for vaccine development', 'who is developing the vaccine', 'who are developing new vaccines']"
902,"Q: What if many people start getting a reaction from a particular COVID-19 vaccine?A: Short-term reactions, such as soreness at the injection site, fatigue or headache are common following any vaccination with COVID-19 vaccines These reactions usually pass in a day or two If new evidence becomes available that suggests that a specific serious adverse event may be linked to a particular COVID-19 vaccine then regulators will take action, working collaboratively on a global basis and liaise with public health authorities",liaise with public health authorities,What do regulators work collaboratively on a global basis?,"['take action on a global basis', 'encourage more farmers to practise vaccine', 'work cooperated on a global scale']"
903," The type of actions that can be taken depend on the nature of the adverse event, and could range from issuing safety warnings for patients, healthcare professionals and the community; updating the product information or consumer information for the vaccine to show contraindications for the use in particular patients (e those with certain co-morbidities); to closely monitoring adverse events in certain groups of patients; preventing the release of a particular batch of vaccine through to temporary suspension of the use of the vaccine until more is knownQ: How are regulators speeding up the time it takes to authorise a COVID-19 vaccine?A: Many regulators globally have implemented faster access pathways for COVID-19 vaccines, without compromising on strict standards of safety, quality and efficacy",safety warnings,"What could be issued for patients, healthcare professionals and the community?","['Consumers information', 'coffic and quality', 'Consumers informationConsidered for the use of the vaccine']"
904," Some countries have Emergency Use Authorisation pathways which assess the available data at the time of authorisation Exercising these provisions is a matter for those countries, taking into account the benefits versus risks in the context of the prevailing domestic pandemic situationDifferent countries may coin this pathway or authorisation routes differently but essentially, they follow the same principles",they follow the same principles,What do most emergency use Authorisation pathways follow?,"['they are all using the same principles.', 'they consider both sides equally', 'they use different method']"
905," Other countries have implemented accelerated/priority, conditional or provisional approval schemes Under normal circumstances, regulatory assessment begins once all information to support registration is available For COVID-19 vaccines, many regulators have agreed to accept data on a rolling basis to enable early evaluation of data as it becomes available","accelerated/priority, conditional or provisional approval schemes",What have other countries implemented?,"['possible or final approval lists', 'acidedated/ priority, reserve and approve scheme', 'accelerated and priority, reserve and adjustment']"
906," Regulators will only be in a position to make a provisional approval decision for a vaccine once there is sufficient data to support adequately the safety, quality and effectiveness of the vaccine for its intended use If a decision is made to grant provisional or conditional approval, it will be based on the requirement for the sponsor to submit more comprehensive, longer term clinical data, stability data and other information with agreed timelinesQ: Did our country approve this COVID-19 vaccine, or are we relying on another country’s approval?A: Most countries are carrying out independent regulatory evaluations on the submitted data for each vaccine",independent regulatory evaluations,What do most countries carry out on the submitted data for each vaccine?,"['regulations', 'submitting data for each vaccine', 'submission data']"
907," However, to ensure a more efficient use of resources and expertise, regulators in different countries are communicating closely on safety, efficacy and quality data and discussing technical issues as they may arise In many cases principles of WHO Good Reliance Practices and collaborative mechanisms leverage the output of other regulatorsQ: Why weren’t very rare blood clots with low platelets with the AstraZeneca or Janssen vaccines picked up during clinical trials?A: Thromboembolic events with concurrent thrombocytopenia are very rare – with estimates based on the number of spontaneous reports suggesting an overall incidence on the order of 10-15 cases per million doses",Thromboembolic events with concurrent thrombocytopenia,What type of events are very rare?,"['Thrombo imolic events withcome thromb idioms', 'Thromboepolic events with polybrombrombology', 'Thchool thrombicytopenia']"
908," The clinical trials of these vaccines included large numbers of people, often with 10,000 to 20,000 individuals in the active vaccine arms, but even in trials of this size it was statistically unlikely that such very rare events would be detected This shows the importance of continual safety monitoring during the use of these vaccines, to allow very rare events to be detected and investigated further-------------------------------------------------------------------------------About ICMRAICMRA brings together the heads of 30 medicines regulatory authorities* from every region in the world, with the WHO as an observer",WHO,Who is an observer of the ICMRAICMRA?,"['The producers of the vaccine', ""China's vaccine authority"", 'The managers of these vaccines']"
909," It provides a global strategic focus for medicines regulators and gives strategic leadership on shared regulatory issues and challenges Priorities include coordinated response to crisis situations Members of ICMRA include: Therapeutic Goods Administration (TGA), Australia; National Health Surveillance (ANVISA), Brazil; Health Products and Food Branch, Health Canada (HPFB-HC), Canada; China National Medical Products Administration (NMPA), China; European Medicines Agency (EMA) and European Commission - Directorate General for Health and Food Safety (DG - SANTE), European Union; French National Agency for Medicines and Health Products Safety (ANSM), France; Paul-Ehrlich-Institute (PEI), Germany; Health Product Regulatory Authority (HPRA), Ireland; Italian Medicines Agency (AIFA), Italy; Ministry of Health, Labour and Welfare (MHLW) and Pharmaceuticals and Medical Devices Agency (PMDA), Japan; Ministry of Food and Drug Safety (MFDS), Korea; Federal Commission for the Protection against Sanitary Risks (COFEPRIS), Mexico; Medicines Evaluation Board (MEB), Netherlands; Medsafe, Clinical Leadership, Protection & Regulation, Ministry of Health, New Zealand; National Agency for Food Drug Administration and Control (NAFDAC), Nigeria; Health Sciences Authority (HSA) Singapore; Medicines Control Council (MCC), South Africa; Medical Products Agency, Sweden; Swissmedic, Switzerland; Medicines and Healthcare Products Regulatory Agency (MHRA), United Kingdom; Food and Drug Administration (FDA), United States",Australia,Where is TGA located?,"['Europe', 'Ireland', 'Germany']"
910," Associate members include: Argentina national Administration of Drugs, Foods and Medical Devices (ANMAT); Austrian Medicines and Medical Devices Agency (AGES), Colombia National Food and Drug Surveillance Institute (INVIMA); Cuba Center for State Control of Medicines, Equipment and Medical Devices (CECMED); Danish Medicines Agency (DKMA); Israel Ministry of Health (MOH); Poland Office of Registration of Medicinal Products and Biocidal Products (URPLWMiPB); Portugal National Authority of Medicines and Health Products (INFARMED); Russia Federal Service for Surveillance in Healthcare (Roszdravnadzor); Saudi Food and Drug Authority (SFDA); Spanish Agency of Medicines and Medical Devices (AEMPS)About the World Health Organization The World Health Organization provides global leadership in public health within the United Nations system Founded in 1948, WHO works with 194 Member States, across six regions and from 149 offices, to promote health, keep the world safe and serve the vulnerable",149,How many offices does WHO work with?,"['ivity of Medicines and Health Products', '200', '195, including fifty, England and France']"
911," Our goal for 2019-2023 is to ensure that a billion more people have universal health coverage, to protect a billion more people from health emergencies, and provide a further billion people with better health and wellbeingThe UK’s G7 Presidency will unite leading democracies to help the world fight, and then build back better from coronavirus and create a greener, more prosperous futureThe UK has invited Australia, India, South Korea and South Africa as guest countries to this year’s G7","Australia, India, South Korea and South Africa",What countries have the UK invited as guest countries to this year's G7?,[]
912,"Every year 600 million cases of foodborne illnesses are reported In 2010, 420 000 people died due to such diseases as salmonella and Ecoli infection, a third of them children under five years of age",420 000,How many people died due to salmonella and Ecoli infection in 2010?,[]
913," It is estimated that this figure is increasing year after year, but it is difficult to get a clear picture of the real impact foodborne diseases are having around the world To address this problem the World Health Organization has developed a handbook to help countries measure their foodborne disease burden and identify food safety system needs and data gaps so they can strengthen national infrastructure and better protect people’s health“Food should sustain and support human health, not harm it,” said WHO Director-General Dr Tedros Adhanom Ghebreyesus",food safety system needs and data gaps,What does the World Health Organization help countries measure their foodborne disease burden?,"['food companies should grow fast', 'food and health are mentioned in the passage', 'how to deal with food safety problems']"
914," “WHO’s new handbook will help countries to collect and analyze data to inform sustained investments in food safety The COVID-19 pandemic has demonstrated the intimate links between the health of humans, animals and the planet that sustains us WHO will continue to work with partners with a One Health approach to keep communities safe from foodborne disease",WHO will continue to work with partners with a One Health approach to keep communities safe from foodborne disease,WHO will continue to work with partners with a One Health approach to keep communities safe from foodborne disease?,"[' WHO will continue to collect and analyze data to inform informed investments in food safety', 'Because of the great risk of foodborne disease, WHO will continue to collect and analyze data', ' WHO will make efforts to encourage countries to keep communities safe from food disease']"
915,"”In 2020, the World Health Assembly adopted a new resolution mandating WHO to monitor the global burden of foodborne and zoonotic diseases at national, regional and international levels and to report on the global burden of foodborne diseases with up-to-date estimates of global foodborne disease incidence, mortality and disease burden by 2025The Organization is reconvening its foodborne disease burden epidemiology reference group (WHO FERG) with 26 new international experts The group’s main functions are to advise WHO on methodologies to estimate the global burden of foodborne diseases, to monitor global food safety indicators and measure progress being made in food safety",2025,By what year is WHO reconvening its foodborne disease burden epidemiology reference group?,"['2010', 'this time', 'this year']"
916," There are over 250 different food hazards that cause various health issues such as acute or long-term illness or even death In 2015, the previous FERG helped WHO publish a historic report that revealed, for the first time ever, the global public health burden of foodborne diseases based on 31 foodborne hazards[1] The report showcased the massive health impact of unsafe food and highlighted the need for strong and sustained action",over 250,How many food hazards are there?,"['30 foodborne hazards', 'many foodborne diseases', 'in 31 foodborne diseases']"
917," A webinar on 29 June will provide further details about the handbookint/news/item/03-12-2015-who-s-first-ever-global-estimates-of-foodborne-diseases-find-children-under-5-account-for-almost-one-third-of-deaths-------------------------About the World Health Organization The World Health Organization provides global leadership in public health within the United Nations system Founded in 1948, WHO works with 194 Member States, across six regions and from 149 offices, to promote health, keep the world safe and serve the vulnerable",29 June,On what date will a webinar provide further details about the handbookint/news/item/03-12-2015-who's first,[]
918," Our goal for 2019-2023 is to ensure that a billion more people have universal health coverage, to protect a billion more people from health emergencies, and provide a further billion people with better health and wellbeing For updates on COVID-19 and public health advice to protect yourself from coronavirus, visit wwwint and follow WHO on Twitter, Facebook, Instagram, LinkedIn, TikTok, Pinterest, Snapchat, YouTube, Twitch ",a billion,How many people have universal health coverage for 2019-2023?,"['a lot', 'a health emergency', 'A billion']"
919,"The event will stream live hereInterpretation will be available in Arabic, Chinese, English, French, Russian and SpanishIn October 2018, States and Governments adopted the Declaration of Astana on Primary Health Care, which reaffirmed their commitment to the fundamental right of every human being to the enjoyment of the highest attainable standard of health without distinctionof any kind Last year, the whole world witnessed no country that was 100% ready to overcome the challenges of the global pandemic",Declaration of Astana on Primary Health Care,What statement was adopted by the States and Governments in October 2018?,"[' dictionaries on Health care', 'The Importance of the Health Care', 'Astana, the basic right of every human being']"
920," The current epidemiological situation associated with the COVID-19 pandemic has highlighted the urgent need to ensure continuous accessto essential health services without which, there is an increased indirect morbidity and mortality In the emergency situations, like the COVID-19 pandemic, PHC plays a substantial role in prevention, preparedness, response and recovery – andin ensuring the continued access of the population to essential health services, thus preventing an increase in morbidity and mortality from causes not directly related to the coronavirus PHC also has a role to play in improving the equityof efforts to manage health emergencies and maintain health service access, with effective involvement of communities as partners",effective involvement of communities as partners,What role does PHC play in preventing an increase in morbidity and mortality from causes not directly related to the coronavirus?,"['as well as in prevention, preparedness, response and recovery', 'inspirational access of the population to essential health services', 'avoidance of health service access']"
921,"The global commitment to PHC in the Declaration of Astana must be translated into specific actions to bring visible changes, visible results and contribute to the health status of communities In November 2020, countries adopted the Operational Frameworkfor Primary Health Care, which provides four strategic and ten operational levers to transform global commitments into practical actions and strengthen PHC at the country level The Operational Framework will help countries to implement the Declarationof Astana and build sustainable health systems based on Primary Health Care",the Declaration of Astana,"In what document must the global commitment to PHC be translated into specific actions to bring visible changes, visible results and contribute to the health status of communities?","[' PHC', 'the Operational Frameworkfor Primary Health Care', ' PHC and the Operational Framework']"
922," The event aims to:call on political leaders worldwide to reaffirm the importance of primary health care in the fight against the COVID-19 pandemic and other health-related emergenciesshare best practices and success stories of strengthening primary health careto facilitate COVID-19 response (including COVID vaccine roll-out), promote equitable recovery and boost health system resiliencediscuss national health care systems’ prevention and preparedness for future health emergencies and the international community’s role",the international community,Who is responsible for the role of primary health care in the fight against the COVID-19 pandemic?,"['the health care systems', 'a health care system', 'the health - related health care system']"
923,"At the onset of the COVID-19 pandemic, more than 1700 children from 104 countries helped create a children’s storybook on COVID-19 that went on to reach many thousands of children around the world and to become a global success story “My Hero is You, how kids can fight COVID-19”, was produced to help children of 6-11 years learn how to protect themselves, their families and friends from the new coronavirus, and how to manage difficult emotions related to the pandemic A year after its launch, the storybook is available in more than 140 languages and has been adapted in multiple ways",more than 1700,How many children from 104 countries helped create a children's storybook on COVID-19?,"['many children', 'many years ago', 'much more than 14 years old']"
924," Creative adaptations include animations, puppet theatres, audio files and colouring books, as well as braille transcripts and sign language interpretationsToday, many children are still living with changes to their daily routines as a result of the pandemic, and having to cope with issues that impact their mental well-being Many of the issues of concern are not the same as a year ago",a year,How long ago did children have to cope with issues that affect their mental well-being?,"['a year ago only. I know', 'a year ago? a year', 'two years ago']"
925," For this reason, the Inter-Agency Standing Committee Reference Group on Mental Health and Psychosocial Support in Emergency Settings, co-chaired by the World Health Organization and the International Federation of Red Cross and Red Crescent Societies, is embarking on a sequel To ensure that the new story addresses the concerns of children during the current phase of the pandemic, we are seeking feedback from children, their parents and other caregivers and teachers through a short online questionnaire Launch of the new story is planned for the third quarter of 2021",the third quarter of 2021,When is the launch of the new story planned?,"['before the launch of the new story', 'at the beginning of the pandemic', 'the second and third years of development']"
926,Note to questionnaire respondentsWe estimate that the multiple-choice questionnaire that you can find at the links below will take 5-10 minutes to complete All responses will remain anonymous Data collected will only be used for the purposes of development of the sequel to My Hero is You and will not be provided to third parties,5-10 minutes,How long will the multiple-choice questionnaire take to complete?,[]
927, We hope you will encourage your networks to complete the questionnaire so that we can ensure that the new story is as relevant to and will be enjoyed by as many children as possible ArabicSurvey forparents and children Survey forteachersChineseSurvey for parents and children Survey for teachersEnglishSurvey for parents and children Survey for teachersFrenchSurvey for parents and children Survey for teachers HindiSurvey for parents and children Survey for teachersItalianSurvey for parents and children Survey for teachersPortugueseSurvey for parents and childrenSurvey for teachersRussianSurvey for parents and children Survey for teachersSpanishSurvey for parents and children Survey for teachersWHO Director-General Special Awards for World No Tobacco Day announced: Minister of Health India and University of Bath for exceptional achievement in tobacco control,tobacco control,What is one of the outstanding achievements of the Minister of Health India and University of Bath in World No Tobacco Day?,"['family and children', 'Parents and children survey for teachers Spanish', 'SpanishSurveyfor parents and Children']"
928,"Smokers face a 40 – 50% higher risk of developing severe disease and death from COVID-19WHO partners with Viber,WhatsApp, FB Messenger, WeChatand AI company Soul Machines to reach billions with free digital quitting tobacco aidsThe World Health Organization’s 'Commit to Quit’ tobacco campaign has made resources from its Quitting Toolkit freely available to more than a billion tobacco users, less than 5 months into the year-long campaign",less than 5 months,How long has the Quitting Toolkit been available to more than a billion tobacco users?,"['almost 5 months', 'About 4 months', 'less than 4 weeks']"
929,"WHO launched the campaign to support those millions of tobacco users who are actively taking steps to save their lives, but still need help to succeed The campaign is currently working directly with 29 focus countries Each country agreed with WHO on selected activities, including, running national awareness campaigns, releasing new digital tools, revising policies, engaging youth, training health workers, opening new cessation clinics, supporting nicotine replacement therapies through WHO partners, establishing national toll-free quit lines, making quitting courses available, and more",29,How many focus countries is WHO working directly with?,"['30', ' WHO', '32']"
930,"“Smokers have up to a 50% higher risk of developing severe disease and death from COVID-19, so quitting is best thing smokers can do to lower their risk from this coronavirus, as well as the risk of developing cancers, heart disease and respiratory illnesses,” said Dr Tedros Adhanom Ghebreyesus, WHO Director-General “We urge all countries to play their part by joining the WHO campaign and creating tobacco-free environments that give people the information, support and tools they need to quit, and quit for good”“To help tobacco users to commit to be quitters and winners, we are using digital aids to release the WHO Quit Challenge chatbot and Artificial Intelligence digital health worker Florence, and making advocacy material available in 30 languages,” added Dr Rüdiger Krech, Director Health Promotion, WHO",50%,What percentage of smokers have a higher risk of developing severe disease and death from COVID-19?,[]
931," The Quit Challenge gives daily notifications of tips and encouragement for up to 6 months to help people remain tobacco free It is available for free on WhatsApp, Viber, Facebook Messenger and WeChat Globally, roughly 39% of men and 9% of womenuse tobacco",39%,How much of men and women use tobacco?,"['8%', '4%', '20%']"
932," The highest tobacco userates among men are currently found in the Western Pacific region at 49%, and amongwomen in Europe at 19%Director-General’s Tobacco Control AwardsDr Tedros Adhanom Ghebreyesus has given special recognition awards for tobacco control to the Minister of Health and Family Welfare of India, Dr Harsh Vardhan and to the Tobacco Control Research Group at the University of Bath, UKDr Harsha Vardhan was instrumental in the 2019 national legislation that bans E-cigarettes and heated tobacco products (HTPs) in India",49%,What percentage of men use tobacco in the Western Pacific region?,[]
933," The Tobacco Control Research Group in UK has worked relentlessly to expose tobacco industry attempts and tactics to weaken, block or delay tobacco control, thereby helping secure policy change nationally and globallyNote to editors:*The campaign focus countries are:Arab Republic of EgyptDemocratic Republic of Timor-LesteFederal Democratic Republic of EthiopiaFederal Republic of GermanyFederal Republic of NigeriaFederative Republic of BrazilHashemite Kingdom of JordanIslamic Republic of IranIslamic Republic of PakistanKyrgyz RepublicPeople’s Republic of BangladeshPeople’s Republic of China,Republic of IndiaRepublic of IndonesiaRepublic of KazakhstanRepublic of KenyaRepublic of the Philippines,Republic of PolandRepublic of SenegalRepublic of South AfricaRepublic of SurinameRepublic of TurkeyRepublic of UzbekistanRepublic of the SudanRussian FederationSocialist Republic of Viet NamUnited Mexican StatesUnited States of AmericaUkraineWHO would like to thank our partners that supported the campaign: Allen Carr’s EasyWay, Amazon Web Services, Cipla, Facebook and WhatsApp, Google, Johnson & Johnson Consumer Health, Praekeltorg, Soul Machines Limited, and Viber",Tobacco Control Research Group,"What group has worked tirelessly to expose tobacco industry attempts and tactics to weaken, block or delay tobacco control?","['Arab Republic of Egypt', 'The tobacco Industry', 'Tobacco Industry']"
934,"In 1981, health officials from around the world gathered at the World Health Assembly to address aggressive marketing tactics by the infant and young child feeding industry, which was promoting formula feeding over breastfeeding and causing a dramaticincrease in infant morbidity and mortality The result was the International Code of Marketing of Breastmilk Substitutes (the Code), a landmark policy framework designed to stop commercial interests from damaging breastfeeding rates and endangeringthe health and nutrition of the world’s youngest inhabitantsIn the last four decades, there has been a 50 per cent increase in the prevalence of exclusive breastfeeding",50,How much increase in the prevalence of exclusive breastfeeding has occurred in the last four decades?,"['Because there are more mothers who give birth to babies', 'Because there is less milk at the time, there is less milk at schools', '10 %']"
935," As a result, an estimated 900 million infants globally have enjoyed the survival, growth and development benefits of exclusive breastfeedingin infancy Breastfeeding is vital to a child’s lifelong nutrition, health, and wellbeing It reduces costs for families, health facilities, and governments",900 million,"How many infants worldwide have enjoyed the survival, growth and development benefits of breastfeeding?","['917 million', '10 million infants worldwide', '10,000 million']"
936," Breastfeeding protects children from infections and saves lives It supports emotional bonding betweenmothers and babies, along with other mental health benefits Yet aggressive marketing of breastmilk substitutes continues to discourage women from breastfeeding, putting both children’s and women’s health at risk",breastfeeding,What does aggressive marketing of breastmilk substitutes discourage women from?,"['breastmil milk', 'Breast feeding', 'BreastBreast milk']"
937," The 40th anniversary of the adoption the International Code of Marketing of Breastmilk Substitutes is an opportunity to mark the significant progress made in protecting and promoting the incomparable benefits of breastfeeding, but also a reminderof the work still to be done A majority of countries have enacted legislation to implement at least some provisions of the Code But unfortunately, only 25 countries have implemented measures that are substantially aligned with the Code",25,How many countries have implemented measures that are substantially aligned with the Code?,"['40', '11', '25 - 35']"
938,"The Code remains as relevant today as it was 40 years ago Last year, some marketers of baby foods exploited the COVID-19 pandemic to promote their products by invoking unfounded fears that breastfeeding could transmit COVID-19 WHO and UNICEF guidanceis clear: mothers suspected or known to have COVID-19 should continue breastfeeding",40 years ago,How long ago was the COVID-19 pandemic?,[]
939," On the 40th anniversary of the Code, UNICEF and WHO call on governments, health workers, and the baby food industry to fully implement and abide by the Code requirements: Governments must enact and enforce legislation to prevent commercial interests from undermining breastfeeding, optimal infant and young child feeding, and the health of children and women, including during pregnancy and breastfeedingHealth workers must protect, promote and support breastfeeding; they must not accept sponsorship from companies that market foods for infants and young children for scholarships, awards, grants, meetings, or eventsThe infant and young child feeding industry must publicly commit to full compliance, globally, with the International Code of Marketing of Breastmilk Substitutes and subsequent relevant World Health Assembly resolutions",UNICEF and WHO,"Who call on governments, health workers and the baby food industry on the 40th anniversary of the Code?","['Developed countries and the baby food industry. [ : Zxxk. Com ]', 'The baby food industry', 'Both governments and the baby food industry']"
940," Together, we must take the 40th anniversary milestone as an opportunity to celebrate the progress made in promoting and supporting breastfeeding and call to boldly protect breastfeeding as the best start in life, for every child ##For further information, please contact:Helen Wylie, UNICEF New York, Tel: +1 917 244 2215, hwylie@uniceforgPippaHaughton, WHO Geneva, Tel: +41 794466331, haughtonp@who",haughtonp,Who is the name of the person who is a member of WHO?,"['Helen Wylie', 'Hangtonp', 'helen Wyle, UNiceF']"
941,"int or mediainquiries@whointAbout UNICEFUNICEF works in some of the world’s toughest places, to reach the world’s most disadvantaged children Across more than 190 countries and territories, we work for every child, everywhere, to build a better world for everyone",190,How many countries and territories does UNICEF work to reach the world's most disadvantaged children?,"['200', '200 - meet areas in the world', ""200 to find the world's most disadvantaged children""]"
942," For more information about UNICEF and its work for children visit wwworg Follow UNICEF onTwitter,Facebook,InstagramandYouTubeAbout WHOThe World Health Organization provides global leadership in public health within the United Nations system Founded in 1948, WHO works with194 Member States, across six regions and from149offices,to promote health, keep the worldsafe and serve the vulnerable","to promote health, keep the worldsafe and serve the vulnerable",WHO works with how many Member States in the United Nations?,"['to help poor countries', 'to care for children, especially children', 'to help the rich and the poor']"
943," Our goal for 2019-2023 is to ensure that a billion more people have universal health coverage, to protect a billion more people from health emergencies, and provide a further billion people with better health and wellbeingFor updates on COVID-19 and public health advice to protect yourself from coronavirus,visitwwwintand follow WHO onTwitter,Facebook,Instagram,LinkedIn,TikTok, Pinterest,Snapchat,YouTube, Twitch",coronavirus,What does COVID-19 protect yourself from?,"['health emergencies', ' Health emergencies', 'crocodirus']"
944," Around the world, consumption of processed food is a rapidly increasing source of sodium Confusingly, similar processed food products often contain different amounts of sodium in different countries WHO’s harmonized global benchmarks will show countries how they can progressively lower their targets, based on their local food environments, and encourage industry to lower the sodium content in processed foods accordingly and advance toward the WHO goal of 30% reduction in global salt/sodium intake by 2025",30% reduction in global salt/sodium intake,What is the WHO goal of reducing sodium content in processed foods by 2025?,"['20% reduction to global salt intake by 2025', '30 % to 50 % increase in total salt/s salt', '30 % of the difference in the amount of salt andsikes']"
945,"“Most people don’t know how much sodium they consume, or the risks it poses,” said Dr Tedros Adhanom Ghebreyesus, WHO Director-General “We need countries to establish policies to reduce salt intake and provide people with the information they need to make the right food choices We also need the food and beverage industry to cut sodium levels in processed foods",sodium levels,What does the food and beverage industry need to cut in processed foods?,"['sodium level', 'salty food', 'sodium levels of high']"
946," WHO’s new benchmarks give countries and industry a starting point to review and establish policies to transform the food environment and save lives” The WHO Global Sodium Benchmarks target a wide range of categories of processed and packaged food products that significantly contribute to overly salty diets Processed and packaged bread, savoury snacks, meat products and cheese are among the categories of high-sodium food products identified for the new global benchmarks",Sodium Benchmarks,What is the name of the WHO Global Benchmark?,"['Packed Food Products', 'Packed and packaged Food products', 'High -s salty food']"
947," “Access to affordable, healthy foods is critically important for all people in every country,” said Dr Tom Frieden, President and CEO of Resolve to Save Lives, an Initiative of Vital Strategies “These global benchmarks are an important first step As consumer tastes adjust and technology advances, country governments and the WHO can steadily reduce them over time until population sodium reduction goals have been met",sodium reduction goals,What is the goal of the WHO to reduce the population?,"['salty food sales', 'salty foods', 'dream of lower food prices']"
948," When we reduce sodium gradually, our food will still taste great, and only our hearts will know the difference!” These new benchmarks are launching during a decisive year for food and nutrition policy The United Nations Food Systems Summit in September and the Nutrition for Growth Summit in December will convene a wide range of stakeholders to transform food systems by providing opportunities for national, regional and global efforts to improve the food environment and make commitments including to limit the sodium content in processed foods ###About the World Health Organization The World Health Organization provides global leadership in public health within the United Nations system",The World Health Organization,What organization provides global leadership in public health within the United Nations system?,"['The Food for growth Summit', 'The United Nations Food Systems Summit', 'The Food System']"
949," Founded in 1948, WHO works with 194 Member States, across six regions and from 149 offices, to promote health, keep the world safe and serve the vulnerable Our goal for 2019-2023 is to ensure that a billion more people have universal health coverage, to protect a billion more people from health emergencies, and provide a further billion people with better health and wellbeing For updates on COVID-19 and public health advice to protect yourself from coronavirus, visit www",www,Where can you find updates on COVID-19 and public health advice to protect yourself from coronavirus?,"['Useful information', 'www. WHO.', 'public health advice']"
950,"int and follow WHO on Twitter, Facebook, Instagram, LinkedIn, TikTok, Pinterest, Snapchat, YouTube, Twitch About Resolve to Save Lives Resolve to Save Lives is an initiative of the global health organization Vital Strategies focused on preventing 100 million deaths from heart disease and making the world safer from epidemics Tom Frieden, former director of the US Centers for Disease Control and Prevention To find out more visit: https://www",WHO,"Who is the name of the organization that int and follow on Twitter, Facebook, Instagram, LinkedIn, TikTok, Pinterest, Snapchat, YouTube","['Facebook', 'Social networking website, Facebook, Twitter, YouTube', 'Social networking websites']"
951,org or Twitter @ResolveTSL About Vital Strategies Vital Strategies is a global health organization that believes every person should be protected by a strong public health system We work with governments and civil society in 73 countries to design and implement evidence-based strategies that tackle their most pressing public health problems Our goal is to see governments adopt promising interventions at scale as rapidly as possible,73,How many countries do governments and civil society work with to design and implement evidence-based strategies that tackle their most pressing public health problems?,"['71', '66 countries', '66 - 64']"
952," To find out more, please visit wwworg or Twitter @VitalStratWhile immunization services have started to recover from disruptions caused by COVID-19, millions of children remain vulnerable to deadly diseases, the World Health Organization (WHO), UNICEF and Gavi, the Vaccine Alliance warned today during World Immunization Week, highlighting the urgent need for a renewed global commitment to improve vaccination access and uptake",World Immunization Week,When did the Vaccine Alliance warn about the need for a renewed commitment to improve vaccination access?,"['World Health Organization', 'Vaccine access', 'International Health Organization ( WHO )']"
953,"“Vaccines will help us end the COVID-19 pandemic but only if we ensure fair access for all countries, and build strong systems to deliver them,” said Dr Tedros Adhanom Ghebreyesus, WHO’s Director-General “And if we’re to avoid multiple outbreaks of life-threatening diseases like measles, yellow fever and diphtheria, we must ensure routine vaccination services are protected in every country in the world”A WHO survey has found that, despite progress when compared to the situation in 2020, more than one third of respondent countries (37%) still report experiencing disruptions to their routine immunization services",more than one third,What percentage of respondent countries report experiencing disruptions to their routine vaccination services?,"['More than one third ofresponder countries', 'about one third', 'Fewer than half of them']"
954," Mass immunization campaigns are also disrupted According to new data, 60 of these lifesaving campaigns are currently postponed in 50 countries, putting around 228 million people - mostly children - at risk for diseases such as measles, yellow fever and polio Over half of the 50 affected countries are in Africa, highlighting protracted inequities in people’s access to critical immunization services",60,How many lifesaving immunization campaigns are currently postponed in 50 countries?,"['50 countries', 'The number of those who are suffering from the disease.', '80']"
955,"Campaigns to immunize against measles, which is one of the most contagious diseases and can result in large outbreaks wherever people are unvaccinated, are the most impacted Measles campaigns account for 23 of the postponed campaigns, affecting an estimated 140 million people Many have now been delayed for over a year",over a year,How long have many campaigns been delayed?,"['Over one period', 'about one and a half years ago', 'about one - year ago']"
956," “Even before the pandemic, there were worrying signs that we were beginning to lose ground in the fight against preventable child illness, with 20 million children already missing out on critical vaccinations,” said Henrietta Fore, UNICEF Executive Director “The pandemic has made a bad situation worse, causing millions more children to go unimmunized Now that vaccines are at the forefront of everyone’s minds, we must sustain this energy to help every child catch up on their measles, polio and other vaccines",20 million,How many children were missing out on critical vaccinations before the pandemic?,"['15 million', '4 million', '15,000']"
957," We have no time to waste Lost ground means lost lives”As a result of gaps in vaccination coverage, serious measles outbreaks have recently been reported in countries including the Democratic Republic of the Congo, Pakistan and Yemen,while likely to occur elsewhere as growing numbers of children miss out on lifesaving vaccines, the agencies warn",measles outbreaks,"What type of outbreaks have recently been reported in the Democratic Republic of the Congo, Pakistan and Yemen?","['diseasesBirthplace', ' Measles outbreaks', 'measurable illnesses']"
958," These outbreaks are happening in places already grappling with conflict situations as well as service disruptions due to ongoing response measures to COVID-19The supply of vaccines and other equipment is also essential for child vaccinations Due to disruptions at the onset of the COVID -19 pandemic, UNICEF delivered2",UNICEF,Who delivered vaccines and other equipment?,"['Who delivered vaccines to the children?', 'Who delivered the vaccine and other equipment', 'Who supply the vaccines and other equipment to child?']"
959," To do this, we need to work together – across development agencies, governments and civil society – to ensure that no child is left behind” New global immunization strategy aims to save over 50 million lives To help tackle these challenges and support the recovery from the COVID-19 pandemic, WHO UNICEF, Gavi and other partners today launched the Immunization Agenda 2030 (IA2030), an ambitious new global strategy to maximize the lifesaving impact of vaccines through stronger immunization systems The Agenda focuses on vaccination throughout life, from infancy through to adolescence and older age",vaccination,What is the focus of the IA2030?,"['AIDS', 'promotion of global vaccines', 'the global polioization']"
960," If fully implemented, it will avert an estimated 50 million deaths, according to WHO - 75% of them in low- and lower-middle income countries Targets to be achieved by 2030 include: Achieve 90% coverage for essential vaccines given in childhood and adolescenceHalve the number of children completely missing out on vaccinesComplete 500 national or subnational introductions of new or under-utilized vaccines - such as those for COVID-19, rotavirus, or human papillomavirus (HPV)Urgent action needed from all immunization stakeholdersTo achieve IA2030’s ambitious goals, WHO, UNICEF, Gavi and partners are calling for bold action: World leaders and the global health and development community should make explicit commitments to IA2030 and invest in stronger immunization systems, with tailored approaches for fragile and conflict-affected countries Immunization is a vital element of an effective health care system, central to pandemic preparedness and response, and key to preventing the burden of multiple epidemics as societies reopen All countries should develop and implement ambitious national immunization plans that align with the IA2030 framework, and increase investments to make immunization services accessible to allDonors and governments should increase investments in vaccine research and innovation, development, and delivery, focused on the needs of underserved populationsThe pharmaceutical industry and scientists, working with governments and funders, should continue to accelerate vaccine R&D, ensure a continuous supply of affordable vaccines to meet global needs, and apply lessons from COVID-19 to other diseases###Notes to editorsPhotos and b-roll are available for download here",50 million,How many deaths are there in low- and lower-middle income countries?,"['50 % of them in low - and - middle income countries', '100 million', '100 % of the children who are missing out on vaccines']"
961,"World Immunization Week 2021 takes place in the last week of April (April 24th-30th) to celebrate the lifesaving benefits of vaccines This year’s theme, ‘Vaccines bring us closer,’ aims to show how vaccination connects us to the people, goals and moments that matter, helping improve the health of everyone, everywhere throughout life The World Health Organizationprovides global leadership in public health within the United Nations system",World Immunization Week 2021,What event celebrates the lifesaving benefits of vaccines?,"['World Health Organization', 'Vaccines bring us closer', 'World Global Health organization']"
962," Founded in 1948, WHO works with194 Member States, across six regions and from more than 150 offices,to promote health, keep the world safe and serve the vulnerable Our goal for 2019-2023 is to ensure that a billion more people have universal health coverage, to protect a billion more people from health emergencies, and provide a further billion people with better health and wellbeingUNICEFworks in some of the world’s toughest places, to reach the world’s most disadvantaged children",to reach the world’s most disadvantaged children,What does UNICEF work with in some of the world's toughest places?,"['to protect a lot of people from health emergencies', 'to help a billion more people with health problems', 'to make the healthiest place in the world']"
963," Across 190 countries and territories, we work for every child, everywhere, to build a better world for everyone For more information about UNICEF and its work for children, visitwww For more information about COVID-19, visitwww",190,How many countries and territories does UNICEF work for every child?,"['50', '20', 'The countries and territories']"
964," Follow UNICEF onTwitterandFacebook More information on UNICEF’s Immunization programme, availablehere Visit the Vaccines for Alllanding page that brings together the latest trustworthy information on COVID-19 vaccines and routine immunization",Vaccines for Alllanding,What page contains the latest information on COVID-19 vaccines and routine immunization?,"[' UNiceF on TwitterandFacebook', 'The vaccines for Everyonelanding', 'The vaccine -19 vaccine and routine immuneization']"
965,"Gavi, the Vaccine Alliance is a public-private partnership that helps vaccinate half the world’s children against some of the world’s deadliest diseases Since its inception in 2000, Gavi has helped to immunize a whole generation – over 822 million children – and prevented more than 14 million deaths, helping to halve child mortality in 73 lower-income countries Gavi also plays a key role in improving global health security by supporting health systems as well as funding global stockpiles for Ebola, cholera, meningitis and yellow fever vaccines",Vaccine Alliance,What is Gavi?,"['Gavade', ""Gavate's Information"", 'Gavio']"
966," Gavi is a co-convener of COVAX, the vaccines pillar of the Access to COVID-19 Tools (ACT) Accelerator, together with the Coalition for Epidemic Preparedness Innovations (CEPI) and the World Health Organization (WHO)org and connect with us on Facebook and TwitterTheseventh meeting of the Emergency Committee convened by the WHO Director-General under the International Health Regulations (2005) (IHR) regarding the coronavirus disease (COVID-19) took place onThursday, 15 April 2021 from 12:00to16:30 Geneva time (CEST)",COVAX,What is the vaccines pillar of the Access to COVID-19 Tools Accelerator?,"[' COUV', 'Vitamin - 19', 'G VI']"
967," Proceedings of the meetingMembers and Advisors of the Emergency Committeewere convened by videoconference The Director-General welcomed the Committee, expressed concern over the continued rise in cases and deaths, and the need to scale up the global vaccination efforts He thanked the committee for their continued support and advice",the need to scale up the global vaccination efforts,What did the Director-General thank the Committee for their continued support and advice?,"['the cause of the rise in cases and deaths of the world', 'The need to keep the level of cases and death for the whole world.', 'the continued rise in cases and deaths']"
968," Representatives of the Office of Legal Counsel (LEG) and the Department of Compliance, Risk Management, and Ethics (CRE) briefed the members on their roles and responsibilities The Ethics Officer from CRE provided the Members and Advisers with an overview of the WHO Declaration of Interest process The Members and Advisers were made aware of their individual responsibility to disclose to WHO, in a timely manner, any interests of a personal, professional, financial, intellectual or commercial nature that may give rise to a perceived or direct conflict of interest","the Department of Compliance, Risk Management, and Ethics",Who briefed the members on their roles and responsibilities?,"['the Office of lawyers andancers', 'The Office of professional, financial, intellectual or commercial nature', 'The members and officers of the Organization ofools, risk Management, and ethics']"
969," The Secretariat turned the meeting over to the Chair, Professor Didier HoussinProfessor Houssin also expressed concern over the current trends with the COVID-19 pandemic and reviewed the objectives and agenda of the meetingThe Secretariat presented on the following topics and responded to questions from the Committee",the Committee,Who did the Secretariat respond to questions about the COVID-19 pandemic?,"['Who was the leader of the Secret Office?', 'The Secretarians.', 'the Secretaries of the meeting']"
970," Progress made on WHO’s implementation of the 15 January 2021 advice to the Secretariat; Recent global and regional epidemiological trends, the tracking, monitoring and assessment process for SARS-CoV-2 variants, updates on the mission to understand SARS-CoV-2 origins, and the actions that WHO is taking to ensure a coordinated response to the COVID-19 pandemic; Global COVID-19 vaccine rollout and equity, the impact of vaccines on asymptotic infection and transmission, and vaccine performance against variants of concern (VOC); WHO’s assessment of the impact of SARS-CoV-2 variants of concern on public health interventions; and An overview of WHO actions related to health measures in relation to international traffic The Committee thanked the Secretariat for the quality of the presentations made and unanimously agreed that the COVID-19 pandemic still constitutes an extraordinary event that continues to adversely affect the health of populations around the world, pose a risk of international spread and interference with international traffic, and to require a coordinated international response As such, the Committee concurred that the COVID-19 pandemic remains a public health emergency of international concern (PHEIC) and offered advice to the Director-General",the Director-General,Who did the Committee offer advice on the COVID-19 pandemic?,"[' WHO', 'the members of the Board', 'a health expert']"
971," The Committee congratulated the mission team and the report from the WHO-convened Global Study of Origins of SARS-CoV-2 and encouraged implementation of the recommendations published in the Mission report The Committee remains concerned that the world will not exit the pandemic unless, and until, all countries have access to appropriate supplies of diagnostics, treatments and vaccines, irrespective of their ability to pay and the capacity and financial resources to rapidly and effectively vaccinate their populations Inequities within and among all countries is slowing the return to normal social and economic life",Inequities within and among all countries is slowing the return to normal social and economic life,What is slowing the return to normal social and economic life?,"['Why the world has not access to necessary supplies of drugs', 'What is causing people to return to normal health and economic Life', 'Why the world is not returning to normal social and economic life']"
972, The Committee provided the following advice to the Director-General accordingly The Director-General determined that the COVID-19 pandemic continues to constitute a PHEIC He accepted the advice of the Committee to WHO and issued the Committee’s advice to States Parties as Temporary Recommendations under the IHR,the COVID-19 pandemic continues to constitute a PHEIC,What did the Director-General determine was a PHEIC?,"['the PHEIC is accepted by the Director-General', 'the director-General decided to accept the advice of the WHO', 'the CODA -19 pandemic is not a PHEcot even enjoysienidding legsings rather of the IPC']"
973,"The Emergency Committee will be reconvened within three months or earlier,at the discretion of the Director-GeneralThe Director-General thanked the Committee for its workAdvice to the WHO SecretariatCOVID-19 Vaccination Promote global solidarity and equitable vaccine access by encouraging States Parties and manufacturers to support the COVAX Facility, including by sharing vaccine doses, and to conduct technology transfer for local production of COVID-19 vaccines and ancillary supplies, including in low- and middle-income countries with scalable capacities",three months or earlier,How long will the Emergency Committee be reconvened?,"['two months or later', 'Three months or higher', 'three years or four']"
974," Accelerate evaluation of COVID-19 vaccine candidates, encourage regulatory agencies to use reliance mechanisms, and support States Parties in strengthening their regulatory agencies to facilitate supply of vaccines with assured quality, efficacy, and safety Mobilize technical assistance and financial support to States Parties with insufficient capacity and financial resources for vaccine introduction and roll out Encourage States Parties to prioritize vaccination of high-risk groups as identified in the Strategic Advisory Group of Experts in Immunization (SAGE) roadmap",COVID-19,What type of vaccine candidates should be evaluated?,"[' vaccine candidates', "" States Parties'vaccine candidates"", 'atorate the candidates']"
975," Continue to closely monitor potential vaccine safety signals globally, disseminate timely reports on adverse events following immunization (AEFI), and provide regular SAGE interim recommendations to inform timely national decision-making on the use of COVID-19 vaccines Continuously collect and share best practices and lessons learned from COVID-19 vaccination, to guide national, regional, and global decision-making Strengthen WHO and support strengthening of States Parties’ capacities to prevent, detect and respond to the growing threat of substandard and falsified vaccines",WHO,"What organization supports strengthening of States Parties' capacities to prevent, detect and respond to the growing threat of substandard and falsified vaccines?","['UNC', ' States Parties', 'National decision- making']"
976," SARS-CoV-2 Variants Support States Parties to strengthen their epidemiological and virologic surveillance as part of a comprehensive strategy to control COVID-19 Provide clear guidance to States Parties for sequencing to monitor virus evolution and encourage broader geographic representative of genetic testing, rapid sharing of sequences, and meta-data with WHO and publicly available platforms This will strengthen SARS-CoV-2 evolution monitoring, increase global understanding of variants, and inform decision-making for public health and social measures, diagnostics, therapeutics and vaccines",SARS-CoV-2,What will help States Parties to strengthen their epidemiological and virologic surveillance as part of a comprehensive strategy to control COVID-19?,"['China', 'SARS - coV -1 and COide-19', 'SARS - CoV -2 failure collectionist evidence-4-5']"
977," Strengthen the WHO SARS-CoV-2 risk monitoring and assessment framework for variants by accelerating collaboration, harmonizing research to answer critical unknowns about mutations and VOC, and prioritizing issues most relevant for vaccine development, regulatory authorization, and policy formulation, through relevant networks and expert groups such as WHO SARS-CoV-2 Virus Evolution Working Group, WHO Research and Development Blueprint for Epidemics Work with States Parties to conduct in-depth analyses into the factors contributing to the current surge of cases and deaths, including the potential role of SARS-CoV-2 variants Health Measures in Relation to International TrafficUpdate the WHO December 2020 risk-based guidance for reducing SARS-CoV-2 transmission related to international travel (by air, land, and sea) based on current science and best practices that include clear recommendations for testing approaches and traveler quarantine duration, as appropriate",WHO SARS-CoV-2 risk monitoring and assessment framework,"What does the WHO Strengthen for variants by accelerating collaboration, harmonizing research to answer critical unknowns about mutations and VOC?","[' WHO research and developmentblue for pandemics', 'What we can do with SARS-CoV-2', ""What is known about China's health?""]"
978," Incorporate an ethical framework into the updated guidance to guide national decision making The guidance should take into consideration COVID-19 vaccination roll out, immunity conferred by past infection, risk settings, movements of migrants, temporary workers, and purpose of travel (non-essential versus essential)Continue to coordinate with relevant stakeholders in the fields of international travel and transport, including ICAO, UNWTO, and IATA, for the regular review, updating, and dissemination of evidence-based guidance on travel-related risk reduction measures",COVID-19,What is the name of the vaccination roll out?,"['Vaccine roll out', 'Vaccinating people', 'accurate vaccination']"
979,"Continue to update the WHO interim position on the considerations regarding requirements of proof of vaccination and to produce interim guidance and tools related to standardization of paper and digital documentation of COVID-19 travel-related risk reduction measures (vaccination status, SARS-COV-2 testing and COVID-19 recovery status) in the context of international travel Continue to work with States Parties and partners to enable essential travel and repatriation and to facilitate the movement of goods to prevent delays in access to aid and essential supplies Continue to encourage vaccination of seafarers and air crews in line with the Joint statement on prioritization of COVID-19 vaccination for seafarers and aircrew",WHO,Who updated the interim position on the considerations of proof of vaccination?,"['who first made comments on the matters of proof of vaccination.', 'Who made the first move to make improvements in the acting of the WHO', ""The World's Organization for travelling.""]"
980,"  Origin of SARS-CoV-2 Proceed with rapid implementation of the recommendations in the WHO-convened Global Study of Origins of SARS-CoV-2 report as part of the phase two studies Encourage research into the genetic evolution of the SARS-CoV-2 virus One Health Promote One Health approaches to better understand and reduce the risk of spill-over of emerging infections from animal to human populations and from humans to animals, including from domestic animals",One Health Promote One Health,What approach does the WHO encourage research into the genetic evolution of the SARS-CoV-2 virus?,"['study of Origins of SARS- Co V-2', 'A New Study of SARS-Co-2-2 virus', 'SARS-CoV-2 is a serious virus']"
981," Work with partners to develop and disseminate joint risk-based guidance for regulation of wet markets and farms to reduce transmission of novel pathogens from humans to animals and vice-versa Risk Communications, Community Engagement, and Risk Management Provide communications materials and guidance to explain to communities the continued need for a sustained pandemic response; document and provide messaging to respond to pandemic fatigue Provide the public with communication materials that outline the relative benefits and risks of vaccinations and therapeutics, explain the need for the continuation of public health and social measures, and dispel misinformation",dispel misinformation,What do communication materials do to the public?,"['understand public health and social measures', 'provide messaging materials', 'provide public with information']"
982,"Assist States Parties in providing their populations with credible and current information to guide national decision-making by analyzing the latest scientific evidence, sharing evidence-based good practices and experiences, and providing tools and strategies for engaging and understanding community concernsTemporary Recommendations to States PartiesCOVID-19 VaccinationContribute to global solidarity efforts to increase equitable access to COVID-19 vaccines and ancillary supplies by supporting the COVAX Facility and engaging in technology transfer, where feasible Reduce national and global inequities by ensuring vulnerable populations’ access to COVID-19 vaccines and by prioritizing vaccination of high-risk groups in line with the SAGE Roadmap",SAGE Roadmap,What document prioritizes vaccination of high-risk groups?,"['Assist States Parties', ' COUV-19 vaccine', 'Vaccination']"
983," In light of currently limited global supply, prioritized vaccination can ensure vaccine supply is available for all countries Enhance capacity for COVID-19 vaccination by using the guidance, tools, and trainings for national/subnational focal points and health workers available in the COVID-19 vaccine introduction toolkit Incorporate, as necessary and appropriate, the private sector into the COVID-19 vaccine planning and introduction to supplement existing service provision and vaccination capacity",the private sector,Who is included in the COVID-19 vaccine planning and introduction to supplement existing service provision and vaccination capacity?,"['the health workers', 'the national orsub national focal points', 'the national/Sub national focal points and health workers']"
984," Share with WHO data and key insights on COVID-19 vaccine uptake and acceptance, wherever possible, and provide the public with credible information on vaccine safety and the benefits of vaccination to address concerns Strengthen national vaccine pharmacovigilance systems to identify, report, and respond to vaccine safety signals SARS-CoV-2 Variants Strengthen epidemiological and virologic surveillance as part of a comprehensive strategy to control COVID-19 and leverage existing systems such as the Global Influenza Surveillance and Response System (GISRS) and relevant networks for systematic sharing of data and specimens",WHO,Who share data and key insights on COVID-19 vaccine uptake and acceptance with?,"['who share data and key insights on COUV-19 vaccine care with', 'Who share data on vaccine safety and acceptance', ' Strengthen']"
985,"Share sequences and meta-data with WHO and publicly available platforms to strengthen SARS-CoV-2 evolution monitoring, increase global understanding of variants, and inform decision-making for public health and social measures, diagnostics, therapeutics and vaccines Virus sharing, including sharing of VOC, should be undertaken to facilitate evaluation of vaccines against VOC using internationally standardized assaysHealth measures in relation to international traffic Do not require proof of vaccination as a condition of entry, given the limited (although growing) evidence about the performance of vaccines in reducing transmission and the persistent inequity in the global vaccine distribution",VOC,What type of Virus should be shared to facilitate evaluation of vaccines against VOC using internationally standardized assays?,"['Vaccine', 'Vocabulary against VOC', 'VARS']"
986," States Parties are strongly encouraged to acknowledge the potential for requirements of proof of vaccination to deepen inequities and promote differential freedom of movement Prioritize vaccination for seafarers and air crews in line with the Joint statement on prioritization of COVID-19 vaccination for seafarers and aircrew Special attention should be paid to seafarers who are stranded at sea and who are stopped from crossing international borders for crew change due to travel restrictions, including requirements for proof of COVID-19 vaccination, to ensure that their human rights are respected",their human rights,What do seafarers want to respect?,"[' proof of vaccination', 'the requirements for proof of vaccination -', ' proof of phrase - awareness vaccination and proof of vaccination']"
987,"Implement coordinated, time-limited, risk-based, and evidence-based approaches for health measures in relation to international traffic in line with WHO guidance and IHR provisions If States Parties implement quarantine measures for international travelers on arrival at their destination, these measures should be based on risk assessments and consider local circumstancesReduce the financial burden on international travelers for the measures applied to them for the protection of public health (e",health measures,"What should be coordinated, time-limited, risk-based, and evidence-based approaches for in relation to international traffic?","['travel control measures', 'Time- limited measures', 'time limit']"
988,"Conduct risk-based monitoring of animal populations to reduce disease transmission from animals to humans Monitoring efforts should prioritize potential high-risk animal populations that may become reservoirs or lead to emergence of novel viruses or variantsOrigins of SARS-CoV-2 Support global research efforts to better understand critical unknowns about SARS-CoV-2 including the origin of the virus as well as specific mutations, variants, and genetic factors associated with severe disease",risk-based monitoring of animal populations,What should be done to reduce disease transmission from animals to humans?,"['dogs and humans', 'diseases spread from animals to humans', 'coulder and more serious disease']"
989,"Risk Communications, Community Engagement and Risk ManagementCommunicate about COVID-19 vaccinations clearly and consistently, including on the benefit-risk of vaccination and on potential AEFI It should be clearly communicated that no vaccination is 100% effective and that risk of disease, especially severe disease, is significantly reduced but not eliminated Consequently, public health and social measures are still critically needed to prevent infections and control transmission of SARS-CoV-2 while vaccination supplies increase and coverage grows",COVID-19,"What type of vaccinations do Risk Communications, Community Engagement and Risk ManagementCommunicate about?","['SARS-CoV-2', 'Risk communications and Community Eng engagement', 'Risk communication, Community Engvention and risk Management']"
990,"In addition, the following previous recommendations are extended as advised by the CommitteeExtension and Updates of Previous Advice to the WHO Secretariat: Essential Health Services and Strengthening Health Systems: Work with partners to support States Parties in strengthening their essential health services, with a particular focus on mental health, public health prevention and control systems, and other societal impacts, as well as preparing for and responding to concurrent outbreaks, such as seasonal influenza Special attention should continue to be provided to vulnerable settings",Special attention,What should continue to be provided to vulnerable settings?,"['Prevention and control systems', 'All the health services', 'All the sensitive settings.']"
991,"Provide strategic insight on how States Parties can strengthen and sustain their public health infrastructure, capacities, and functions developed for COVID-19 response to support strengthened health systems, emergency preparedness, and universal health coverage in the long-termExtension and Updates of Previous Temporary Recommendations to States Parties: Essential Health Services and Strengthening Health Services: Maintain essential health services with sufficient funding, supplies, and human resources; strengthen health systems to cope with mental health impacts of the pandemic, concurrent disease outbreaks, and other emergenciesContinue to strengthen public health infrastructure, system capacities, and functions for COVID-19 response, build health systems that can meet health security demands, and to enhance universal health coverage","strengthen and sustain their public health infrastructure, capacities, and functions developed for COVID-19 response","What can States Parties do to support strengthened health systems, emergency preparedness, and universal health coverage?","['build health systems that can meet health security demands', 'Strengthen their public health Centre, capacity, and functions', 'strengthen their public health services']"
992,"The Greta Thunberg Foundation to donate 100 000 Euros to support vaccine equityMs Thunberg urges countries and manufacturers to boost and share COVID-19 vaccine supplies so everyone everywhere can be vaccinatedGreta Thunberg, the climate and environment activist, will donate 100,000 Euros (US$ 120 000) via her foundation, to the WHO Foundation, in support of COVAX to purchase COVID-19 vaccines, as part of the global effort to ensure equitable access of vaccines to the most at-risk in all countries, including health workers, older people and those with underlying conditions The donation has been made possible thanks to awards that the Greta Thunberg Foundation hasreceived for her advocacy in support of action on climate changeMs Thunberg, who today will join the World Health Organization’s COVID-19 press conference (details below) said: “The international community must do more to address the tragedy that is vaccine inequity",100 000 Euros,How much does the Greta Thunberg Foundation donate to support vaccine equity?,[]
993," We have the means at our disposal to correct the great imbalance that exists around the world today in the fight against COVID-19 Just as with the climate crisis, we must help those who are the most vulnerable first That is why I am supporting WHO, Gavi and all involved in the COVAX initiative, which I believe offers the best path forward to ensure true vaccine equity and a way out of the pandemic",COVAX initiative,"What is the name of the initiative that I support WHO, Gavi and all involved in?","['Obama government action', ' WHO, G tsunami and all involved in this effort', ' WHO, Gavage and others']"
994,"”On average, 1 in 4 people in high-income countries have received a coronavirus vaccine, compared with just 1 in more than 500 in low-income countriesWHO Director-General Dr Tedros Adhanom Ghebreyesus thanked Greta Thunberg for her advocacy in support of vaccine equity and the example she has set, through the Greta Thunberg Foundation, for making this life-saving donation to COVAX“Greta Thunberg has inspired millions of people worldwide to take action to address the climate crisis, and her strong support of vaccine equity to fight the COVID-19 pandemic yet again demonstrates her commitment to making our world a healthier, safer and fairer place for all people,” said Dr Tedros",1 in 4,How many people in high-income countries have received a coronavirus vaccine?,"['1 in 3.', '2 in 4 people', '3 in 4 in low - income countries']"
995," “I urge the global community to follow Greta’s example and do what they can, in support of COVAX, to protect the world’s most vulnerable people from this pandemic” Anil Soni, chief executive officer of the WHO Foundation, applauded the donation by the Greta Thunberg Foundation as an important signal to policymakers that there is widespread support from young people around the world for a global response to this global challenge “Greta’s gift shows how we, as a global community, must come together to ensure that everyone, everywhere has access to COVID-19 vaccines",COVAX,What is the name of the vaccine that the WHO Foundation gave to the global community?,"[""Greta's gift"", 'Thereta Thunberg Foundation', ""Greea's example""]"
996," Each of us can do our part,” said Mr Soni “The WHO Foundation is committed to working hand in hand with all those who share this vision” The WHO Foundation is mobilizing resources to support COVAX, in part through a new fundraising campaign being launched at the end of April",the end of April,When is the new fundraising campaign launched?,"['as early as of April', 'before the end or after', 'at the end']"
997,"-----------------------------Editors notes:Greta Thunberg will join the WHO COVID-19 press conference later today, Monday 19 April, at 5pm Central European Summer Time She will be joined by WHO Director-General, Dr Tedros, and youth activists from the Global Youth Mobilization initiativeJournalists can follow the press conference on WHO’s social media channels or connect using the following details: By Zoom:https://who-e",who-e,What is Zoom's name?,"[""What's zoom's name?"", 'What is zoom', 'Zoom']"
998,"us/j/97576439142 Password: VPCyouth21By phone: Webinar ID975 7643 9142; Numeric passcode for phone: 4662611775; International numbershttps://who-eus/u/aczVepLgsXAbout Greta Thunberg: Greta Thunberg (born 2003) is a climate and environmental activist from Sweden In 2018, she started a global school strike movement to protest against governments’ inaction on the climate crisis",2018,When did Greta Thunberg start a global school strike movement?,"['global school strike movement', 'Climate and environmental activists', 'GinaaThunberg']"
999," It aims to support donors, scientists, experts, implementing partners, and advocates around the world in rapidly finding new and better solutions to the most pressing global health challenges of today and tomorrowThe Foundation targets evidence-based initiatives that support WHO in delivering Sustainable Development Goal (SDG) 3 (To ensure healthy lives and promote well-being for all) It is focused on reducing health risks, averting pandemics, better managing diseases, and creating stronger health systems","reducing health risks, averting pandemics, better managing diseases, and creating stronger health systems",What is the focus of the Sustainable Development Goal?,"['improving health and environment', 'preventing pandemics, and creating stronger health systems', 'suring health and health']"
