,context,answer,question,distractor
1000," It tackles these areas by building awareness and supporting its partners, including WHO, so that every life is invested in and the world is ready for any health emergency that may arise Together we have so much to achieveMore information:wwwfoundationAbout WHO:The World Health Organization provides global leadership in public health within the United Nations system",WHO,What is the name of the organization that supports its partners?,"['Join WHO for help', 'The World Health Organization', "" WHO's duty""]"
1001,"The “Livingwith the Times” toolkit contains illustrated posters with key messages forolder adults on how to maintain their well-being during the COVID-19 pandemic,while supporting those around them at the same time Thanks to their uniquedesign, the posters require minimal reading skills, are culturally diverse andaim to engage older adults in conversations and activities, rather than simplyshare information The toolkit also includes instructions for facilitators ofmental health and psychosocial support (MHPSS) on how to conduct guidedconversations with older adults using these posters",guidedconversations,What do facilitators of mental health and psychosocial support do with older adults?,"['helpfulconversations', ""an adult's health"", 'adults']"
1002," Posters and facilitatorinstructions were designed in a way that each can be used alone or incombination, as a complete toolkitThe “Living with the times” toolkit is trulyunique For the first time, the Inter-Agency Standing Committee (IASC) ReferenceGroup on Mental Health and Psychosocial Support (MHPSS) in Emergency Settings (IASCMHPSS RG) in a unique collaboration with experts from differentdisciplines, including dementia, MHPSS in humanitarian settings, and ageing anddisability, developed a resource specifically targeting the needs of older adults",Posters and facilitatorinstructions,What were designed in a way that each can be used alone or incombination?,"['Posters,participatorinstructions and the toolkit', ' Posters andineseinstructions', 'The ""Living with the times "" toolkit']"
1003,"A total of 199 older adults aged between 60 and90 years, from 51 countries, were involved in the development of the toolkitThrough a network of country-level MHPSS Technical Working Groups, the posterswere tested with older adults from different countries, income groups andcontexts, including humanitarian settingsPostersAll posters are included at the end of thetoolkit",199,How many older adults were involved in the development of the toolkit?,"['When were the members of the toolkit development group?', '200', '200 - plus older adults']"
1004," High-resolution posters for printing can be downloaded using this linkPlease note that posters are best printed on A3 paper (minimum size A4) orshown on large screens (not on mobile phones or tablets) The posters and messaging build upon the existingIASC guidance sections for older adults (see IASCInterim Briefing Note Addressing Mental Health and Psychosocial Aspects ofCOVID-19 Outbreak, and theIASC Guidance on Operational Considerations for Multisectoral Mental Health andPsychosocial Support Programmes during the COVID-19 Pandemic",High-resolution posters,What type of posters can be downloaded using this link?,"[' posters', 'Interim Briefing', 'Psychosocial Aspect']"
1005,")Related contentPostersFacilitator notesMental health & COVID-19AgeingDementiaiSupportBe He@lthy Be Mobile A handbook on how to implement mDementiaCoronavirus disease (COVID-19): Risks and safety for older peopleThe report of the international team on their Wuhan field visit, from 14 January -10 February 2021, was published today as WHO Director-General Dr Tedros Adhanom Ghebreyesus called for further studiesThe report stems from a Member State resolution adopted by consensus at the World Health Assembly in May 2020 and calling on WHO “to identify the zoonotic source of the virus and the route of introduction to the human population, including the possiblerole of intermediate hosts, including through efforts such as scientific and collaborative field missions",scientific and collaborative field missions,What are some efforts to identify the zoonotic source of the virus and the route of introduction to the human population?,"['do research into the zoonotic source of the virus', 'do research on population', 'it is possible to study the zoonotic source']"
1006,"”In remarks to Member States today, Dr Tedros, who received the full report on the weekend, thanked the team for their tireless work He said it advances our understanding in important ways, while raising questions that will need to be addressed by furtherstudies,as noted in the report “As far as WHO is concerned, all hypotheses remain on the table",all hypotheses,What remains on the table in regards to WHO?,"['many questions', 'As far as WHO is concerned', ""The team's work""]"
1007," This report is a very important beginning, but it is not the end We have not yet found the source of the virus, and we must continue to followthe science and leave no stone unturned as we do,” said Dr Tedros “Finding the origin of a virus takes time and we owe it to the world to find the source so we can collectively take steps to reduce the risk of this happening again",Dr Tedros,Who said that finding the origin of a virus takes time and we owe it to the world to find the source of the virus?,"['The virus', 'The scientists', 'Mr and Mrs. F.']"
1008, Nosingle research trip can provide all the answers”The report is available on this webpage:https://wwwint/health-topics/coronavirus/origins-of-the-virusBelow is the full text of the Director-General’s remarks that can be found here:https://www,Nosingle research trip,What research trip can provide all the answers?,"['Research trip', 'The best time for finding out the truth', 'What kind of research trip is better']"
1009,"int/director-general/speeches/detail/who-director-general-s-remarks-at-the-member-state-briefing-on-the-report-of-the-international-team-studying-the-origins-of-sars-cov-2Background informationFrom the very beginning of the pandemic WHO has stressed the need to understand the origin of the virus in order to better understand the emergence of new pathogens and possible exposuresOnly a few weeks into the outbreak, the IHR Emergency Committee of independent experts recommended that WHO and China pursue efforts to identify the animal source of the virusThroughout 2020, WHO continued to discuss with China and other Member States the need to study and share information around the virus origins",2020,In what year did WHO and China pursue efforts to identify the animal source of the virus?,"[' WHO', 'by the end of the pandemic', 'China']"
1010,"The World Health Assembly resolution of May 2020, which was adopted by all Member States, cited a need “to identify the zoonotic source”:WHA731 from 19  May 2020: 9 (6) to continue to work closely with the World Organisation for Animal Health (OIE), the Food and Agriculture Organizationof the United Nations (FAO) and countries, as part of the One-Health Approach to identify the zoonotic source of the virus and the route of introduction to the human population, including the possible role of intermediate hosts, including throughefforts such as scientific and collaborative field missions, which will enable targeted interventions and a research agenda to reduce the risk of similar events occurring, as well as to provide guidance on how to prevent infection with severeacute respiratory syndrome coronavirus 2 (SARS-COV2) in animals and humans and prevent the establishment of new zoonotic reservoirs, as well as to reduce further risks of emergence and transmission of zoonotic diseases;In July 2020 WHO sent a small team to China to plan a joint study comprising Chinese and independent international scientists",China,Where did WHO send a small team to in July 2020?,"['The zoonotic source', 'Zoootic sources', 'The World Health Organization']"
1011,"It was agreed that WHO would select the international scientists The Terms of Reference for the Virus Origins Study were completed by fall 2020Terms of reference of the Global  Study of the Origins of SARS-COV2The team of scientists came from around the world: Australia, China, Denmark, Germany, Japan, Kenya, Netherlands, Qatar, the Russian Federation, the United Kingdom, the United States of America and Viet Nam",fall 2020,When were the Terms of Reference for the Virus Origins Study completed?,"['by fall 2020 or fall 2014-2', 'before the Virus Origins Study was completed', 'before the Global \n Study of the Origins of SARS- COV2 was completed']"
1012,"The joint international team comprised 17 Chinese and 17 international experts from 10 other countries as well as the World Organization for Animal Health (OIE); and WHOFind the list of the members of the international teamhereFrom the outset, this study was designed as one step on the path of understanding the origins of COVID-19 reflecting the specific scope and mandate as outlined by Member States in the World Health Assembly resolution and negotiated Terms of Reference",COVID-19,What study was designed as one step on the path of understanding the origins of?,"[' member States in COide-19', 'A joint international team', 'The Names of the members of the international team']"
1013,The coronavirus (COVID-19) pandemic has triggered devastating consequences for human life and the global economy Maritime and air transport are two essential activities that underpin global trade and mobility and are key to a sustainable socio-economic recovery More than 80% of global trade by volume is moved by maritime transport,80%,How much of global trade by volume is moved by maritime transport?,[]
1014," The global economy depends on the world’s 2 million seafarers who operate the global fleet of merchant ships Seafarers have been severely impacted by the travel restrictions imposed during the pandemic As of January 2021, it is estimated that some400,000 seafarersare stranded onboard commercial vessels, long past the expiry of their contracts and unable to be repatriated",2 million,How many seafarers operate the global fleet of merchant ships?,"['10,000', '10 million', '3,000 to 4,000']"
1015,Asimilar number of seafarersurgently need to join ships to replace them Passenger air transport carried about 57 billion passengers in 2019 while airfreight represents 35% of the value of goods shipped in all modes combined,35%,Airfreight represents what percentage of the value of goods shipped in all modes combined?,[]
1016," The total number of licensed aviation professionals, which include pilots, air traffic controllers and licensed maintenance technicians, was 887,000 in 2019, according to ICAO personnel statistics Application of stringent public health rules to air crew, including quarantine, has resulted in hindered connectivity, operational complexity and significant costMaritime and air transport rely on seafarers and aircrew","887,000",What was the total number of licensed aviation professionals in 2019?,"[' airplanes', '7 coworkers', '7ev,10']"
1017," They are key workers required to travel across borders at all times, which may result in the need for them to present proof of a COVID-19 vaccination as a condition for entry in some countries This is despite WHO recommendation that, at the present time, countries should not introduce requirements of proof of vaccination for international travel as a condition of entry, as there are still critical unknowns regarding the efficacy of vaccination in reducing transmission and limited availability of vaccines1 For shipping and air transport to continue to operate safely, the safe cross border movement of seafarers and aircrew must be facilitated",the safe cross border movement of seafarers and aircrew,What must be facilitated for shipping and air transport to continue to operate safely?,"['the safety cross - border movement', 'the limited release of vaccines1', 'the safe cross - border movement of both the crew and the passengers']"
1018," We reiterate our call upon countries that have not done so to designate seafarers and aircrew as key workersWith this statement, our organizations also call on governments to prioritize seafarers and aircrew in their national COVID-19 vaccination programmes, together with other essential workers, in accordance with the advice from the WHO SAGE Roadmap for prioritizing the use of COVID-19 vaccines in the context of limited supply published in November 20202 Seafarers and aircrew need to be protected through vaccination as soon as possible, to facilitate their safe movement across borders",to facilitate their safe movement across borders,What do seafarers and aircrew need to be protected through vaccination as soon as possible?,"['to protect their health', 'to make their life easier for other workers', 'to make certain the use of CODA-19 vaccines']"
1019," We also call on governments to identify and prepare for the challenges of COVID-19 vaccination of seafarers and aircrew, particularly for seafarers spending long periods of time away from their home country Our organizations fully support the timely development of an international harmonized framework for vaccination certificates, to facilitate international travel for seafarers and aircrew In December 2020, WHO established a Smart Vaccination Certificate working group to ensure that digitalized versions of vaccine certificates are interoperable3, and the UN Crisis Management Team for COVID-19, under the leadership of WHO, recognized that all countries should consider seafarers and aircrew, who are required to travel across borders during the pandemic, for essential allocation of vaccines",seafarers spending long periods of time away from their home country,What are the challenges of COVID-19 vaccination for seafarers and aircrew?,"['seafers are required to travel across borders during the pandemic', 'it is too far away for many sunflowers', 'they are not able to receive enough vaccines for their sick parents']"
1020, We invite governments and other stakeholders to bring the contents of this joint statement to the attention of the competent authorities and all parties concerned1Statement on the sixth meeting of the International Health Regulations (2005) Emergency Committee regarding the coronavirus disease (COVID-19) pandemic: https://wwwint/news/item/15-01-2021-statement-on-the-sixth-meeting-of-the-international-health-regulations-(2005)-emergency-committee-regarding-the-coronavirus-disease-(covid-19)-pandemic2 WHO SAGE Roadmap For Prioritizing Uses Of COVID-19 Vaccines In The Context Of Limited Supply: https://www,the sixth meeting of the International Health Regulations (2005) Emergency Committee regarding the coronavirus disease (COVID-19) pandemic,What was the first meeting of the International Health Regulations (2005) Emergency Committee regarding the coronavirus disease (COVID-19) pandemic,"['the first meeting of the International Health regulations ( 2005 ) Emergency committee', 'the sixth meeting', 'after the first meeting and the hearing about the carnivals']"
1021,"int/publications/m/item/who-sage-roadmap-for-prioritizing-uses-of-covid-19-vaccines-in-the-context-of-limited-supply3WHO Smart Vaccination Certificate Working Group: https://wwwint/groups/smart-vaccination-certificate-working-groupOn 2 February 2021, the National IHR Focal Point of the United Arab Emirates (UAE) notified WHO of one (1) laboratory-confirmed case of MERS-CoV",one (1),How many laboratory-confirmed cases of MERS-CoV were reported to WHO?,"['one (1 ) laboratory- bound case of MERS-CoV', 'The number of confirmed cases of MERS-CoV', 'A number of laboratory - confirmed cases of MERS -Co virus were reported to the WHO']"
1022,"The case is a39-year-old male national, owner of a camel farm He developed fever and cough on 18 January and visited a private hospital several times with no improvement The condition of the case worsened, and on 24 January, a chest X-ray confirmed the diagnosis of pneumonia",a chest X-ray,What confirmed the diagnosis of pneumonia?,"['a middle - aged national owner of a camel farm', 'a visit to a private hospital', 'a private hospital']"
1023," On 26 January, he was admitted to a private hospital and was transferred to a governmental hospital on 28 January A nasopharyngeal swab was collected on 31 January and tested positive for MERS-CoV by reverse transcription polymerase chain reaction (RT-PCR) on 1 February at the Shiekh Khalifa Medical Center laboratory in Abu Dhabi He has no underlying conditions",MERS-CoV,What was the nasopharyngeal swab tested positive for?,"['Rort- PCR', 'Nocopharyngeal swab', 'Nasoph tubeal swab']"
1024," SARS-CoV-2testing was performed more than once, and it was negative No history of previous infection orexposure to SARS-CoV-2 was reported The case reported a history of close contact with dromedary camels at his farm in the 14 days prior to the onset of symptoms",14 days,How long before the onset of symptoms was there a history of close contact with dromedary camels at his farm?,[]
1025," No travel history was reported during the same period Currently, the patient is in stable conditionThe first MERS-CoV case in the United Arab Emirates (UAE) was reported in July 2013",July 2013,When was the first MERS-CoV case reported in the United Arab Emirates?,[]
1026," Since then, a total of 92 cases of MERS-CoV (including the above case) and 12 associated deaths have been reported in the United Arab Emirates At a global level,from 2012 until 2 February 2021, the total number of laboratory-confirmed MERS-CoV infection cases reported globally to WHO is 2567 with 882 associated deaths Most of the cases have been reported from the Kingdom of Saudi Arabia",Kingdom of Saudi Arabia,Where have most MERS-CoV infections been reported?,"['The United Arab Emirates', 'Why has most MERS-CoV infections in the Kingdom of Saudi Arabia', 'In the United Arab Emirates.']"
1027," The global number reflects the total number of laboratory-confirmed cases reported to WHO under International Health Regulations (IHR 2005) to date The total number of deaths includes the deaths that WHO is aware of to date through follow-up with the affected Member StatesIn UAE, the surveillance for MERS-CoV during the COVID-19 pandemic mandate testing for all cases meeting severe acute respiratory infection (SARI) definition",WHO,Who is responsible for the total number of laboratory-confirmed cases reported to?,"['who is to blame for the most laboratory- confirmed cases', 'The MERS-CoV', 'A number of laboratory- confirmed cases']"
1028,"A Special Thank You!Dear Friends, Colleagues and Partners,2020 has been a challenging year for us all, but also one resonating with resilience and hope to overcome hardships As the year comes to an end, I would like to take this opportunity to thank you all for your solidarity, commitment and dedicated work towards saving the lives of millions with tuberculosis (TB) and ensuring they are not left behindOver 63 million lives have been saved since the year 2000, and there has been overarching progress in driving down TB-related deaths and incidence",overarching progress,What has been achieved in driving down TB-related deaths and incidences since 2000?,"['over 63 million lives have been saved since the year 2000', 'overanging progress', 'large amount of lives have been saved']"
1029," Yet as emphasized in the UN Secretary General’s Progress on TB developed with WHO support, and WHO’s Global TB Report: high-level commitments have galvanized global, regional and national progress towards ending TB, but urgent and more ambitious investments and actions are required to put the world on track to reach targets, especially in the context of the COVID-19 pandemicWHO and its leadership have been working intensively over the past months along with countries, health workers, communities, civil society and other partners to ensure continuity of essential TB services during the COVID-19 pandemic, while keeping the momentum in place towards achieving End TB commitments and reaching targets WHO has continued leading the development of new policies and guidelines to ensure better outcomes for those affected, tackle drug-resistant TB, scale up access to TB preventive treatment and new diagnostic tools, backed by technical support to enable rapid implementation of new guidance in countries",WHO,Who supported the UN Secretary General's Progress on TB?,"["" WHO's"", "" WHO 'S SecretGeneral"", 'The World Health Organization']"
1030,"WHO is working closely with countries to support the uptake of the Multisectoral Accountability Framework, examples of high-level leadership on multisectoral accountability include Presidential or Head of State End TB initiatives and formalized mechanisms for the engagement and accountability of stakeholders in India, Indonesia, Pakistan, Philippines and Viet Nam as well as national campaigns to drive progress such as the “Race to End TB” Worldwide in 2020, 86 countries are progressing with implementation of national multisectoral accountability mechanisms under high-level leadership, of which 62 included representatives of civil society and TB-affected communitiesCivil society engagement has been stronger than ever before through WHO’s Civil Society Task Force on TB, with their close collaboration in all areas of WHO’s work including policy development",86,How many countries are progressing with implementation of national multisectoral accountability mechanisms?,"['82', 'How many countries are active in active efforts to carry out the change of the practice.', '80']"
1031,"The Global Strategy for TB Research and Innovation was adopted by the World Health Assembly in August 2020 The strategy was developed under the leadership of WHO,through a consultative process with Member States including managers of national tuberculosis programmes and other officials from within and beyond ministries of health such as ministries of science and technology; the WHO Strategic and Technical Advisory Group for Tuberculosis (STAG-TB); the WHO Global TB Research Task Force; representatives of civil society and affected communities; research funding institutions; and other stakeholders in TB research and innovation Four major areas for action are highlighted in the strategy: creating an enabling environment for TB research and innovation; increasing financial investments in TB research and innovation; promoting and improving approaches to data sharing; and promoting equitable access to the benefits of research and innovation",WHO,Who developed the Global Strategy for TB Research and Innovation?,"['B TB', 'B TB research authority.', 'A report on TB Research and Innovation']"
1032," This global strategy will guide Member States and other relevant stakeholders in translating political commitments on TB research and innovation into concrete action backed by investmentSince January 2020, when the novel coronavirus outbreak (2019-nCoV) was declared a Public Health Emergency of International Concern, the WHO Global TB Programme with Regional and Country Offices, in close collaboration with partners and civil society has been undertaking real-time monitoring of the COVID-19 pandemic including on TB notifications and service delivery, providing guidance and technical support to countries as well as supporting the procurement of drugs and diagnostics WHO modelling and analysis on the impact of COVID-19 on TB mortality indicate that a 50% drop in the detection of TB cases over 3 months will lead to almost 400,000 more people dying due to TB in 2020 alone","400,000",How many people died due to TB in 2020 alone?,"['50 % drop in the number of TB cases', '100,000 people died due to TB in 2020', '50 % drop']"
1033," WHO is working with countries, partners and civil society to ensure continuity of essential TB services and to learn lessons from the COVID-19 pandemic to strengthen preparedness and build-back stronger In line with WHO guidance, countries have taken measures to mitigate the impact of COVID-19 on essential TB services, including by strengthening infection control, expandinguse of digital technologies to provide remote advice and support, and providinghome-based TB prevention and care All of the above efforts and actions are commendable, especially in the face of the COVID-19 crisis, and are contributing towards reaching the End TB targets including those of the WHO Director-General's Flagship Initiative ""Find","WHO is working with countries, partners and civil society to ensure continuity of essential TB services","Who is working with countries, partners and civil society to ensure continuity of essential TB services?","[""Who is working with countries, partners and civil society to ensurecontinuerswarm foundation because many families can't bear the COUV-19 pandemic"", 'There are four countries working together to ensurecontinuous TB services', ' WHO is trying to help people in the field of TB services']"
1034," #EndTB"" with Stop TB Partnership and the Global Fund, as well as the triple billion targets of WHO's General Programme of Work It shows how resilient we are as a communityHowever, we just have two yearsto reach the targets and keep the promises made at the UN High Level Meeting on TB",two years,How long do we have to reach the targets of the UN High Level Meeting on TB?,"['Two years', 'four years', 'two year']"
1035," To put the world on track to reach agreed targets by 2022 and beyond; and reduce the enormous human and societal toll caused by TB, we need to support Member States collectively to implement the 10 priority recommendations outlined in the 2020 UN Secretary General’s Progress Report on TB, and reach the targets outlined in WHO’s End TB Strategy This will help step up the responseWe, at the WHO Global TB Programme, would like to thank all of you for your strong collaboration and partnership this year that has been critical for our work",2022,By what year is the world on track to reach agreed targets?,"['By the year we are going to pass', 'at present', ""by the end of the year, we 'd better reach the targets""]"
1036," We would like to salute all the health workers at the forefront of the fight to end TB and other diseases, those affected by TB including communities and survivors, countries and their national TB programmes, civil society, partners and donors for your tireless dedication and support to the fight to end TBWe would like to thank core donors, contributors and partners to the work of WHO’s Global TB Programme during 2020: United States Government through the US Agency for International Development (USAID) & the US Center for Disease Control (US CDC), Netherlands, Russian Federation, the People's Republic of China, Luxembourg, Republic of Korea, Japan, The Global Fund to Fight AIDS, Tuberculosis and Malaria, Unitaid, KNCV Tuberculosis Foundation, Stop TB Partnership/UNOPS, European Respiratory Society, Bill & Melinda Gates Foundation, Bristol Myers and Squibb Foundation Inc and London School of Hygiene and Tropical Medicine (LSHTM)",London School of Hygiene and Tropical Medicine,What is LSHTM?,"['B Bristol Myers and Squibb Foundation Inc.', 'Global TB Programme', 'The Global Fund to Fight AIDS, Tuberrey and Malaria']"
1037,"We express our gratitude to our senior leadership including to WHO Director-General Dr Tedros Adhanom Ghebreyesus, WHO Deputy Director-General Dr Zsuzsanna Jakab, WHO Assistant Director-General Dr Ren Minghui, Regional Directors and colleagues in WHO regional and country offices, for prioritizing efforts to end TB as part of efforts towards achieving Universal Health Coverage and ensuring the Right to Health for all, in the spirit of ONE WHODear friends, as we look to 2021 with new hope and optimism, we at WHO collectively recommit to keep the promises made to the millions affected by TB each year – despite any hardships, challenges or crises that come our way We cannot stop till we reach every person, family and community impacted, and till we wipe out this top infectious killer once and for all",TB,What is the name of the disease that WHO prioritized efforts to end?,"['thousands of people affected by TB', ""World's biggest disease"", 'The Right to Health for all']"
1038,"Best wishes to you, your colleagues and loved ones, for a happy, healthy and fruitful 2021!DrTerezaKasaevaDirectorGlobal TB ProgrammeWorld Health OrganizationRead moreThe Coalition for Epidemic Preparedness Innovations (CEPI), Gavi, the Vaccine Alliance (Gavi) and the World Health Organization (WHO), as co-leads of the COVAX initiative for equitable global access to COVID-19 vaccines, alongside key delivery partnerUNICEF, are pleased to publish COVAX’s first round of allocationsFollowing from the publication of an interim distribution forecast, and based on current knowledge of supply availability, this first round of allocations provides information on provision of doses of the AstraZeneca(AZ)/Oxford vaccine to COVAX Facilityparticipants, through May 2021",May 2021,When did COVAX Facilityparticipants receive doses of the AstraZeneca(AZ)/Oxford vaccine?,"['October 20', 'must be the first round of allocations', ""must be a greenhouse's first round of allocations. ( : Zxxk""]"
1039," This first round of allocation outlines delivery of doses of the AZ/Oxford vaccine – manufactured by AstraZeneca (AZ) and COVISHIELD, licensed to and manufactured by Serum Institute of India (SII/AZ) – to Facility participants Participantsnot listed have either exercised their rights to opt-out of this vaccine, wish to transfer allocated doses to AMC participants, are AMC-eligible but have not joined the AMC, have voluntarily delayed receipt of doses and communicated this intent aheadof allocation, or have not met financial requirementsThis list will be updated by the end of the week to provide indicative timelines for the supply of these doses, split into Feb-March and April-May",AstraZeneca (AZ) and COVISHIELD,Who manufactured the AZ/Oxford vaccine?,"['serum Institute India and Amazon amirival', 'SII / aviation', 'Shere Institute of India and Mad Heart']"
1040," These timelines are dependent on a variety of factors including national regulatory requirements, availabilityof supply, and fulfilment of other criteria such as validated national deployment and vaccination plans (NDVPs) from AMC participants, indemnification & liability agreements, and export and import authorisationsDeliveries for this round of allocations has already begun, with India, Ghana and Cote d’Ivoirereceiving doses of the SII/AZ vaccine Both Ghana and Cote d’Ivoire began vaccination campaigns utilising thesedoses on Monday",Monday,When did Ghana and Cote d'Ivoire begin vaccination campaigns?,"[' Sunday', ""When Ghana and Cote d'Ivoire began vaccination campaigns"", 'When Ghana started vaccination campaigns']"
1041," Further deliveries are underway for this week, and as readiness criteria are fulfilled and doses become available, will continue on a rolling basis over the coming monthsIn addition to this first round of allocations, an exceptional distribution of 12 million doses of the Pfizer-BioNTechvaccine, anticipated for delivery in Q1 2021, was announced in early February",12 million,How many doses of the Pfizer-BioNTechvaccine are expected to be distributed in Q1 2021?,"['4 million', '12,000', '12.5 - 12 million']"
1042," Further allocation rounds for vaccines in the COVAX portfolio will be announced in due courseThe list of first round allocations is available hereNote to editorsAbout COVAXCOVAX, the vaccines pillar of theAccess to COVID-19 Tools (ACT) Accelerator,is co-led by the Coalition for Epidemic Preparedness Innovations (CEPI), Gavi, the Vaccine Alliance Gavi)and the World Health Organization (WHO) – working in partnership with developed and developing country vaccine manufacturers, UNICEF, the World Bank, and others",COVAXCOVAX,What is the vaccines pillar of theAccess to COVID-19 Tools Accelerator?,"[' COArgX', ' COUV-19 tools', 'VioXVX']"
1043," It is the only global initiative that is working with governments and manufacturersto ensure COVID-19 vaccines are available worldwide to both higher-income and lower-income countriesCEPI is focused on the COVAX vaccine research and development portfolio:investing in R&D across a variety of promising candidates, with the goal to support development of three safeand effective vaccines which can be made available to countries participating in the COVAX Facility As part of this work, CEPI has secured first right of refusal to potentially over one billion doses for the COVAX Facility to a number of candidates,and made strategic investments in vaccine manufacturing, which includes reserving capacity to manufacture doses of COVAX vaccines at a network of facilities, and securing glass vials to hold 2 billion doses of vaccine",glass vials,What does CEPI secure to hold 2 billion doses of vaccine?,"['seminal vials', 'virus -19 vaccine', 'vioX vaccine']"
1044," CEPI is also investingin the ‘next generation’ of vaccine candidates, which will give the world additional options to control COVID-19 in the futureGavi is focused on procurement and delivery for COVAX: coordinating the design, implementation and administration of the COVAX Facility and the Gavi COVAX AMC and working with its Alliance partners UNICEF and WHO, along with governments, on country readiness and delivery The COVAX Facility is the global pooled procurement mechanism for COVID-19 vaccines throughwhich COVAX will ensure fair and equitable access to vaccines for all 190 participating economies, using an allocation framework formulated by WHO",COVAX Facility,What does CEPI coordinate with the Gavi COVAX AMC?,"[' COUV -19', 'GavioXAM', 'GaveVX programme']"
1045," The COVAX Facility will do this by pooling buying power from participating economies and providingvolume guarantees across a range of promising vaccine candidates The Gavi COVAX AMC is the financing mechanism that will support the participation of 92 low- and middle-income countries in the Facility, enabling access to donor-funded doses of safeand effective vaccines Gavi is fundraising for the COVAX AMC, and funding UNICEF procurement of vaccines as well as partners’ and governments work on readiness and delivery, including support cold chain equipment, technical assistance, syringes,vehicles, and other aspects of the vastly complex logistical operation for delivery",92,How many low- and middle-income countries participate in the Gavi COVAX AMC?,"['11', 'Low - and middle - income countries', '92 - A']"
1046," UNICEF and the Pan-American Health Organisation (PAHO) will be acting as procurement coordinators for the COVAX Facility, helping deliver vaccines to COVAXAMC participants and othersWHO has multiple roles within COVAX: It provides normative guidance on vaccine policy, regulation,safety, R&D, allocation, and country readiness and delivery Its Strategic Advisory Group of Experts (SAGE) on Immunization develops evidence-based immunization policy recommendations",UNICEF and the Pan-American Health Organisation,Who will be acting as procurement coordinators for the COVAX Facility?,"[""The World's \n Health Organization"", ""The World'International Health Organization and the Pan- American Health Organization. \n F."", 'The Pan-American Health Organization']"
1047, Its Emergency Use Listing (EUL)/prequalificationprogrammes ensure harmonized review and authorization across member states It provides global coordination andmember state support on vaccine safety monitoring It developed the target product profiles for COVID-19 vaccines and provides R&D technical coordination,R&D technical coordination,What does the EUL provide for COVID-19 vaccines?,"['conservation of vaccine safety monitoring', 'Cides for CODA-19 vaccines', 'Its technical teams']"
1048," WHO leads, together with UNICEF, the Country Readiness and Delivery workstream, which provides support to countries as they prepare to receive and administer vaccines Along with Gavi and numerous other partners working at the global, regional, and country level, the CRD workstream provides tools, guidance, monitoring, and onthe ground technical assistance for the planning and roll-out of the vaccines Along with COVAX partners, WHO has developeda no-fault compensation schemeas part of the time-limited indemnification and liability commitments",no-fault compensation scheme,What has WHO developed as part of the time-limited indemnification and liability commitments?,"['as part of the time- limitedProtification and insurance promises', 'it is time- limited insurance and torturing', 'Time- limitedifiedProtection and torturing']"
1049," In addition, UNICEF, Gavi and WHO are working with governments around the clock to ensure that countries are ready to receive the vaccines, with appropriate cold chain equipment in place and health workers trained to dispense them UNICEF isalso playing a lead role in efforts to foster trust in vaccines, delivering vaccine confidence communications and tracking and addressing misinformation around the worldAbout CEPICEPI is an innovative partnership between public, private, philanthropic, and civil organisations, launched at Davos in 2017, to develop vaccines to stop future epidemics",vaccine confidence communications,What does UNICEF deliver?,"[' vaccine awareness', 'the information about vaccines', 'Vocuses on health']"
1050, CEPI has moved with great urgency and in coordination with WHO in response to theemergence of COVID-19 CEPI has initiated ten partnerships to develop vaccines against the novel coronavirus The programmes are leveraging rapid response platforms already supported by CEPI as well as new partnerships,ten,How many partnerships have CEPI initiated to develop vaccines against the novel coronavirus?,"['three', 'CepI', 'two']"
1051,"Before the emergence of COVID-19, CEPI’s priority diseases included Ebola virus, Lassa virus, Middle East Respiratory Syndrome coronavirus, Nipah virus, Rift Valley Fever and Chikungunya virus CEPI also invested in platform technologiesthat can be used for rapid vaccine and immunoprophylactic development against unknown pathogens (Disease X)About GaviGavi, the Vaccine Alliance is a public-private partnership that helps vaccinate half the world’s children against some of the world’s deadliest diseases",Vaccine Alliance,What is GaviGavi?,"['CEPI', 'CepI', 'Cepas Foundation']"
1052," Since its inception in 2000, Gavi has helped to immunise a whole generation– over 822 million children – and prevented more than 14 million deaths, helping to halve child mortality in 73 developing countries Gavi also plays a key role in improving global health security by supporting health systems as well asfunding global stockpiles for Ebola, cholera, meningitis and yellow fever vaccines After two decades of progress, Gavi is now focused on protecting the next generation and reaching the unvaccinated children still being left behind, employing innovativefinance and the latest technology – from drones to biometrics – to save millions more lives, prevent outbreaks before they can spread and help countries on the road to self-sufficiency",over 822 million children,How many children have Gavi helped to immunise since 2000?,"['75 developing countries', 'less than 14 million children', 'about 14 million']"
1053,"org and connect with us on Facebook and Twitter The Vaccine Alliance brings together developing countryand donor governments, the World Health Organization, UNICEF, the World Bank, the vaccine industry, technical agencies, civil society, the Bill & Melinda Gates Foundation and other private sector partners View the full list of donor governmentsand other leading organizations that fund Gavi’s work here",Vaccine Alliance,What organization brings together developing countries and donor governments?,"[' donor governments', ""Gavio's work"", ""Gavio'ments""]"
1054,"About WHOThe World Health Organization provides global leadership in public health within the United Nations system Founded in 1948, WHO works with 194 Member States, across six regions and from more than 150 offices, to promote health, keep the world safe andserve the vulnerable Our goal for 2019-2023 is to ensure that a billion more people have universal health coverage, to protect a billion more people from health emergencies, and provide a further billion people with better health and wellbeing",to ensure that a billion more people have universal health coverage,What is the goal of the World Health Organization for 2019-2023?,"['to protect a lot of people from health emergencies', 'to keep the world safe andserve the vulnerable', ' To protect a lot more people from health emergencies. [ :, ]']"
1055,"For updates on COVID-19 and public health advice to protect yourself from coronavirus, visit wwwint and follow WHO on Twitter, Facebook, Instagram, LinkedIn, TikTok, Pinterest, Snapchat, YouTubeAbout UNICEFUNICEF works in some of the world’s toughest places, to reach the world’s most disadvantaged children Across 190 countries and territories, we work for every child, everywhere, to build a better world for everyone",190,How many countries and territories does UNICEFUNICEF work for?,"['195 countries and territories Facebook accounts for. [ : Zxxk. Com ]', '200', '200 countries in the world']"
1056," For more information aboutUNICEF and its work for children, visit www For more information about COVID-19, visit wwworg/coronavirus Find out more about UNICEF’s work on the COVID-19 vaccines here, or about UNICEF’s work on immunization here",UNICEF’s work on immunization,What is the name of UNICEF's work on vaccines?,"['UNicyF', 'UNiceF', 'What is the work on vaccine']"
1057,"Follow UNICEF on Twitter and FacebookAbout the ACT-AcceleratorThe Access to COVID-19 Tools ACT-Accelerator, is a new, ground-breaking global collaboration to accelerate the development, production, and equitable access to COVID-19 tests, treatments, and vaccines It was set up in response to a call from G20 leadersin March and launched by the WHO, European Commission, France and The Bill & Melinda Gates Foundation in April 2020",April 2020,When was the Bill & Melinda Gates Foundation launched?,[]
1058,";The ACT-Accelerator is not a decision-making body or a new organisation, but works to speed up collaborative efforts among existing organisations to end the pandemic It is a framework for collaboration that has been designed to bring key playersaround the table with the goal of ending the pandemic as quickly as possible through the accelerated development, equitable allocation, and scaled up delivery of tests, treatments and vaccines, thereby protecting health systems and restoring societiesand economies in the near term It draws on the experience of leading global health organisations which are tackling the world’s toughest health challenges, and who, by working together, are able to unlock new and more ambitious resultsagainst COVID-19",COVID-19,What is the ACT-Accelerator?,"[""It is a tool to solve world's toughest health challenges"", 'A new programme', 'A new programme preventing the pandemic']"
1059," Its members share a commitment to ensure all people have access to all the tools needed to defeat COVID-19 and to work with unprecedented levels of partnership to achieve itThe ACT-Accelerator has four areas of work: diagnostics, therapeutics, vaccines and the health system connector Cross-cutting all of these is the workstream on Access & Allocation",Access & Allocation,What is the workstream of the ACT-Accelerator?,"['Diseases, comedies, vaccines and the health system', ' access & Allocate', 'The work of the ACT-Ac accelerationator']"
1060,"Today, the governments of Côte d’Ivoire and Ghana began COVID-19 vaccination campaigns aimed at protecting healthcare workersThis week’s first vaccinations happen as a further 11 million COVAX doses are expected to be delivered over the next seven daysPublication of the allocation of the AstraZeneca/Oxford vaccine to 142 of COVAX’s participating economies, to be delivered between now and the end of May, is anticipated tomorrow",11 million,How many COVAX doses are expected to be delivered over the next seven days?,"['Fifty percent', 'Fifty million.', '12.5 million \n CX']"
1061,"As the global rollout of COVAX vaccines accelerates, the first COVID-19 vaccination campaigns in Africa using COVAX doses began today in Ghana and Côte d'Ivoire Thesecampaigns arethe among the first tousedoses provided by the COVAX Facility’s Gavi COVAX Advanced Market Commitment(AMC)The AMC is the COVAX Facility’s mechanism to provide donor-funded vaccines to lower-income countries",donor-funded vaccines,What is the AMC?,"[""Alibaba's vaccine campaign"", 'asides of the COX vaccine', 'as a result of the CO VIX vaccines']"
1062," The campaigns in Ghana and Côte d’Ivoire follow deliveries to both countries last week with Ghana taking delivery of 600 000 doses on February 24 and Côte d’Ivoire 504 000 doses two days later Both countries received the AstraZeneca/Oxford vaccine licensed and manufactured by the Serum Institute of India (SII) The vaccine, branded COVISHIELD, was granted Emergency Use Listing (EUL) by the World Health Organization on 15 February",15 February,On what date did the World Health Organization grant the AstraZeneca/Oxford vaccine?,[]
1063," Nana Akufo-Addo, President of the Republic of Ghana said: ""COVID-19 has changed the world It has cost lives, battered health systems, and damaged livelihoods But, through these challenges, we have seen the best of humanity exemplified through strong multilateral cooperation",strong multilateral cooperation,What is the best of humanity exemplified through?,"['Strong international cooperation', 'the change of the world', 'strong straw - minded people']"
1064," Ghana welcomes the arrival of the first doses of COVID-19 vaccines through the COVAX AMC as a pathway to ending the acute phase of the pandemic To maximise the public health benefit of the vaccine, the first doses will be prioritized for health and essential workers, and other at-risk groups This important milestone will allow Ghana to get back to business, and build back our economy even stronger than before",COVAX AMC,The first doses of COVID-19 vaccines will be introduced through what?,"[' COide-19', ""Gana's population"", 'Gana']"
1065,""" The deliveries mark the start of what will be thelargest, most rapid and complex global rollout ofvaccines in history In total, COVAX aims to deliver at least 2 billion doses of COVID-19 vaccines by the end of 2021, including at least 13 billion to the 92 economies eligible for support through the COVAX AMC",at least 2 billion,How many doses of COVID-19 vaccines will COVAX deliver by the end of 2021?,[]
1066,"Confirmation of first-round allocations, covering the majority of the COVAX Facility participants, will be published 2 March 2021 COVAX doses to date have been delivered by SII to India, Ghana, Cote d’Ivoire, while Pfizer-BioNTech has delivered doses to the Republic of Korea More deliveries by these two manufacturers are planned in the coming days, with 11 million doses in total planned to be delivered over the next seven days",11 million,How many doses are planned to be delivered over the next seven days?,"['4 million', 'The number of patients who will be delivered in the next seven days', '11.5 million to be delivered']"
1067," In addition, AstraZeneca is set to commence shipments this weekCOVAX, the overarching effort to accelerate development and access to COVID vaccines, is co-led by the Coalition for Epidemic Preparedness Innovations (CEPI), Gavi, the Vaccine Alliance and the World Health Organization (WHO) working in partnership with UNICEF as well as the World Bank, manufacturers and civil society organizations, and others""This is a day many of us have been dreaming of and working for more than 12 months,"" said Dr Tedros Adhanom Ghebreyesus, WHO Director-General",Dr Tedros Adhanom Ghebreyesus,Who is WHO's Director-General?,"['AstraMarseca, a newly established vaccine company', 'AstraFriends International', 'Ararely Adhanom Ghebreyesus']"
1068," ""It's gratifying to see the fruit of that labour But success is still to come This is only the beginning of what COVAX was set up to achieve",COVAX,What was set up to achieve success?,"['Success is just the fruit of that hard work', 'Success', 'A Vocation for success']"
1069," We have a lot left to do to realize our vision to start vaccination in all countries within the first 100 days of the year There are just 40 days left""“As vaccination begins in Côte D’Ivoire, less than a year after COVID-19 was characterized as a global pandemic, I am filled with confidence, and I am sure that throughCOVAX and international solidarity we will be able to reach the most at-risk everywhere",40,How many days are there to start vaccination in Côte D'Ivoire within the first 100 days of the year?,"['40 days. He would like to start vaccination in Cverell', ' 40 days of the year', ' 40 days before it is beginning']"
1070," Global equitable access to life-saving vaccines is the surest way to save lives and rebuild economies I would like to thank all donors and also the leadership of the G7 group of nations Nowadays vaccine policy is the best economic policy,” said José Manuel Barroso, Chair of Gavi, the Vaccine Alliance","Gavi, the Vaccine Alliance",Who is José Manuel Barroso Chair of?,"['Gavadela, chair of the vaccine network', 'Jafluvio, a vaccine Association', ""Josmar barroso's chair""]"
1071," “The last year has been a dark one for families all over the world, but the rapid development of COVID-19 vaccines provided a hopeful light at the end of the tunnel Today, the COVAX Facility begins to make good on its promise to make sure that light shines for all,” said Henrietta Fore, UNICEF Executive Director “This unprecedented global effort has rallied the international community behind identifying acceptable vaccines, raising funds to procure them, and laying the groundwork for the world’s largest immunization campaign in history",the world’s largest immunization campaign in history,What is the name of the largest immunization campaign in history?,"['the largest global effort to produce acceptable vaccines', 'the largest international community identify acceptable vaccines', ""the world's largest childhood vaccine""]"
1072," Now, these vaccines are quickly reaching people in low and middle-income countries, many of which would have been left behind without the Facility’s work This proves what we can accomplish when we all – the private sector, UN and development agencies, governments, donors, and other partners – work as one”“This is a historic day in the global fight against COVID-19",COVID-19,What is a historic day in the global fight against?,"['C polio vaccine', 'Low and middle- income Countries', 'Famous day for low and middle -income countries']"
1073," Today’s vaccinations in Cote d’Ivoire and Ghana are among the first to be delivered through COVAX, which will protect many hundreds of millions of those most at risk from COVID-19, wherever they are in the world” said Dr Richard Hatchett, CEO of CEPI “In the coming days and weeks, COVAX will begin to redress the global imbalance in vaccine deployment, but there is still much to do",COVAX,Who will protect many hundreds of millions of those most at risk from COVID-19?,"[' COUV-19', ' COideX', 'Virus-free vaccine']"
1074," The spread of new COVID-19 variants means global access to vaccines is more important than ever before, and the global community must remain firmly focused on this goal if we are to bring the pandemic to an end”The start of Africa’s biggest immunization drive in history through the COVAX Facility marks a step forward in the continent’s fight against COVID-19 It is a welcome shift towards bringing African countries off the sidelines and back into the vaccination race, correcting the glaring inequity which has been an unfortunate hallmark of the global vaccine rollout to date",global vaccine rollout,What has been an unfortunate hallmark of the glaring inequity?,"["" Africa's biggest vaccines drive"", 'global vaccine shortages.', ""Africa's largest vaccine development""]"
1075," For months WHO teams in the region and partners have been supporting countries to plan and prepare for the complex challenges of such a massive vaccination campaign We now look forward to seeing these plans put into action with an effective and efficient vaccine rollout,”Dr Matshidiso Moeti, WHO Regional Director for Africa “The first COVAX vaccine deliveries in West and Central Africa were a huge first step towardsequityand a demonstration of global solidarity,” said UNICEF Regional Director for West and Central Africa Marie-Pierre Poirier",WHO Regional Director for Africa,Who was Matshidiso Moeti?,"['The first CO VirginiaX vaccine delivery in West and Central Africa', 'NICF regional Director for West and Central Africa', 'Mathshidisco Moetib, a leader in West Africa']"
1076," “Afew days after the vaccine doses landed, we are already celebrating the first COVID-19 vaccination campaigns, starting today in Ghana and Cote d’Ivoire, aimed at protecting the most vulnerable We are proud that countries in West and Central Africa were ready from the get-go UNICEF is active on the ground, together with WHO and other partners, to support the roll-out of the vaccination campaigns until everyone is safe",WHO,Who is UNICEF a part of?,"['Africa', ""Vaccio's Office"", 'Vaccine vaccine']"
1077,"“Quotes from partners and donorsPresident Ursula von der Leyen, European Commissionsaid: “To overcome coronavirus, vaccines must reach all corners of the planet, as soon as possible I am delighted that we now havetangible results on the ground I want to pay tribute to the tireless efforts of our partners, Gavi, CEPI, WHO and UNICEF",Ursula von der Leyen,Who was the president of the European Commission?,"['Ursula von valleyen', 'Gave, CepI, WHO and UNiceF', 'Gavilla Ceessee, WHO and UNicefing']"
1078," Team Europeis a proud supporter of COVAX andwill continue to stand by the people of Africa"" Karina Gould, Minister of International Development, Government of Canada and Gavi COVAX AMC co-chairsaid: “Today is yet again proof of what can be achieved through international collaborationWe have reached another milestone in the global vaccination effort, withthe first COVAX vaccines being administered in Cote d’Ivoire",Cote d’Ivoire,Where are the first COVAX vaccines being administered?,"['Gav CO Virginia', 'Where are the first CO VirginiaX vaccines being administer?', 'It is easy toison the COX vaccine']"
1079,"Canada is committed to helping everyone, everywhere recover from the pandemic, and also, to strengthening health systems” Norwegian Minister of International Development and co-chair of ACT-A facilitation council Dag-Inge Ulstein said: “The progress on vaccines is impressive and, as a major funder to the ACT Accelerator, we believe in the need for the multilateral approach which is clearly working As co-chair of the ACT Accelerator Facilitation Council, we urgently need to see the same traction in tests, treatments and health systems",Canada,What country is committed to helping everyone recover from the pandemic?,"['only Canada', 'Australia', 'The ACT accelerationator']"
1080," Funding is needed to support this now; we have a small window of opportunity with the evolving context of the pandemic -new variants, limited vaccine supply, and underinvestment in global solutions means we cannot be complacent”HE Minister of Health in Saudi Arabia, Dr Tawfig AlRabiah said: “Saudi Arabia’s contribution to this historic moment reaffirms our commitment to the principles of ACT-A; equitable access to various pandemic tools, leaving no one behind”Adar Poonawalla, CEO, Serum Institute of India (SII) said: ""We are delighted to play a part in vaccinating the world through COVAX",COVAX,What is the name of the company that vaccinated the world?,"['serum Institute of India', 'SII', "" Saudi Arabia's contributions""]"
1081," We will continue to work towards providing equitable access to vaccines Prasad, President, Developing Countries Vaccine Manufacturer’s Network (DCVMN) said: “Developing Countries Vaccine Manufacturer’s Network has strongly stood with all stakeholders during this unprecedented time of COVID-19 pandemic and has strived hard to develop, manufacture and roll out COVID-19 vaccines in a record time span of 10-12 months as a part of global collaboration and solidarity We stand together shoulder to shoulder in this endeavour",10-12 months,How long is the record time span for COVID-19 vaccines?,[]
1082,"”Thomas Cueni, Director General, International Federation of Pharmaceutical Manufacturers and Associations (IFPMA) said: “Since the beginning of this pandemic, vaccine makers have spared no efforts to speed up development, production, registration, and equitable access to of high-quality vaccines Pharmaceutical manufacturers are committed founding partners of ACT-Accelerator and COVAX, and we are excited that for the first time in the history of pandemics vaccines are rolled out in a coordinated manner quickly around the world Another momentous effort, is the scaling up of the vaccine manufacturing from zero to millions in a matter of months",the scaling up of the vaccine manufacturing from zero to millions in a matter of months,What is another significant effort in the history of pandemics vaccines?,"['the production of high -quality vaccine', 'the development of vaccine production, registration, and fair access to high-quality vaccines', 'the sales of the vaccine to the world in a very short time']"
1083," As producing vaccines is a complex process, so with such a scale up, there are inevitably going to be challenges ahead; we will continue working collaboratively to find solutions and join hands in making history”Notes to EditorsList of donor pledges to the Gavi COVAX AMC is availablehereAbout COVAXCOVAX, the vaccines pillar of theAccess to COVID-19 Tools (ACT) Accelerator, is co-led by the Coalition for Epidemic Preparedness Innovations (CEPI), Gavi, the Vaccine Alliance Gavi) and the World Health Organization (WHO) – working in partnership with developed and developing country vaccine manufacturers, UNICEF, the World Bank, and others",developing country,"Along with UNICEF, the World Bank, and other countries, who are the vaccine manufacturers working in partnership with?","[' WHO', 'G arrange by country', 'the World Bank']"
1084," It is the only global initiative that is working with governments and manufacturers to ensure COVID-19 vaccines are available worldwide to both higher-income and lower-income countriesCEPI is focused on the COVAX vaccine research and development portfolio: investing in R&D across a variety of promising candidates, with the goal to support development of three safe and effective vaccines which can be made available to countries participating in the COVAX Facility As part of this work, CEPI has secured first right of refusal to potentially over one billion doses for the COVAX Facility toa number ofcandidates, and made strategic investments in vaccine manufacturing, which includes reserving capacity to manufacture doses of COVAX vaccines at a network offacilities, andsecuring glass vials to hold 2 billion doses of vaccine",glass vials,What does CEPI secure to hold 2 billion doses of vaccine?,"['seeside 1 billion dose of vaccine', 'vioX vaccine', 'vials of vaccine']"
1085," CEPI is also investing in the ‘next generation’ of vaccine candidates, which will give the world additional options to control COVID-19 in the future  Gavi is focused on procurement and delivery for COVAX: coordinating the design, implementation and administration of the COVAX Facility and the GaviCOVAX AMC and working withitsAlliance partners UNICEF and WHO, along with governments, on country readiness and delivery The COVAX Facility is the global pooled procurement mechanism for COVID-19 vaccines through which COVAX will ensure fair and equitable access to vaccines for all 190 participating economies, using an allocation framework formulated by WHO",WHO,Who is UNICEF?,"['Who is the COUVX touched by the vaccine candidates?', 'VioV - 19 vaccine candidates', 'CepI']"
1086," The COVAX Facility will do this by pooling buying power from participating economies and providing volume guarantees across a range of promising vaccine candidates The Gavi COVAX AMC is the financing mechanism that will support the participation of 92 low- and middle-income countries in the Facility, enabling access to donor-funded doses of safe and effective vaccines Gavi is fundraising for the COVAX AMC, and funding UNICEF procurement of vaccines as well as partners’ and governments work on readiness and delivery, including support cold chain equipment, technical assistance, syringes, vehicles, and other aspects of the vastly complex logistical operation for delivery",92,How many low- and middle-income countries participate in the Gavi COVAX AMC?,"['11', '50 - 60 low - and middle -income countries', '50 - sixty - sixty - sixty - sixty - sixty - sixty - sixty - sixty - sixty - sixty vaccines']"
1087," UNICEF and the Pan-American HealthOrganisation(PAHO) will be acting as procurement coordinators for the COVAX Facility, helping deliver vaccines to COVAX AMC participants and othersWHO has multiple roleswithinCOVAX: It provides normative guidance on vaccine policy, regulation, safety, R&D, allocation, and country readiness and delivery Its Strategic Advisory Group of Experts(SAGE) on Immunization develops evidence-based immunization policy recommendations",UNICEF and the Pan-American HealthOrganisation,Who will be acting as procurement coordinators for the COVAX Facility?,"['UNYF, the Pan -mared MexicanHealthOrganization and the World Health Organization', 'The Pan-American HealthOrganization', 'Ways of organizing the co - operation']"
1088, Its Emergency Use Listing (EUL) / prequalificationprogrammesensure harmonized review and authorization across member states It provides global coordination and member state support on vaccine safety monitoring It developed the target product profiles for COVID-19 vaccines and provides R&D technical coordination,COVID-19,What is the target product profile for vaccines?,"['Its Emergency Use Listing', 'R&D technical teamwork', 'It provides global teamwork and organization']"
1089," WHO leads, together with UNICEF, the Country Readiness and Delivery workstream, which provides support to countries as they prepare to receive and administer vaccines Along with Gavi and numerous other partners working at the global, regional, and country-level, the CRD workstream provides tools, guidance, monitoring, and on the ground technical assistance for the planning and roll-out of thevaccines Along with COVAX partners, WHO has developed a no-fault compensation scheme as part of the time-limited indemnification and liability commitments",no-fault compensation scheme,What has WHO developed as part of the time-limited indemnification and liability commitments?,"['aspart of the time- limitedPremchallification and propertyLiability exercise', 'a time- limited payment of insurance', 'it is time- limited insurance and torturing']"
1090,"UNICEF is leveraging its experience as the largest single vaccine buyer in the world and working with manufacturers and partners on the procurement of COVID-19 vaccine doses, as well as freight, logistics and storage UNICEF already procures more than 2 billion doses of vaccines annually for routine immunization and outbreak response on behalf of nearly 100 countries In collaboration with thePAHO Revolving Fund, UNICEF isleading effortsto procure and supply doses of COVID-19 vaccines for COVAX",more than 2 billion,How many doses of vaccines does UNICEF already procure annually?,"['two billion', 'more than 2 million tons of vaccines', 'as much as 2 billion']"
1091," In addition, UNICEF, Gavi and WHO are working with governments around the clock to ensure that countries are ready to receive the vaccines, with appropriate cold chain equipment in place and health workers trained to dispense them UNICEF is also playing a lead role in efforts to foster trust in vaccines, delivering vaccine confidence communications and tracking and addressing misinformation around the worldAbout CEPICEPI is an innovative partnership between public, private, philanthropic, and civil organisations, launched at Davos in 2017, to develop vaccines to stop future epidemics",vaccine confidence communications,What does UNICEF deliver?,"[' vaccine awareness', 'the information about vaccines', 'Vocuses on health']"
1092, CEPI has moved with great urgency and in coordination with WHO in response to the emergence of COVID-19 CEPI has initiated ten partnerships to develop vaccines against the novel coronavirus The programmes are leveraging rapid response platforms already supported by CEPI as well as new partnerships,ten,How many partnerships have CEPI initiated to develop vaccines against the novel coronavirus?,"['two organizations', 'CepI', 'two']"
1093,"Before the emergence of COVID-19, CEPI’s priority diseases included Ebola virus, Lassa virus, Middle East Respiratory Syndrome coronavirus,Nipahvirus, Rift Valley Fever and Chikungunya virus CEPI also invested in platform technologies that can be used for rapid vaccine and immunoprophylactic development against unknown pathogens (Disease X)About GaviGavi, the Vaccine Alliance is a public-private partnership that helps vaccinate half the world’s children against some of the world’s deadliest diseases",Vaccine Alliance,What is GaviGavi?,"['Vaccine Institute', 'A platform technologies', 'Vaccio-19']"
1094," Since its inception in 2000, Gavi has helped toimmunisea whole generation – over 822 million children – and prevented more than 14 million deaths, helping to halve child mortality in 73 developing countries Gavi also plays a key role in improving global health security by supporting health systems as well as funding global stockpiles for Ebola, cholera, meningitis and yellow fever vaccines After two decades of progress, Gavi is now focused on protecting the next generation and reaching the unvaccinated children still being left behind, employing innovative finance and the latest technology – from drones to biometrics – to save millions more lives, prevent outbreaks before they can spread and help countries on the road to self-sufficiency",over 822 million children,How many children did Gavi help toimmunisea whole generation?,"['50 percent of the children', 'less than 14 million children killed world term old. ks5u', 'less than 7,000 children. [ : Zxxk']"
1095,"org and connect with us on Facebook and TwitterThe Vaccine Alliance brings together developing country and donor governments, the World Health Organization, UNICEF, the World Bank, the vaccine industry, technical agencies, civil society, the Bill & Melinda Gates Foundation and other private sector partners View the full list of donor governments and other leading organizations that fund Gavi’s work here",Vaccine Alliance,"What organization brings together developing countries and donor governments, the World Health Organization, UNICEF, the World Bank, the vaccine industry, technical agencies, civil","['the World Health Organization', 'Vaccine Institute', 'The World Health organization']"
1096,"About WHOThe World Health Organization provides global leadership in public health within the United Nations system Founded in 1948, WHO works with 194 Member States, across six regions and from more than 150 offices, to promote health, keep the world safe and serve the vulnerable Our goal for 2019-2023 is to ensure that a billion more people have universal health coverage, to protect a billion more people from health emergencies, and provide a further billion people with better health and wellbeing",to ensure that a billion more people have universal health coverage,What is the goal of the World Health Organization for 2019-2023?,"['to help a more people to get better health', 'to protect a billion people from health emergencies', 'To protect a world safe and serve the vulnerable']"
1097,"For updates on COVID-19 and public health advice to protect yourself from coronavirus, visitwwwintand follow WHO onTwitter,Facebook,Instagram,LinkedIn,TikTok,Pinterest,Snapchat,YouTubeAbout UNICEFUNICEF works in some of the world’s toughest places, to reach the world’s most disadvantaged children Across 190 countries and territories, we work for every child, everywhere, to build a better world for everyone",190,How many countries and territories does UNICEF work to reach the world's most disadvantaged children?,"['50', '20', ' orphans']"
1098," For more information about UNICEF and its work for children, visitwwwFor more information about COVID-19, visitwwwFind out more about UNICEF’s work on the COVID-19 vaccineshere, or about UNICEF’s work on immunizationhere",UNICEF,What is the name of UNICEF's work for children?,"['Volunteered Volunteers', 'UNicesfor Children', ' COffe - 19']"
1099,"Follow UNICEF onTwitterandFacebookAbout the ACT-AcceleratorThe Access to COVID-19 Tools ACT-Accelerator, is a new, ground-breaking global collaboration to accelerate the development, production, and equitable access to COVID-19 tests, treatments, and vaccines It was set up in response to a call from G20 leaders in March and launched by the WHO, European Commission, France and The Bill & Melinda Gates Foundation in April 2020",March,When was the ACT-Accelerator launched?,"['October 2020', 'When was the first test of CODA-19', 'When was it set up']"
