,context,answer,question,distractor
1900,The Committee expressed concern regarding infection prevention and control in the health facilities Assessment of health facilities are being conducted to identify the risk of nosocomial infectionsConclusions and adviceThe Committee discussed the progress in addressing the Ebola outbreak on 10 April,10 April,When did the Committee discuss the progress in addressing the Ebola outbreak?,[]
1901," Following the announcement of new Ebola cases in Beni, the Director-General asked the Emergency Committee to reconvene on 14 April to study the information provided byDRC on the recent resurgence of casesThe Committee agreed that while there is a low risk of international spread, they consider this event to still constitute a public health emergency of international concern (PHEIC) under the IHR (2005), requiring international coordination and supportThe Committee emphasized the need for sufficient global funding for WHO as well as national and international partners to effectively implement and monitor these recommendations",the Director-General,Who asked the Emergency Committee to reconvene on 14 April to study the information provided byDRC on the recent resurgence of Ebola,"['the Emergency committee', 'The definition of a public health emergency', 'a person who is in charge of the organization of WHO']"
1902,"The Committee provided the following advice to the Director-General for his issuance as revised Temporary Recommendations under the IHR (2005)For DRC:Intensify surveillance activities and investigation of recently reported cases including potential nosocomial infectionsExpand use of vaccine in high risk populations, as vaccination is the best public health tool to prevent and control the spread of EVD",vaccination,What is the best public health tool to prevent and control the spread of EVD?,"['Vaccination', 'use of vaccine in high risk populations', 'vaccination and health']"
1903,"Continue to strengthen the EVD infrastructure (i primary health care, risk communications and community engagement systems such as community action cells, surveillance systems including at points of entry, and alert management levels)Reinforce messaging with communities regarding the potential for resurgence and the need for sustained community engagement in reporting of alerts",community action cells,What is another example of a community engagement system?,"[' community health care', ' community communication system', ' community engagement']"
1904,Remain vigilant against EVD while strengthening the focus on routine immunization programmes as well as other vaccine preventable diseases (iFor countries at risk:At-risk countries should remain prepared to cope with future outbreaks of EVD and continue to utilize and strengthen their preparedness capacities for other health emergencies (iFor WHO:Sustain support for investigation of and response to this EVD outbreak,EVD,What is a threat to EVD?,"['ElvD', 'Ways to prevent this EVD disease', 'VD']"
1905,"Continue engagement with countries and partners, including industry, to establish and maintain a global stockpile for EVD vaccinesConduct evaluations and encourage development of future vaccine candidates that can protect health workers and populations at riskBased on this advice, the reports made by the affected State Party, and the currently available information, the Director-General accepted the Committee’s assessment and on 14 April 2020 maintained the EVD outbreak in the Democratic Republic ofthe Congo as a Public Health Emergency of International Concern (PHEIC)",Public Health Emergency of International Concern,What was the EVD outbreak in the Democratic Republic of the Congo called?,"['President of the Party', 'Efforts to Maintain a globalocks for EVD vaccine', 'President and theGeneral of the Republic of the Republic']"
1906,"The Director-General endorsed the Committee’s advice and issued them as Temporary Recommendations under IHR (2005) to reduce the international spread of EVD, effective 14 April 2020 The Director-General thanked the Committee Members and Advisorsfor their advice and requested their reassessment as soon as the situation requiresLast updated 16 April 2020On 31 December 2019, WHO was informed of a cluster of cases of pneumonia of unknown cause detected in Wuhan City, Hubei Province of China","Wuhan City, Hubei Province of China",Where was WHO informed of a cluster of cases of pneumonia of unknown cause detected?,"['Why was WHO inform of a big city of unknown cause?', 'Where was WHO informed of the cases of unknown cause', 'Where was the worst example of the group of cases of Easterners']"
1907," Chinese authorities identified the SARS-CoV-2 as the causative virus on 7 January 2020, and the disease was named coronavirus disease 2019 (COVID-19) by WHO on 11 February 2020 As part of WHO’s response to the outbreak, a Research and Development (R&D) Blueprint has been activated to accelerate the development of diagnostics, vaccines and therapeutics for this novel coronavirus Under WHO’s coordination, a group of experts with diverse backgrounds is working towards the development of vaccines against COVID-19",11 February 2020,When was the SARS-CoV-2 named?,[]
1908," The group makes a call to everyone to follow recommendations to prevent the transmission of the COVID-19 virus and protect the health of individuals The group also thanks everyone for putting their trust in the scientific community DeclarationWe are scientists, physicians, funders and manufacturers who have come together as part of an international collaboration, coordinated by the World Health Organization (WHO), to help speed the availability of a vaccine against COVID-19",World Health Organization,"Who coordinates the collaboration between scientists, physicians, funders and manufacturers to help speed the availability of a vaccine against COVID-19?","['The WHO', 'A team of scientists', 'Scientists, funders and manufacturers']"
1909,"While a vaccine for general use takes time to develop, a vaccine may ultimately be instrumental in controlling this worldwide pandemicIn the interim, we applaud the implementation of community intervention measures that reduce spread of the virus and protect people, including vulnerable populations, and pledge to use the time gained by the widespread adoption of such measures to develop a vaccine as rapidly as possible We will continue efforts to strengthen the unprecedented worldwide collaboration, cooperation and sharing of data already underway",a vaccine,What can be instrumental in controlling this worldwide pandemic?,"['a vaccine for general use.ks5u', 'a vaccine for general use', 'a virus']"
1910," We believe these efforts will help reduce inefficiencies and duplication of effort, and we will work tenaciously to increase the likelihood that one or more safe and effective vaccines will soon be made available to allSignatories in alphabetical order  Randy A Albrecht, Icahn School of Medicine at Mount Sinai, USAMohamad Assoum, Mercy Global Health Luigi Aurisicchio, on behalf of Takis Biotech, ItalyDan Barouch, Center for Virology and Vaccine Research, USA Trevor Brasel, The University of Texas Medical Branch (UTMB), USA Jennifer L Bath, ImmunoPrecise Antibodies, CanadaSina Bavari, Edge BioInnovation Consulting and Management, USAMaria Elena Bottazzi, Baylor College of Medicine, Houston, USA Gerhard Beck,Austrian Medicines and Medical Devices, AustriaTom Brady, Flow Pharma Inc, USA Kate Broderick, Inovio, USAWill Brown, Altimmune Inc, USADirk Busch, Maura Dandri, Dirk Heinz and Hans-Georg Kraeusslich, on behalf of the German Center for Infection Research - DZIF, GermanyScot Bryson, Orbital Farm, CanadaRicardo Carrión, Texas Biomedical Research Institute, USAMiles Carroll, Public Health England, UKKeith Chappell, University of Queensland, Australia Daniel S",Daniel S,"Who is the UKKeith Chappell, University of Queensland, Australia?","['David Barouch', 'Keith Bouch', 'The University of Texas Medical Branch']"
1911," Chertow, National Institutes of Health, U Department of Health and Human Services, USASandra Cordo, Universidad de Buenos Aires, ArgentinaWian de Jongh, on behalf of the Prevent n-CoV consortium (AdaptVac, ExpreS2ion, Copenhagen University, Leiden University Medical Centre, Wageningen University and Tubingen University)Natalie Dean, University of Florida, USA Rafael Delgado, Hospital Universitario 12 de Octubre, SpainDimiter Dimitrov David A, USA Paul Duprex, Center for Vaccine Research, University of Pittsburgh, USALuis Enjuanes; Centro Nacional Biotecnología, SpainJeremy Farrar, Josie Golding, Charlie Weller, on behalf of Wellcome Trust, UKMark Feinberg, Swati Gupta and Ripley Ballou, on behalf of IAVI, USAAntonella Folgori, on behalf of ReiThera, ItalyThomas Friedrich, University of Wisconsin, School of Veterinary Medicine, USA Simon Funnel, Public Health England, UKLuc Gagnon, Nexelis, CanadaAdolfo Garcia-Sastre, Icahn School of Medicine at Mount Sinai, USAVipin Garg, Altimmune Inc","AdaptVac, ExpreS2ion, Copenhagen University, Leiden University Medical Centre, Wageningen University and Tubingen University",What is the name of the Prevent n-CoV consortium?,"['Chertow, National Institutes of Health, U Department of Health and Human Services, US', 'Children and Adults are mentioned in the passage', 'The Prevent n-CoV group']"
1912,", USAVolker Gerdts, on behalf of VIDO-Intervac, University of Saskatchewan, CanadaNora Gerhards, Wageningen Bioveterinary Research, The Netherlands Christiane Gerke, Head of Vaccine Programs/Head of Vaccine Innovation Development, Institut Pasteur, FranceCarlo Giaquinto, Department of Women and Child Health, University of Padova, Italy Prakash Ghimire, Tribhuvan University, Nepal Nikolaj Gilbert, Program for Appropriate Technology in Health (PATH), USASarah Gilbert, University of Oxford, UKMarion F Gruber, Food and Drug Administration, U Department of Health and Human Services, USAFarshad Guirakhoo, GeoVax Inc, USABart L Haagmans, Erasmus Medical Center, The Netherlands M",University of Saskatchewan,Where is VIDO-Intervac located?,"['University ofhorse.', 'The University of Oxford', 'Tibhuvan University']"
1913," Elizabeth Halloran, Center for Inference and Dynamics of Infectious Diseases, Fred Hutchinson Cancer Research Center, and University of Washington, USAScott Harris, Altimmune Inc, USAHideki Hasegawa, National Institute of Infectious Diseases, Japan Richard Hatchett, on behalf of the Coalition for Epidemic Preparedness Innovations (CEPI), NorwayJames Hayward, Applied DNA Sciences, USASheri Ann Hild Peter Hotez, Baylor College of Medicine, USA Youngmee Jee, Seoul National University, College of Medicine, Republic of KoreaCharu Kaushic, Institute of Infection and Immunity, Canadian Institutes of Health Research (CIHR), Government of CanadaAlyson A Kelvin, Dalhousie University, CanadaLarry D Kerr, Office of Global Affairs, U",University of Washington,"Which university is USAScott Harris, Altimmune Inc, USAHideki Hasegawa, National Institute of Infectious Diseases","['Bears College of Medicine, USA', 'Chinese Institutes of Health Research', 'The University of Houston']"
1914," Department of Health and Human Services, USABernard Kerscher, PEI, GermanyJae-Ouk Kim, International Vaccine Institute, Republic of KoreaSeungtaek Kim, Institut Pasteur Korea, Republic of KoreaJason Kindrachuk, University of Manitoba, CanadaOtfried Kistner, Senior Consultant and Independent Vaccine Expert, AustriaGary Kobinger, Université Laval, CanadaMarion Koopmans, Viroscience Department, Erasmus Medical Centre, The NetherlandsJeroen Kortekaas, Wageningen Bioveterinary Research, the Netherlands Philip R Krause, Food and Drug Administration, U Department of Health and Human Services, USAGreg Kulnis, Nexelis, CanadaPaul Henri Lambert, Centre of Vaccinology, University of Geneva, SwitzerlandNathalie Landry, Medicago Inc",Medicago Inc,Who is the name of the company that is responsible for Vaccinology?,"[' Department of Health and Human Services, USA', 'Vaccinums', 'Vacine experts']"
1915," Department of Health and Human Services, USAPeter Marks, Director, on behalf of Food and Drug Administration/Center for Biologics Evaluation and Research Hilary D Marston, National Institutes of Health, U Department of Health and Human Services, USAFederico Martinón-Torres, Hospital Clínico Universitario de Santiago de Compostela, SpainSebastian Maurer-Stroh, on behalf of the GISAID InitiativeJohn W",USAPeter Marks,Who is Director of the Food and Drug Administration/Center for Biologics Evaluation and Research?,"['The GISAID Initiative', 'The Food and Drug Administration/ College for Biologics', 'His Office of Biologics and Research']"
1916," Mellors, University of Pittsburgh School of Medicine, USA Ali Mirazimi, Department of Laboratory medicin, Karolinska institutet, SwedenKayvon Modjarrad, Walter Reed Army Institute of Research, USA Stefan O Mueller, CureVac, GermanyVincent J Munster, National Institutes of Health, U",Germany,Where is Vincent J Munster from?,"['America', 'Alfred Army Institute of Research, USA', 'Where doesinnie Munster belong']"
1917," Okba, Erasmus Medical Center, The NetherlandsL Jean Patterson, National Institutes of Health, U Department of Health and Human Services, USAJoe Payne, on behalf of Arcturus TherapeuticsJonathan Pearce, on behalf of the UK Research and Innovation (UKRI) and the Medical Research Council (MRC), UKStanley Perlman, University of Iowa, USAMargaret Louise Pitt, WRAIR/ U",UK Research and Innovation,What is the name of the UKRI?,"['The UK Research', 'The Medical Research Council', 'British Research and Council']"
1918," Army Medical Research Institute of Infectious Diseases (USAMRIID), USAAnuradha Poonepalli, Health Products Regulation Group, Health Sciences Authority, SingaporeDieter Pullirsch, Austrian Medicines and Medical Devices Agency, AustriaDamian Purcell, Doherty Institute, AustraliaChuan Qin, Institute of Laboratory Animal Sciences (ILAS), CAMS & PUMC, ChinaAngela Rasmussen, Columbia University Mailman School of Public Health, USAScott Roberts, Altimmune Inc, USAEstefania Rodriguez, Bernhard Nocht Institute for Tropical Medicine, Germany Ted M Ross, Center for Vaccines and Immunology, University of Georgia, USAChad J Roy, Tulane National Primate Research Center and Tulane School of Medicine, USAReid Rubsamen, Flow Pharma Inc, USAAnna Laura Salvati, ItalyAndrew Satz, EVQLV Inc, USAHanneke Schuitemaker and Johan Van Hoof, on behalf of Janssen Pharmaceuticals Companies of Johnson & Johnson, USARobert Shattock, Imperial College, UKJohn Shriver, Sanofi, USAGale Smith, Novavax Inc USAPeter Smith, London School of Hygiene and Tropical Medicine, UKIsabel Sola, Centro Nacional Biotecnología, SpainJames Southern, Adviser to South African Health Products Regulatory AuthorityRyan Spencer and David Novack, on behalf of Dynavax Technologies Corporation, USA",Dynavax Technologies Corporation,Who is the Adviser to South African Health Products Regulatory Authority?,"['America Medical Research Institute of Infectious Diseases', 'Alibaba Health Products Group', 'The Health Products Department']"
1919,"Jonathan M Spergel, Children’s Hospital of Philadelphia, Perelman School of Medicine at University of Pennsylvania, USA Sybil Tasker, Codagenix Inc, USAChien-Te Kent Tseng, University of Texas Medical Branch, Galveston, Texas, USA U Department of Health and Human Services, USA, Assistant Secretary for Preparedness and Response/Biodefense Advanced Research and Development Authority U Department of Health and Human Services, USA, Centers for Disease Control and PreventionJean Marie Vianney Habarugira, on behalf of the European & Developing Countries Clinical Trials Partnership (EDCTP) Veronika von Messling, on behalf of German Federal Ministry of Education and Research, GermanyTony T",Perelman School of Medicine,What is the name of the University of Pennsylvania?,"['Jonathan M Sper defeated', 'Universities of Education and Research', 'Jonathan M Sperner']"
1920," Wang, Food and Drug Administration, U Department of Health and Human Services, USAJeffrey Wolf, Heat Biologics Inc, USA Ningshao Xia, Xiamen University of China, China Yingjie Xu, on behalf of Shanghai Jiaotong University, ChinaPaul R Young, University of Queensland, AustraliaHang Yu, on behalf of Shanghai RNACure, China Xuefeng Yu, CanSino Biologics, ChinaTal Zaks, on behalf of Moderna, USAPeter Daszak, President, EcoHealth Alliance, New York, USAA new story book that aims to help children understand and come to terms with COVID-19 has been produced by a collaboration of more than 50 organizations working in the humanitarian sector, including the World Health Organization, the United Nations Children’s Fund, the United Nations High Commissioner for Refugees, the International Federation of Red Cross and Red Crescent Societies and Save the Children",Food and Drug Administration,Who is Wang?,"['China National Health Organization', 'The World Health Organization', 'Sino Biologics']"
1921,"With the help of a fantasy creature, Ario, “My Hero is You, How kids can fight COVID-19!” explains how children can protect themselves, their families and friends from coronavirus and how to manage difficult emotions when confronted with anew and rapidly changing reality The book – aimed primarily at children aged 6-11 years old – is a project of the Inter-Agency Standing Committee Reference Group on Mental Health and Psychosocial Support in Emergency Settings,a unique collaboration of United Nations agencies, national and international nongovernmental organizations and international agencies providing mental health and psychosocial support in emergency settings During the early stages of the project, more than 1700 children, parents, caregivers and teachers from around the world shared how they were coping with the COVID-19 pandemic",Ario,"Who wrote the book, My Hero is You, How kids can fight COVID-19?","[""Ario's father"", ""My son's friends"", 'My Hero']"
1922," The input was invaluable to script writer and illustrator Helen Patuck andthe project team in making sure that the story and its messages resonated with children from different backgrounds and continents In order to reach as many children as possible, the book will be widely translated, with six language versions released today and more than 30 others in the pipeline It is being released as both an online product and audio book",six,How many language versions of the book will be available today?,"['Three', ' thirty language versions', 'seven']"
1923," Download the book here My Hero is You: all language versionsQuotes from collaborating partnersWorld Health Organization“Previous humanitarian emergencies have shown us how vital it is to address the fears and anxiety of young people when life as they know it gets turned upside down We hope that this beautifully-illustrated book, which takes children on a journey across time zones and continents, will help them to understand what they can do to stay positive and keep safe during the coronavirus outbreak” Dr Tedros Adhanom Ghebreyesus, Director-GeneralUNICEF“All over the world, children’s lives have been completely upended — the majority of them living in countries with some form of restricted movement or lockdown",children’s lives have been completely upended,What has happened to the majority of children living in countries with some form of restricted movement or lockdown?,"['children have been taken on a journey across time zones', 'most of them living in countries with some kind of restricted movements or breeding', 'children all over the world are still in some way controlled']"
1924," This wonderful book helps children understand and navigate this new landscape and learn how they can take small actions to become the heroes in their own stories”Henrietta Fore, Executive DirectorUNHCR“This is an important resource for children around the world with a strong message of inclusion at its heart – that this pandemic can only be beaten if everyone is included in its prevention and response Children, including those who are refugees, displaced and stateless, can help too",children,Who can learn how they can take small actions to become heroes in their own stories?,"[' heroes', 'Children', 'people who are refugees']"
1925," No-one is protected unless we are all protected”Filippo Grandi, United Nations High Commissioner for RefugeesUNESCO“Sharing facts and reliable information is vital to respond to COVID-19, and I wish to commend the creativity and passion of all artists, writers and publishers who find compelling ways to translate and craft stories and artwork so they can reach children and families to comfort and guide them through a distressing situation UNESCO is proud to support this initiative and we see this as an example of the contribution of the artistic community to the well-being and resilience of all",the artistic community,What is the contribution of UNESCO to the well-being and resilience of all?,"['UNESCO', 'the cultural development', 'the creative artists']"
1926,"""Audrey Azoulay, Director GeneralFor requests relating to translationsInter-Agency Standing Committee Reference Group on Mental Health and Psychosocial Support in Emergency Settings, Email: mhpssThis statement is no longer maintained An updated version was published on 29 June 2020",29 June 2020,When was the updated version of the statement published?,[]
1927,"&amp;amp;amp;amp;nbsp;31 Dec 2019Wuhan Municipal Health Commission, China, reported a cluster of cases ofpneumoniain Wuhan, Hubei Province A novel coronavirus was eventually identified1 January 2020WHO had set up the IMST (Incident Management Support Team) across the three levels of the organization: headquarters, regionalheadquarters and country level, putting the organization on an emergency footing for dealing with the outbreak",IMST,What was the name of the Incident Management Support Team?,"['Wuhan', 'The Management Team', 'UWuhans Health Organization, China']"
1928,"4 January 2020WHO reported on social media that there was a cluster of pneumonia cases – with no deaths – in Wuhan, Hubei province5 January 2020WHO published our first Disease Outbreak News on the new virus This is a flagship technical publication to the scientific and public health communityas well as global media","Wuhan, Hubei province",Where was there a cluster of pneumonia cases?,"['Zhou province', 'There was a lack of information in Hubei province', 'Noahan, Hubean province, China']"
1929," It contained a risk assessment and advice, and reportedon what China had told the organization about the status of patients and the public health response on the cluster of pneumonia cases in Wuhan10 January 2020WHO issued a comprehensive package of technical guidance online with advice to all countries on how to detect, test and manage potential cases, based on what was known about the virus at the timeThisguidance was shared with WHO's regional emergency directors to share with WHO representatives in countries",WHO's regional emergency directors,Who shared this guidance with to share with WHO representatives in countries?,"['The Chinese government', "" WHO's technical guidance online"", 'The public health response on the scale of cases']"
1930,"Based on experience with SARS and MERS and known modes of transmission of respiratory viruses, infection and prevention control guidance were published to protect health workers recommending droplet and contact precautions when caring for patients, andairborne precautions for aerosol generating procedures conducted by health workers 12 January 2020China publiclyshared the genetic sequence of COVID-1913 January 2020Officials confirm a case of COVID-19 in Thailand, the first recorded case outside of China",Thailand,Where did officials confirm a case of COVID-19?,"['China', 'In China', 'About China']"
1931," 14 January 2020WHO's technical lead for the response noted in a press briefing there may have been limited human-to-human transmission of the coronavirus (in the 41 confirmed cases), mainly through family members, and that there was a risk of a possible wider outbreakThe lead also said that human-to-human transmission would not be surprising given our experience with SARS, MERS and other respiratory pathogens 20-21 January 2020WHO experts from its China and Western Pacific regional offices conducted a brief field visit to Wuhan",Wuhan,Where did experts from its China and Western Pacific regional offices make a brief field visit?,"['Where did experts from its China and Western Pacific regional offices make a brief visit?', 'The Chinese and Western regional offices visited Wuhan', 'How China and Western Pacific regional office visited Wuhan?']"
1932,22 January 2020WHO mission to Chinaissued a statement saying that there was evidence of human-to-human transmission in Wuhanbut more investigation was needed to understand the full extent of transmission22- 23 January 2020The WHO Director- General convened an Emergency Committee (EC) under the International Health Regulations (IHR 2005) to assess whether the outbreak constituted a public healthemergency of international concern The independent members from around the world could not reach a consensus based on the evidence available at the time,the evidence available at the time,What did independent members from around the world not reach a consensus based on?,"['the evidence collected by the members', 'the fact that there was human - to -human transmission in Wuhan', 'the cost of making aDecide']"
1933," Tedros agreed with Chinese government leaders that an international team of leading scientists would travel to China on a mission to better understand the context, the overall response, and exchange information and experience30 January 2020The WHO Director-General reconvened the Emergency Committee (EC) This was earlier than the 10-day period and only two days after the first reports of limited human-to-human transmission werereported outside China",two days,How long after the first reports of limited human-to-human transmission were reported outside China?,"['10 days', 'Two days', 'seven days']"
1934," This time, the EC reached consensus and advised the Director-General that the outbreak constituted a Public Health Emergency of International Concern (PHEIC) The Director-General accepted the recommendation and declared thenovel coronavirus outbreak (2019-nCoV) a PHEICThis is the 6th time WHO has declared a PHEIC since the International Health Regulations (IHR) came into force in 2005",2005,When did the IHR come into effect?,"['October 20th', 'When was the first time that the I force came into force?', ' Follows the IHK regulations']"
1935,"WHO’s situation report for 30January reported 7818 total confirmed cases worldwide, with the majority of these in China, and82 cases reported in 18 countries outside China WHO gave a risk assessment of very high for China, and high at the global level3 February 2020WHO releases the international community'sStrategic Preparedness and Response Planto help protect states with weaker health systems",7818,How many confirmed cases were reported in WHO's situation report for 30 January?,"['82 cases in 18 countries outside China', 'China', 'The number of the cases reported in the report']"
1936,"11-12 February 2020WHO convened a Research and Innovation Forum on COVID-19, attended by more than 400 experts and funders from around the world, which included presentations byGeorge Gao, Director General of China CDC, and Zunyou Wu, China CDC's chief epidemiologist16-24 February 2020The WHO-China Joint mission, which included expertsfrom Canada, Germany, Japan, Nigeria, Republic of Korea, Russia, Singapore and the US (CDC, NIH)spent time in Beijing and also travelled toWuhan and two other cities They spoke with health officials, scientists and health workers in health facilities (maintaining physical distancing)",COVID-19,What was the name of the Research and Innovation Forum?,"['11-12 February 2020', 'A Research and Innovation Forum', 'Wuhan and other cities']"
1937," The report of the joint mission can be found here:https://wwwint/docs/default-source/coronaviruse/who-china-joint-mission-on-covid-19-final-reportpdf 11 March 2020Deeply concerned both by the alarming levels of spread and severity, and by the alarming levels of inaction, WHOmade the assessment that COVID-19 can be characterized as a pandemic",pandemic,What is COVID-19 characterized as?,"[' COUV-19 is a pandemic', ' COvenid-19', 'Climbic']"
1938,"13 March 2020COVID-19 Solidarity Response Fund launched to receive donations from private individuals, corporations and institutions18 March 2020WHO and partners launch the Solidarity Trial, an international clinical trial that aims to generate robust data from around the world to find the most effective treatments for COVID-19The COVID-19 pandemic is having a devastating impact across the world",COVID-19 pandemic,What is having a devastating impact across the world?,"['How to find the most effective treatments for CO Choose-19 pandemic', 'Because of the global warming, COUV-19 pandemic is having a great impact', 'Cobrid-19 pandemic is killing many people']"
1939," Efforts to contain the coronavirus are vital to thehealth of the world’s population, but they are also exposing children to increased risk of violence – including maltreatment,gender-based violence and sexual exploitationAs leaders of organisations committed to ending violence against children, we come together in solidarity to share our deepconcern, call for action and pledge our support to protect children from violence and reduce the impact of COVID-19 onchildren in every country and communityA third of the global population is on COVID-19 lockdown, and school closures have impacted more than 1",more than 1,How many children are affected by school closures?,"['No schools', ""About one fourth of the world's population"", 'More than 1.5 million children are affected']"
1940,"Movement restrictions, loss of income, isolation, overcrowding and high levels of stress and anxiety are increasing thelikelihood that children experience and observe physical, psychological and sexual abuse at home – particularly thosechildren already living in violent or dysfunctional family situations And while online communities have become central tomaintain many children’s learning, support and play, it is also increasing their exposure to cyberbullying, risky online behaviorand sexual exploitationThe situation is aggravated by children’s lack of access to schoolfriends, teachers, social workers and the safe space andservices that schools provide",cyberbullying,What is the risky online behavior and sexual exploitation of children?,"['physical, psychological and sex abuse', 'online behavior', 'Internet behavior']"
1941,"Governments have a central role to play They must ensure that COVID-19 prevention and response plans integrate ageappropriate and gender sensitive measures to protect all children from violence, neglect and abuse Child protection servicesand workers must be designated as essential and resourced accordingly","children from violence, neglect and abuse",What does COVID-19 protect?,"['children suffering from domestic violence', 'Child protection services and workers', 'children who are in trouble']"
1942,"Working with and supporting governments, our collective response must include: maintaining essential health and socialwelfare services, including mental health and psychosocial support; providing child protection case management andemergency alternative care arrangements; ensuring social protection for the most vulnerable children and households;continuing care and protection for children in institutions; and communicating with and engaging parents, caregivers andchildren themselves with evidence-based information and advice National helplines, school counsellors and other child-friendlyreporting mechanisms enable children in distress to reach out for help, and must be adapted to the challenges of COVID-19Given the heightened risks of online harms, technology companies and telecoms providers must do everything they canto keep children safe online",technology companies and telecoms providers,What companies must do to keep children safe online?,"['social support and education', 'Technology companies and Telecoms providers.', 'companies, families and children']"
1943," We will collectively develop and share technical resources and guidance for policymakers, practitioners,parents, caregivers and children themselves And we will support the courageous health, child protection and humanitarianprofessionals working around the clock to keep children safe during these unprecedented timesIn recent years, the global community has made significant gains in protecting children from violence",the global community,Who has made significant gains in protecting children from violence?,"[""the parents who are concerned about children's safety"", 'the parents, families and caregivers', 'the children']"
1944," We must not allow thosegains to be lost during the current turmoil We must do all we can to keep children safe now And we must plan ahead together,so that once the immediate health crisis is over, we can get back on track towards the goal of ending all forms of violence,abuse and neglect of children","ending all forms of violence,abuse and neglect of children",What is the goal of the health crisis?,"['Ending all form of violence itself after proper examination of children.', 'Ending the immediate health crisis', 'Ending violence and abuse of children']"
1945,"WHO has listed the first two diagnostic tests for emergency use during the Covid-19 pandemic The move should help increase access to quality-assured, accurate tests for the disease It also means that the tests can now be supplied by the UnitedNations and other procurement agencies supporting the COVID-19 response",the Covid-19 pandemic,When did WHO list the first two diagnostic tests for emergency use?,"['the second test for emergency use', 'the first three initial tests for declared use of pandem', 'the two tests']"
1946,"Both in vitro diagnostics, the tests are genesig Real-Time PCR Coronavirus (COVID-19) and cobas SARS-CoV-2 Qualitative assay for use on the cobas® 6800/8800 Systems “The emergency use listing of these products will enable countries to increase testing with quality assured diagnostics,” says Dr Mariângela Simão, WHO Assistant-Director General for Medicines and Health Products “Facilitatingaccess to accurate tests is essential for countries to address the pandemic with the best tools possible",the best tools possible,What does Dr Mariângela Simo believe is essential for countries to address the pandemic?,"[' accurate tests', 'the use of these products', 'the DNA test']"
1947,"” The Emergency Use Listing procedure (EUL) was established to expedite the availability of diagnostics needed in public health emergency situations It is intended to help procurement agenciesand countries navigate the large presence of different devices on the market and, by assessing them, provides assurance of the products’ quality and performance The genesig Real-Time PCR Coronavirus (COVID-19) (Primerdesign, United Kingdom) is an open system more suitable for laboratories with moderate sample testingcapacity, while the cobas® SARS-CoV-2 for use on the cobas® 6800/8800 Systems (Roche, United States of America) is a closed system assay for larger laboratories",the cobas® SARS-CoV-2,What is used on the cobas® 6800/8800 Systems?,"['the Cobas Medicine 6800/8800', 'the antifirus called coronavirus', 'only one of the instruments used in the lab']"
1948,"Curated in collaboration with Lady Gaga, broadcast to include Alanis Morissette, Andrea Bocelli, Billie Eilish, Billie Joe Armstrong of Green Day, Burna Boy, Chris Martin, David Beckham, Eddie Vedder, Elton John, FINNEAS, Idris and Sabrina Elba, J Balvin, John Legend, Kacey Musgraves, Keith Urban,Kerry Washington, Lang Lang, Lizzo, Maluma, Paul McCartney, Priyanka Chopra Jonas,Shah Rukh Khan and Stevie Wonder------------------------------------------Geneva/New York - International advocacy organizationGlobal Citizen and the World Health Organization todayannounced the One World: Together At Home -- a globally televised and streamed special in support of the fight against the COVID-19 pandemic One World: Together At Home will be broadcast live on Saturday, 18 April 2020 at 5:00p",5:00p,"When will the One World: Together At Home broadcast live on Saturday, 18 April 2020?",[]
1949," GMT airing on ABC, NBC, ViacomCBS Networks, iHeartMedia and Bell Media networks and platforms in Canada Internationally, BBC One will run the program on Sunday 19 April 2020 Additionalinternational broadcasters include beIN Media Group, MultiChoice Group and RTE",BBC One,Which broadcaster will run the program on Sunday 19 April 2020?,"['ABC and Canada', 'ABC and Canadian networks', ' iHeartMedia and Bell Media networks']"
1950,"”One World: Together At Home will also be a multi-hour digital broadcast streaming online on multiple global platforms, including: Alibaba, Amazon Prime Video, Apple, Facebook, Instagram, LiveXLive, Tencent, Tencent Music Entertainment Group, TIDAL, TuneIn, Twitch, Twitter, Yahoo andYouTube This digital special will include additional artists and performances from all over the globe as well as unique stories from the world's healthcare heroes For information about how to tune in and take action, visitwww",One World: Together At Home,What will be a multi-hour digital broadcast streaming online on multiple global platforms?,"[""Three World's Home"", 'Alibaba, Amazon Prime Video', 'One World and One World']"
1951,"“The World Health Organization is committed to defeating the coronavirus pandemic with science and public health measures, and supporting the health workers who are on the frontlines of the response,” said Dr Tedros Adhanom Ghebreyesus,Director-General of WHO “We may have to be apart physically for a while, but we can still come together virtually to enjoy great music The ‘One World: Together At Home’ concert represents a powerful show of solidarity againsta common threat",The ‘One World: Together At Home’ concert,What concert represents a powerful show of solidarity against a common threat?,"['The world Health organization', 'The World Health Organization is against the Corvirus pandemic', 'The world Health organization is against this kind of pandemic']"
1952,"”“The United Nations system is fully mobilized: supporting country responses, placing our supply chains at the world’s disposal and advocating for a global cease-fire We are proud to join forces with ‘One World: Together At Home’to help suppress the transmission of the virus, minimize social-economic impacts on the global community and work together now to advance Global Goals for the future,” said António Guterres, Secretary-General of the United Nations“There is no greater case for collective action than our joint response to COVID-19 – we are in this together and we will get through this together",One World: Together At Home,What is the name of the group we are proud to join forces with?,"['A global scale-fire', 'The United Nations System', 'Four Global Goals']"
1953,"""Last month in response to the global pandemic,Global Citizen launched an urgent campaign in support of the COVID-19 Solidarity Response Fund for WHO, powered by the UN Foundation Calling on individuals to take action,and asking world leaders and corporations to support the response with sufficient resources, Global Citizens from over 130 countries around the world have taken tens of thousands of actions in support of the response fundAt this critical moment in history, Global Citizen is also calling on philanthropists to join and support immediate COVID-19 response efforts as part of the organization’s Give While You Live effort",Give While You Live,What effort does Global Citizen call on philanthropists to join and support immediate COVID-19 response efforts?,"['Global citizens', 'The COided-19 response Fund', 'International citizens calling for help']"
1954," Investors, changemakers and foundationleaders are being urged to actualize their giving and invest quickly in related efforts like stronger health systems and vaccine development Over the past three weeks, the Together At Home series has featured performances from artists including,Chris Martin, John Legend, Charlie Puth, Common, Shawn Mendes, Camila Cabello, Ryan Tedder of OneRepublic, Niall Horan, Steve Aoki, Jennifer Hudson, Miguel, H, Anthony Hamilton, Rufus Wainwright, Hozier and Julianne Hough, among others insupport of WHO and Global Citizen’s campaign",Global Citizen,What is the name of the organization that supports the Together At Home series?,"[' WHO', 'The Development of Health', 'The Too At home series']"
1955,"org andfollow @GlblCtzn Twitter, Facebook and Instagram using #GlobalCitizen To learn more about WHO’s response to the pandemic and the COVID-19 Solidarity Response Fund, please go to wwwint/COVID-19 and follow @WHO on Twitter, Facebook, Instagram,LinkedIn and TikTok",#GlobalCitizen,"What is the name of the hashtag that you can follow @GlblCtzn Twitter, Facebook and Instagram using?","['Facebook', 'Facebook and Twitter', ' @GlblCrowsn']"
1956,"###About Global Citizen: Global Citizen is the world's largest movement of action takers and impact makers dedicated to ending extreme poverty by 2030 With over 10 million monthly advocates, our voices have the power to drive lasting change around sustainability, equality,and humanity We post, tweet, message, vote, sign, and call to inspire those who can make things happen to act — government leaders, businesses, philanthropists, artists, and citizens — together improving lives",2030,By what year is Global Citizen the largest movement of action takers and impact makers dedicated to ending extreme poverty?,"['10 million monthlyvocators', '10 million monthly grams of action', '10,000']"
1957," By downloading ourapp, Global Citizens learn about the systemic causes of extreme poverty, take action on those issues, and earn rewards, which can be redeemed for tickets to concerts, events, and experiences all over the world To date, the actions of our community,along with high-level advocacy efforts and work with partners, has resulted in commitments and policy announcements from leaders valued at over $48 billion, affecting the lives of more than 225 billion people by 2030",over $48 billion,What is the value of the commitments and policy announcements made by Global Citizens?,"['almost 22 billion people by 2030', 'more thanretted by 2030', 'for about 1,000 billion people by 2030']"
1958," For more information, visitwwwAbout the World Health Organization: The World Health Organization (WHO) is the United Nations’ specialized agency for health It is an inter-governmental organization and works in collaboration with its Member States usually through the Ministries of Health",Ministries of Health,What does the World Health Organization work in collaboration with its Member States?,"['President of the World Health Organization', 'The World Health Organization', 'His Health Organization']"
1959," The World Health Organizationis responsible for providing leadership on global health matters, shaping the health research agenda, setting norms and standards, articulating evidence-based policy options, providing technical support to countries and monitoring and assessinghealth trendsAbout the United Nations Foundation: The UN Foundation brings together the ideas, people, and resources the United Nations needs to drive global progress and tackle urgent problems To support the work of the World Health Organization (WHO) in its global work on COVID-19, UN Foundationhelped launch the COVID-19 Solidarity Response Fund that has raised more than $100 million in less than two weeks for lifesaving work around the world",$100 million,How much did the COVID-19 Solidarity Response Fund raise in less than two weeks?,[]
1960," Learn more about the COVID-19 Solidarity Response Fund at www Learn more about the UN Foundation at wwwFollow @unfoundation on Twitter and Instagram, and @United Nations Foundation on Facebook",UN Foundation,What is the COVID-19 Solidarity Response Fund?,"['UN foundation', 'UN Foundation. \n :', 'The United Nations Foundation']"
1961,"----------------Note to Editors:Resources donated to the COVID-19 Solidarity Response Fund will be spent in alignment with the WHO Strategic Preparedness and Response Plan and support the work of multiple organizations These include WHO, for tracking the virus spread, equippinghealth workers, making lab and testing tools available, and providing communities and frontline responders with the latest guidance; enabling UNICEF to equip children and families globally with evidence-based guidance to protect them from COVID-19,providing water, sanitation and hygiene, and basic infection prevention and control measures to vulnerable countries, and caring for vulnerable families and children; and to CEPI, the Coalition for Epidemic Preparedness Innovations, a key partnerleading the financing for research and development for novel vaccines to combat COVID-19FIFA has joined forces with the United Nations (UN) and the World Health Organization (WHO) in supporting the #BeActive campaign launched on the UN International Day of Sport for Development and Peace to encourage people to be #HealthyAtHome as the world comes together in the fight against COVID-19, today and every day",WHO Strategic Preparedness and Response Plan,What plan will the COVID-19 Solidarity Response Fund be aligned with?,"['The World Health Organization', 'UN and the World Health Organization', 'UNI and WHO']"
1962,"WHO recommends all healthy adults do at least 30 minutes a day of physical activity and children at least 60 minutes per day As part of this, #BeActive and remain #HealthyAtHome include the following suggestions along with any other form of recreationto stay healthy at home:Taking some online exercise classes,Dancing,Playing active video games,Jumping rope, andPractising muscle strength and balance training“We are delighted that football is strongly supporting the International Day of Sport for Development and Peace by asking everyone to #BeActive and to remain healthy at home during this difficult time,” said António Guterres Secretary-Generalof the United Nations",at least 30 minutes a day of physical activity,What does WHO recommend all healthy adults do?,[]
1963," “FIFA has asked the football community, from member associations and clubs, to players and fans, to show their support, to put their rivalries aside and to show a new solidarity so we can overcome the coronavirus Thisis an important lesson not only for today, but for every day”“More than ever, especially now, one thing must be clear to everyone, health comes first,” said FIFA President Gianni Infantino",FIFA President Gianni Infantino,Who said health comes first?,"['Fantino and general fans', 'Famous players and their fans', ""FIA's president""]"
1964," “FIFA is delighted to support both the United Nations and the World Health Organization in amplifying the#BeActive campaign today, and we are encouraged that the football community is also playing an active role in ensuring the message understood globally For the first time ever, we are all on the same team and together, with team spirit and positiveenergy, we will win”“WHO is proud to collaborate as part of the UN family with FIFA and football lovers worldwide to promote the importance of being active for both physical and mental health,” said Dr Tedros Adhanom Ghebreyesus, Director-General of the WorldHealth Organization",Dr Tedros Adhanom Ghebreyesus,Who is the Director-General of the World Health Organization?,"['The football community', 'The head of the World Health Organization', 'A person working in the World Health Organization']"
1965," “The #BeActive campaign supports WHO’s drive to help people be healthy at home”The campaign kicks off with Real Madrid CF, FC Barcelona, Liverpool FC and Manchester United FC asking football fans to set aside their rivalries and to come together to #BeActive in order to defeat the coronavirus Other clubs, including Club América,CD Guadalajara, Beijing Guoan FC, Shanghai Shenhua FC, Mohun Bagan AC, East Bengal FC, Melbourne City FC, Sydney FC, Auckland City FC, Team Wellington FC, CA River Plate, Olympique de Marseille, TP Mazembe, CR Flamengo and SE Palmeiras will also jointhe initiative in the coming days",#BeActive,What campaign supports WHO's drive to help people be healthy at home?,"['Real Madrid FC', ' Real Madrid FC and FC Barcelona', 'Real MadridFC and FCcelona [ ]']"
1966,"As part of the campaign, world-famous players share the following message: “At this time, even rivals need to stick together We have to keep our distance, but we do not lose our focus We can show solidarity by being active, and active means followingthe guidelines from the WHO",WHO,Who is responsible for supporting the campaign?,"['Famous players', 'The world - famous players', 'World -famous football players.']"
1967,"”Thevideo campaignwill be published on various FIFA digital channels, with regular subsequent updates from clubs and players across the world during subsequent days #BeActive is also being supported with graphics toolkits for the 211 FIFA member associations and variousmedia agencies to facilitate additional localisation and to further amplify the messageWHO, the UN’s specialized health agency, and FIFA, football’s world governing body, collaborate closely to promote healthy lifestyles through football globally and launched the “Pass the message to kick out coronavirus” campaign lastmonth to share advice effective measures to protect people from COVID-19",COVID-19,What type of coronavirus does the Pass the message to kick out the coronavirus campaign protect people from?,"['Pass the message', 'Virus', 'pass the message to kick out Corvirus campaign']"
1968,"The video campaign can also be downloadedhereforeditorial purposesGeronimo Stilton author to kickstart exclusive children’s book reading initiative amid COVID-19 pandemicMuch-loved children’s authors are joining an initiative to read extracts of their books to millions of children and young people currently living in isolation amid the COVID-19 pandemicRead the World is a collaboration between the International Publishers Association (IPA), the World Health Organization (WHO) and UNICEF","the International Publishers Association (IPA), the World Health Organization (WHO) and UNICEF",Who is the collaboration between the author and author of Read the World?,"['the World Health organization, the World Healthworkers andUNY', ""Children's readers all over the world"", 'The World Health organization and the World Health organization ( WHO ) \n']"
1969," It kicks off today, on International Children’s Book Day, at 1500 CET with Italian author Elisabetta Dami, creator of the popular character Geronimo Stilton“These are uncharted waters for us all, and the psycho-social effects of prolonged isolation and social distancing are yet to be seen and understood,” said IPA President Hugo Setzer",Elisabetta Dami,Who is the author of Geronimo Stilton?,"['Geronimo Stilton', 'Germonimo Stilton. Ks5u', 'GeronhardStilton']"
1970," “Even when the outside world is out of bounds for now, reading can remind children and young people that the transportive power of books is unlimited”“WHO is committed to fighting the COVID-19 pandemic on all fronts, especially when it comes to protecting young people,” said WHO Director-General Dr Tedros Adhanom Ghebreyesus “We understand the fear and anxieties many feel and know how the joy of reading can stimulate young minds, ease tensions and provide hope",reading,What can remind children and young people that the transportive power of books is unlimited?,"['children', 'making up with other people', 'reading can encourage people to creativity']"
1971,"”Elisabetta Dami will read on her personal Instagram account in English from 15 Dami, whose books have sold more than 180 million copies around the world and are published in 50 different languages, will also respond to comments and questions via the platformSeveral other noted children’s authors have agreed to join the Read the World initiative, details of which will be available soon at https://www",15,How many books will Elizabetha Dami read on her Instagram account in English?,"['16', '50', 'owns']"
1972,"org/coronavirus/read-the-worldAbout IPAThe IPAis the world’s largest federation of publishers associations Established in 1896,itisan industry body with a human rights mandate, whose mission is to promote and protect publishing and raise awareness of publishing as a force for economic, cultural and social development Working in cooperation with the World Intellectual Property Organization (WIPO) and other supranational bodies, the IPA champions the interests of book and journal publishing at national and supranational level",org/coronavirus/read-the-world,What is the name of the world's largest federation of publishers?,"['IPO', 'not supported by the Guinness WorldIntellectual Property Organization', 'not supported by the Guinness WorldIntronic Organization beforeachia-the-the- world']"
1973," Internationally, the IPA actively opposes censorship and promotes copyright, freedom to publish (including through theIPA Prix Voltaire), and literacyFollow the IPA on Twitter and FacebookAbout UNICEFUNICEF works in some of the world’s toughest places, to reach the world’s most disadvantaged children Across more than 190 countries and territories, we work for every child, everywhere, to build a better world for everyone",190,How many countries does UNICEFUNICEF work across?,"['200 countries', 'Wondered countries', '200 - harm areas in the world']"
1974,"Follow UNICEF onTwitterandFacebookAbout WHOThe World Health Organization (WHO) is the United Nations’ specialized agency for health It is an inter-governmental organization and works in collaboration with its Member States usually through the Ministries of Health The World Health Organization is responsible for providing leadership on global health matters, shaping the health research agenda, setting norms and standards, articulating evidence-based policy options, providing technical support to countries and monitoring and assessing health trends",WHOThe World Health Organization,Who is the United Nations' specialized agency for health?,"[' WHO', "" WHO 'S"", "" WHO 'S Organization for Health.""]"
1975,"Follow WHO on Twitter, Instagram and FacebookThis Medical Product Alert warns consumers, healthcare professionals, and health authorities against a growing number of falsified medical products that claim to prevent, detect, treat or cure COVID-19The Coronavirus disease (COVID-19) pandemic (caused by the virus SARS-CoV-2) has increased demand for medicines, vaccines, diagnostics and reagents, all related to COVID-19, creating an opportunity for ill-intended persons to distribute falsified medical productsDue diligence is required from all actors in the procurement, use and administration of medical products, in particular those affected by the current crisis of, or related to, COVID-19",WHO,"Who is responsible for the growing number of falsified medical products that claim to prevent, detect, treat or cure COVID-19?","['China', 'Actors who are responsible for the growing number of fake medical products', 'Families who are in need of medical care']"
1976," FALSIFIED IN VITRO DIAGNOSTICS AND LABORATORY REAGENTS WHO has received multiple reports regarding falsified in vitro diagnostics (IVDs) and laboratory reagents for the detection of SARS-CoV-2 Please refer to WHO’s Emergency Use Listing for a list of diagnostics approved for clinical use by WHO To date, eight countries (Australia, Brazil, Canada, PR China, Russian Federation, Singapore, Republic of Korea, United States of America) have listed IVDs for COVID-19 diagnosis based on expedited regulatory assessments",expedited regulatory assessments,What do eight countries have listed IVDs for COVID-19 diagnosis based on?,"['examined regulatory assessment', 'not yet named enough evidence for its accurate appearance', 'indicate the presence of SARS-CoV-2']"
1977," Please note that, in the European Union, regulatory compliance for SARS-CoV-2 diagnostics are self-declared by the manufacturerTo assist Member States and stakeholders, WHO has published the links to these emergency lists, together with contact details These links provide information on IVDs authorized for use in the jurisdictions of the International Medical Device Regulators Forum, as well as policies and guidance",WHO,Who has published the links to these emergency lists?,"['The International Medical Device Regulations Forum', 'SARS - CoV -2whlds', 'Who has made the link to these emergency lists?']"
1978," WHO will provide updated versions as new information becomes availableEnd-users are encouraged to check the labelling against the information posted by regulatory authorities upon listing to ensure they are in possession of the genuine product This information might include product name, product code, expiry date, instructions for use and manufacturer details","product name, product code, expiry date, instructions for use and manufacturer details",What information might be included in the labelling?,"[' Product name, image, description, instructions for Use and manufacturer comment- given reason quiteprobably asked to do so', ' Product name, word, price, product information, description of a product, expale date', ' product name, product code and factory information']"
1979," FALSIFIED MEDICINES AND VACCINES At this stage, WHO does not recommend any medicines to treat or cure COVID-19 However, the  SOLIDARITY trial, led by WHO, is reviewing potential treatments for COVID-19At this stage, there is no vaccine to prevent COVID-19",there is no vaccine to prevent COVID-19,What is the SOLIDARITY trial?,"['it is not easy to do the trial', 'it is not related to the present treatment for CODA-19', 'the doctors are trying to treat \n COffic-19']"
1980," Products claiming to be vaccines to prevent COVID-19 may be considered falsified and may pose significant risks to public healthUnregulated websites supplying medicines and/or vaccines, particularly those concealing their physical address or landline telephone number, are frequently the source of unlicensed, substandard and falsified medical products WHO has been made aware of various unregistered websites claiming that products on sale can treat or prevent COVID-19",unregistered websites,What is the name of the website that claims that products on sale can treat or prevent COVID-19?,"['promotion of products', 'promoting products on sale', 'promoted products']"
1981," Such products are likely to be falsified medicines In addition, some websites may appear to provide easy access to legitimate medicines that are otherwise not readilyavailable End-buyers and consumers should be especially wary of such online scams and exert due-diligence when purchasing any medical product, whether online or not",legitimate medicines,Some websites may appear to provide easy access to what?,"['f Birthday medicines', 'online shopping', 'consumers who are shopping online']"
1982,"WHO requests increased vigilance from national health authorities, healthcare professionals, members of the public and supply chain stakeholders worldwide to prevent the distribution of these falsified medical products Increased vigilance should focus on hospitals, clinics, health centres, clinical laboratories, wholesalers, distributors, pharmacies and any other suppliers of medical products All medical products must be obtained from authentic and reliable sources",authentic and reliable,What type of sources must all medical products be obtained?,"['fresh and reliable.', 'fresh and safe sources', 'accurate and reliable water heathenary sources']"
1983, Their authenticity and condition of the product should be carefully checked Consumers are advised to seek advice from a healthcare professional in case of doubtNational health authorities are requested to immediately notify WHO if these falsified products are discovered in their country,their country,Where are falsified products discovered?,"['how are the products discovered?', 'their brand of the products', 'their country ofified products']"
1984," If you have any information concerning the manufacture, distribution, or supply of these products, please contact rapidalert@whoWHO Global Surveillance and Monitoring Systemfor Substandard and Falsified Medical ProductsFor more information, please visit: wwwint/medicines/regulation/ssffc/en/",rapidalert,WhoWHO Global Surveillance and Monitoring Systemfor Substandard and Falsified Medical Products?,"['by rapid alert@who WHO Global Study and monitoring Systemfor North American and British Products', 'who is to blame for Falsified Medical products', 'who is responsible \n for Falsified medical Products? \n :']"
1985,"The COVID-19 pandemic is straining health systems worldwide The rapidly increasing demand on health facilities and health care workers threatens to leave some health systems overstretched and unable to operate effectivelyPrevious outbreaks have demonstrated that when health systems are overwhelmed, mortality from vaccine-preventable and other treatable conditions can also increase dramatically",COVID-19 pandemic,What is straining health systems worldwide?,"['Vaccable and other treatable conditions', 'health care workers are badly needed', 'The rapidly increasing demand on health care workers']"
1986," During the 2014-2015 Ebola outbreak, the increased number of deaths causedby measles, malaria, HIV/AIDS, and tuberculosis attributable to health system failures exceeded deaths from Ebola[1,2]“The best defense against any outbreak is astrong health system,” stressed WHO Director-General Tedros Adhanom Ghebreyesus“COVID-19 is revealing how fragile many of the world’s health systems andservices are, forcing countries to make difficult choices on how to best meetthe needs of their people",WHO Director-General Tedros Adhanom Ghebreyesus,Who stressed that COVID-19 is revealing how fragile many of the world's health systems are?,"['Ebola is incurable', 'The best defense against any outbreak is a strong health system', 'The best cure for any outbreak']"
1987," Theyalso need to comply with the highest standard in precautions, especially in hygiene practices, and the provision of adequate supplies including personal protective equipment This requires robust planning and coordinated actions between governmentsand health facilities and their managersSome examples of essential services include: routine vaccination; reproductive health services including care during pregnancy and childbirth; care of young infants and older adults; management of mental health conditions as well as noncommunicable diseasesand infectious diseases like HIV, malaria and TB; critical inpatient therapies; management of emergency health conditions; auxiliary services like basic diagnostic imaging, laboratory services, and blood bank services, among othersWell-organized and prepared health systems can continue to provide equitable access to essential service delivery throughout an emergency, limiting direct mortality and avoiding increased indirect mortality",avoiding increased indirect mortality,What is the goal of prepared health systems?,"['preventing direct mortality and avoiding indirect mortality', 'preventing direct mortality', ' management of emergency health conditions']"
1988,"The guidelines stress the importance of keeping up-to-date information This requires frequent transparent communications with the public, and strong community engagements so the public can maintain trust in the system to safely meet theiressential needs and to control infection risk in health facilities This will help ensure that people continue to seek care when appropriate, and adhere to public health advice",public health advice,What should people adhere to to ensure they continue to seek care when appropriate?,"['health facilities', 'the importance of public education', 'public health facilities information']"
1989," The health impact of the 2014–15 Ebola outbreak Public Health, 143, 60-70 Effects of response to 2014–2015 Ebola outbreak on deaths from malaria, HIV/AIDS, and tuberculosis, West Africa",2014–15 Ebola outbreak,What was the health impact of the Ebola outbreak?,"['Ebola crisis', ' 2014-15 Ebola outbreak. [ : Zxxk. Com ]', 'Ebola killed people from AIDS']"
1990," Emerging infectious diseases, 22(3), 433For interviews please contact: Tarik JasarevicTo access the full guidance please visit: https://wwwint/emergencies/diseases/novel-coronavirus-2019/technical-guidance/maintaining-essential-health-services-and-systemsFor further information and guidance on COVID-19 please visit: https://www","22(3), 433",What are Emerging infectious diseases?,"['28(3) yuan', 'How can we know about these diseases?', 'How can people learn about these infectious diseases? \n E. They are growing up']"
1991,"int/emergencies/diseases/novel-coronavirus-2019 WHO’s focus at all times is to ensure that all areas of the globe have the information they need to manage the health of their people In a recent interview, the WHO official who headed the joint international mission to China, did not answer a question on Taiwan’s response to the COVID-19 outbreak",Taiwan,Who was the WHO official who headed the joint international mission to China?,"['China', 'Chinese', ""China's government""]"
1992,"The question of Taiwanese membership in WHO is up to WHO Member States, not WHO staff However,WHO is working closely with all health authorities who are facing the current coronavirus pandemic,including Taiwanese health expertsThe Taiwanese caseload is low relative to population",WHO Member States,Who is the Taiwanese membership in WHO?,"[' WHO staff', 'Ways to join the WHO', 'A Taiwanese Health expert']"
1993," We continue to follow developments closelyWHO is taking lessons learned from all areas, including Taiwanese health authorities, to share best practices globallyWith respect to the COVID-19 outbreak, the WHO Secretariat works with Taiwanese health experts and authorities, following established procedures, to facilitate a fast and effective response and ensure connection and information flow",to facilitate a fast and effective response and ensure connection and information flow,What does the WHO Secretariat work with Taiwanese health experts and authorities?,"['to ensure connection and information flow', 'to help Taiwanese health experts and authorities', 'to make sure that the information flow is fast and effective']"
1994,"There is a Taiwanese International Health Regulations Point of Contact, who receives IHR (2005) communications and has access to the Event Information Site (EIS) Platform (a password-protected database and information exchange mechanism supporting the IHR (2005))The Taiwanese Field Epidemiology Training Program is a member of the Training Programs in Epidemiology and Public Health Interventions Network (also known as “TEPHINET”) WHO shares Global Outbreak Alert and Response Network alerts and requests for assistance with TEPHINET, and those messages are cascaded to the TEPHINET members",the Event Information Site,What platform does the Taiwanese International Health Regulations Point of Contact have access to?,"['the Taiwanese general Health Program', 'the IIS', 'the Taiwan Information System']"
1995,"Two Taiwanese public health experts participated in the Global Research and Innovation Forum organized by WHO on 11-12 February 2020, thus contributing, alongside other world scientists, including from mainland China, to critical research questions and to finding ways to work together to advance the responseWHO staff work around the world to respond to this pandemic with the best evidence-based guidance and operational support available for all people, based on public health needs Membership in WHO and status issuesare decided by Member Statesand the rules they set atWHO’s governing body, the World Health Assembly",World Health Assembly,What is the governing body of WHO?,"[' WHO', 'The Global Research and Innovation Forum', "" WHO's officials""]"
1996,Information about COVID-19 can be found here:https://wwwint/emergencies/diseases/novel-coronavirus-2019The COVID-19 pandemic is testing the resilience of robust health systems around the world,the resilience of robust health systems around the world,What is the COVID-19 pandemic testing?,"['the test of the CODA-19 pandemic', 'the test of the healthy health care system', 'how to test the health systems is damaged earlier than the pandemic']"
1997," Recognizing the heavy toll that malaria exacts on vulnerable populations in sub-Saharan Africa, as well as the region’s fragile health infrastructure, WHO underlines the critical importance of sustaining efforts to prevent, detect and treat malaria“As COVID-19 continues its rapid spread, WHO would like to send a clear message to malaria-affected countries in Africa,” said Dr Pedro Alonso, Director of the WHO Global Malaria Programme “Do not scale back your planned malaria prevention, diagnostic and treatment activities","Do not scale back your planned malaria prevention, diagnostic and treatment activities",What did Dr Pedro Alonso do to prevent malaria?,"[""Don't scale back your plan malaria prevention and disposable"", 'Do not stay in the hospital, and treat malaria', ""You don't have to give up your planned malaria prevention, medical and treatment work.""]"
1998," If someone living in a place with malaria develops a fever, he or she should seek diagnosis and care as soon as possible”Ensuring access to core malaria prevention measures is an important strategy for reducing the strain on health systems; these include vector control measures, such as insecticide-treated nets and indoor residual spraying, as well as chemoprevention for pregnant women and young children (intermittent preventive treatment in pregnancy, intermittent preventive treatment in infants and seasonal malaria chemoprevention) Additional special measures could ease the burden on health systems in the context of COVID-19, such as presumptive malaria treatment and mass drug administration",presumptive malaria treatment and mass drug administration,What are some special measures that could ease the burden on health systems in the context of COVID-19?,"['aspirent medicine and chronic malaria treatment.', 'maintain treatment for malaria and treat it in the same way', 'it may be banded together with other effective ways of treatment']"
1999,Any interventions must consider the importance of both lowering malaria-related mortality and ensuring the safety of communities and health workers WHO will provide guidance for countries to safely maintain essential health services in the context of the COVID-19 responseAbout COVID-19COVID-19 is the infectious disease caused by the most recently discovered coronavirus,COVID-19COVID-19,What is the infectious disease caused by the most recently discovered coronavirus?,"[' COUV-19', ' COphanage', ' COVillage-19 is a newly - discovered virus']"
