,context,answer,question,distractor
300," The study found, at the same time, that artemisinin-based combinationtherapy (ACT) continues to be an effective treatment for malariaThis article was co-authored by WHO and is based on data generated by WHO surveillance systems Importantly, the parasites emerged independently in Rwanda and did not spread directly from the Greater Mekong Subregion, as some had predicted",malaria,What type of malaria does ACT continue to be effective treatment for?,"['Kids under malaria', 'Malaria', ' ACT has helped to kill malaria.']"
301,"Unfortunately, some news articles have misrepresented the key findings and implications of the study Together with our malaria partners, we have been working to reinforce the message that ACTs – at this point in time – continue to be an effectivetreatment for malaria in all settings around the world, including Rwanda We encourage you to read an information note on this issue developed by Medicines for Malaria Venture as well as our WHO Q&A",Medicines for Malaria Venture,Who developed the information note on the issue of ACTs?,"['The government and malaria partners', ' ACTs', ' ACTs and our WHO Q&A']"
302,"Nine CEPI-supported candidate vaccines are part of the COVAX initiative, with a further nine candidates under evaluation, and procurement conversations on-going with additional producers not currently receiving research and development (R&D) funding through COVAX – giving COVAX the largest and most diverse COVID-19 vaccine portfolio in the world80 potentially self-financing countries have submitted non-binding expressions of interest to the Gavi-coordinated COVAX Facility, joining 92 low- and middle-income economies that are eligible to be supported by the COVAX Advance Market Commitment (AMC)Goal of bringing the pandemic under control via equitable access to COVID-19 vaccines needs urgent, broadscale commitment and investment from countries172 economies are now engaged in discussions to potentially participate in COVAX, a global initiative aimed at working with vaccine manufacturers to provide countries worldwide equitable access to safe and effective vaccines,once they are licensed and approved COVAX currently has the world’s largest and most diverse COVID-19 vaccine portfolio - including nine candidate vaccines, with a further nine under evaluation and conversations underway with other mayor producersCOVAX, the vaccines pillar of the Access to COVID-19 Tools (ACT) Accelerator, is co-led by the Coalition for Epidemic Preparedness Innovations (CEPI), Gavi, the Vaccine Alliance, and the World Health Organization (WHO) – working in partnership withdeveloped and developing country vaccine manufacturers",nine,How many candidate vaccines are under evaluation?,"['twelve', 'Twenty candidates', ' nine candidates are under evaluation']"
303," It is the only global initiative that is working with governments and manufacturers to ensure COVID-19 vaccines are available worldwide to both higher-income and lower-income countriesIn order to be able to secure enough doses of vaccines to protect the most vulnerable populations, such as health workers and the elderly, the next step for the partnership is to confirm potential self-financing participants’ intent to participateby 31 August and to turn these into binding commitments to join the COVID-19 Vaccine Global Access Facility (COVAX Facility) by 18September, with first upfront payments to follow thereafter, and no later than 9October 2020“Equal access to a COVID-19 vaccine is the key to beating the virus and paving the way for recovery from the pandemic,” said Stefan Löfven, Prime Minister of Sweden",Stefan Löfven,Who is the Prime Minister of Sweden?,"['Steven Lofven', 'Stehan Lacherthven', 'Stehan Lumbfven']"
304," “This cannot be a race with a few winners, and the COVAX Facilityis an important part of the solution – making sure all countries can benefit from access to the world’s largest portfolio of candidates and fair and equitable distribution of vaccine doses”The COVAX Facility is a Gavi-coordinated pooled procurement mechanism for new COVID-19 vaccines, through which COVAX will ensure fair and equitable access to vaccines for each participating economy, using an allocation framework currently being formulatedby WHO The COVAX Facility will do this by pooling buying power from participating economies and providing volume guarantees across a range of promising vaccine candidates, allowing those vaccine manufacturers whose expertise is essential to largescale production of the new vaccines, to make early, at-risk investments in manufacturing capacity – providing participating countries and economies with the best chance at rapid access to doses of a successful COVID-19 vaccine",the COVAX Facility,What is an important part of the solution?,"['the vaccine manufacturers', 'the Kyoto Protocol-19 vaccine', 'all the participating nations']"
305," The success of COVAX hinges not only on countries signing up to the COVAX Facility, but also filling key funding gaps for both COVAX R&D work and a mechanism to support participation of lower-income economies in the COVAX Facility “COVID-19 is an unprecedented global health challenge that can only be met with unprecedented cooperation between governments, researchers, manufacturers and multilateral partners,” said Dr Tedros Adhanom Ghebreyesus, Director-General of WHO“By pooling resources and acting in solidarity through the ACT Accelerator and the COVAX Facility, we can ensure that once a vaccine is available for COVID-19, it’s available equitably to all countries",countries signing up to the COVAX Facility,What does the success of COVAX depend on?,"['countries participating to the COMAXactions', 'the number of countries using the facilities', 'Countries taking part in the coXF work']"
306,"”CEPI is leading COVAX vaccine research and development work, which aims to develop three safe and effective vaccines which can be made available to countries participating in the COVAX Facility Nine candidate vaccines are currently being supported byCEPI; seven of which are currently in clinical trials Governments, vaccine manufacturers (in addition to their own R&D), organizations and individuals have committed US$ 1",US$ 1,How much has CEPI committed to developing vaccines?,"['US$ 2.', 'US$ 100,', 'A$ 1.']"
307,"4 billion towards vaccine R&D so far, but an additional US$1 billion is urgently neededto continue to move the portfolio forward A further nine candidates vaccines which complement the current CEPI portfolio are currently being evaluated for inclusion in COVAX Furthermore, COVAX will consider procuring vaccines that complement the portfolio from any producer in the world;conversations are already underway with a number of additional manufacturers not receiving R&D support from CEPI to procure their vaccines if they are successful",vaccine R&D,How much money is needed to move the CEPI portfolio forward?,"['considered for inclusion in CO VirginiaX', 'coepI', 'CepI']"
308," Maximizing the portfolio of vaccines increases the probability of success as individualvaccines historically have a high failure rate“In the scramble for a vaccine, countries can act alone – creating a few winners, and many losers - or they can come together to participate in COVAX, an initiative which is built on enlightened self-interest but also equity, leaving no countrybehind,” said Richard Hatchett, CEO of CEPI “Only by taking a global view can we protect those most at risk around the world from the terrible effects of this disease",COVAX,What initiative is built on enlightened self-interest but also equity?,"['A global view', 'A Global view of vaccine', 'Vio1s']"
309," COVAX can deliver the vaccines that could end the pandemic, but itneeds countries to step forward both to join the COVAX Facility, and also to address the serious funding shortfalls, including for R&D The decisions that are taken now about COVID-19 vaccines have the power to change our future We must be courageousand ambitious in striving for a multilateral solution",COVID-19,What vaccines have the power to change our future?,"[' COUVX', 'VioX', 'VocoaX']"
310,"”A collaboration between Serum Institute of India (SII), Gavi and the Bill & Melinda Gates Foundation announced earlier this month will ensure up to 100 million doses of AstraZeneca or Novavax’s candidate vaccines, if successful, will be available to low- and middle-income economies through the COVAX Facility at just US$ 3 per dose The arrangement also provides an optionto secure additional doses if COVAX sees a need for it Separate agreements between Gavi, CEPI and AstraZeneca, announced in June, guarantee a further 300 million doses of their candidate vaccine, if successful, for the COVAX Facility",300 million,How many doses of AstraZeneca's candidate vaccine are guaranteed by the COVAX Facility?,"['50 million', '3.25 million', '300,000']"
311,"Eighty higher-income economies, which would finance the vaccines from their own public finance budgets, have so far submitted Expressions of Interest ahead of the deadline of 31 August for confirmation of intent to participate They will partner with 92 low-and middle-income countries that will be supported by the AMC if it meets its funding targets Together, this group of 172 countries represents more than 70% of the world’s population",172,How many countries represent more than 70% of the world's population?,"['82 countries', 'Income - income countries grow faster than middle - aged people', '92.']"
312," Among the group are representatives from every continentand more than half of the world’s G20 economies“The momentum we are witnessing behind this unprecedented global effort means there could be light at the end of the tunnel: A vaccine is our best route to ending the acute phase of the pandemic and the COVAX effort is the best way to get there,”said Dr Seth Berkley, CEO of Gavi, the Vaccine Alliance “For higher-income countries it represents a win-win: not only will you be guaranteed access to the world’s largest portfolio of vaccines, you will also be negotiating as part ofa global consortium, bringing down prices and ensuring truly global access",bringing down prices and ensuring truly global access,How will you be negotiating as part of a global consortium?,"['helping to end the pandemic and providing truly global access', 'extending global access', ""remaining access to the world's largest package of vaccines""]"
313," Signing up to the COVAX Facility gives each country its best chance at protecting the most vulnerable members of their populations – which in turn gives the world itsbest chance at mitigating the toll this pandemic has taken on individuals, communities and the global economy To make this end-to-end vision a reality, we need countries to make end-to-end commitments: funding R&D, signing up to the Facility,and supporting the COVAX AMC”The COVAX Facility is coordinated by Gavi, the Vaccine Alliance, and forms a key part of COVAX – the vaccines pillar of the ACT Accelerator, a ground-breaking global collaboration involving vaccine manufacturers to accelerate the development, production,and equitable access to COVID-19 tests, treatments, and vaccines",COVAX Facility,What gives each country its best chance at protecting the most vulnerable members of their populations?,"['Vaccine manufacturers', 'The ACTAcator', 'Gavine Association']"
314," The overall aim of COVAX is to accelerate the development and manufacture of COVID-19 vaccines, and to guarantee fair and equitable access for every country in the world It will achievethis by sharing the risks associated with vaccine development, and where necessary investing in manufacturing upfront so vaccines can be deployed at scale as soon as they are proven to be safe and effective, and pooling procurement and purchasingpower to achieve sufficient volumes to end the acute phase of the pandemic by 2021The goal of COVAX is by the end of 2021 to deliver two billion doses of safe, effective vaccines that have passed regulatory approval and/or WHO prequalification",two billion,"How many doses of safe, effective vaccines will COVAX deliver by the end of 2021?","['three billion', 'Two billion', 'two years']"
315," These vaccines will be offered equally to all participating countries, proportional to theirpopulations, initially prioritising healthcare workers then expanding to cover vulnerable groups, such as the elderly and those with pre-existing conditions Further doses will then be made available based on country need, vulnerability and COVID-19threat The COVAX Facility will also maintain a buffer of doses for emergency and humanitarian use, including dealing with severe outbreaks before they spiral out of control",COVID-19threat,What is the name of the vaccine that will be available to all participating countries?,"['Virus', 'Vitamin - A', 'Vitamin X']"
316," Vincent and the Grenadines, Tonga and TuvaluAbout Gavi, the Vaccine AllianceGavi, the Vaccine Alliance is a public-private partnership that helps vaccinate half the world’s children against some of the world’s deadliest diseases Since its inception in 2000, Gavi has helped to immunise a whole generation – over 760 million children – and prevented more than 13 million deaths, helping to halve child mortality in 73 developing countries",Vaccine Alliance,What is the name of the Vaccine Alliance?,"[""Children's disease"", 'Vaccines and Gchildren', 'Vaccine Association']"
317," Gavi also plays a key role in improving global health security by supporting health systems as well as funding global stockpiles for Ebola, cholera, meningitis and yellow fever vaccinesAfter two decades of progress, Gavi is now focused on protecting the next generation andreaching the unvaccinated children still being left behind, employing innovative finance and the latest technology – from drones to biometrics – to save millions more lives, prevent outbreaks before they can spread and help countries on the road to self-sufficiencyorgand connect with us onFacebookandTwitter",supporting health systems,What does Gavi do to improve global health security?,"['making global stockiles', 'raising global stockpiles for Ebola', 'reducing global Suffering']"
318,"The Vaccine Alliance brings together developing country and donor governments, the World Health Organization, UNICEF, the World Bank, the vaccine industry, technical agencies, civil society, the Bill & Melinda Gates Foundation and other private sector partners View the full list of donor governments and other leading organizations that fund Gavi’s workhereAbout CEPICEPI is an innovative partnership between public, private, philanthropic, and civilorganisations, launched at Davos in 2017, to develop vaccines to stop future epidemics",Vaccine Alliance,What alliance brings together developing countries and donor governments?,"[' donor governments', 'Donor governments', 'Donner governments']"
319, CEPI has moved with great urgency and in coordination with WHO in response to the emergence of COVID-19 CEPI has initiatedninepartnerships to develop vaccines against the novel coronavirus Theprogrammesare leveraging rapid response platforms already supported by CEPI as well as new partnerships,COVID-19,What type of vaccine has CEPI initiated in coordination with WHO?,"['CELVirus', 'CepI', 'CETI and WHO']"
320," Before the emergence of COVID-19, CEPI’s priority diseases included Ebola virus, Lassa virus, Middle East Respiratory Syndrome coronavirus,Nipahvirus, Rift Valley Fever and Chikungunya virus CEPI also invested in platform technologies that can be used for rapid vaccine and immunoprophylactic development against unknown pathogens (Disease X)About WHOThe World Health Organization provides global leadership in public health within the United Nations system",WHOThe World Health Organization,Who provides global leadership in public health within the United Nations system?,"[' WHO', 'CEPI', ""CepI's priority diseases""]"
321," Founded in 1948, WHO works with194 Member States, across six regions and from more than 150 offices,to promote health, keep the world safe and serve the vulnerable Our goal for 2019-2023 is to ensure that a billion more people have universal health coverage, to protect a billion more people from health emergencies, and provide a further billion people with better health and wellbeingFor updates on COVID-19 and public health advice to protect yourself from coronavirus, visitwww",a billion,How many people have universal health coverage for 2019-2023?,"['a lot of people.', 'A billion', 'two billion']"
322,"intand follow WHO onTwitter,Facebook,Instagram,LinkedIn,TikTok,Pinterest,Snapchat,YouTubeThefourthmeeting of the Emergency Committee convened by the WHO Director-General under the International Health Regulations (IHR) (2005) regarding the coronavirus disease (COVID-19) took place onFriday, 31July 2020 from 12:00to17:45Geneva time (CEST)Proceedings of the meetingMembers and advisors of the Emergency Committeewere convened by videoconference",videoconference,What kind of conference were advisors and members of the Emergency Committee convened by?,"['a meeting', 'Efforts', 'A meeting of the Emergency committee']"
323,"The Secretariat turned the meeting over to the Chair, Professor Didier HoussinProfessor Houssin also welcomed the Committee and reviewed the objectives and agenda of the meetingThe WHO Regional Emergency Directors and the Executive Director of the WHO Health Emergencies Programme (WHE) provided regional and the global situation overview",WHO Health Emergencies Programme,Who was the Executive Director of?,"[' WHO regional Emergency directors', 'Ways to improve the health of the countries', ' WHO regional emergency managers']"
324," WHO continues to assess the global risk level of COVID-19 to be very high Dr David Heymann,chair of the WHE Strategic and Technical Advisory Group for Infectious Hazards (STAG-IH), presented on national best practices and global COVID-19 experiences Dr Johanna Jordaan presented an overview of the International Civil Aviation Organization(ICAO) Council Aviation Recovery Taskforce (CART)’s report and public health focused recommendations",Dr David Heymann,Who is the chair of the WHE Strategic and Technical Advisory Group for Infectious Hazards?,"['The WHO', 'The head of the World Health Organization', ""The WHO's members""]"
325,"The Committee expressed appreciation for WHO and partners’ COVID-19 pandemic response efforts The Committee noted progress made on the Temporary Recommendations issued on 1 May 2020 and examined additional areas that require further attentionThe Committee highlighted the anticipated lengthy duration of this COVID-19 pandemic, noting the importance of sustained community, national, regional, and global response efforts","the importance of sustained community, national, regional, and global response efforts",What did the Committee note about the duration of the COVID-19 pandemic?,"['the longer history and development of this COUV -19 pandangered pand earthquake', 'the length of time spent on the COided-19 pandemaking efforts', 'the thought of the length of the pandemand']"
326," The Committee encouraged all individuals, in particular young people, and communities to continue to play an active role in preventing and controlling transmission of COVID-19 The Committee recognized that State Parties should enable and support communitiesand individuals and thus build trust in governments’ response measuresAfter ensuing discussion, the Committee unanimously agreed that the pandemic still constitutes a public health emergency of international concern and offered advice to the Director-General",the Director-General,Who did the Committee offer advice to?,"[' state Parties', 'the members of the Board', 'the individuals and the director of the pandemic']"
327,"The Director-General declared that the outbreak of COVID-19 continues to constitute a PHEIC He accepted the advice of the Committee to WHO and issued the Committee’s advice to States Parties as Temporary Recommendations under the IHR (2005)The Emergency Committee will be reconvened within three months,at the discretion of the Director-General",three months,How long will the Emergency Committee be reconvened?,"['four months', 'Three months', 'two months']"
328,"The Director-General thanked the Committee for its workAdvice to the WHO SecretariatContinue to distill and rapidly communicate lessons learned and best practices from the COVID-19 pandemic and national intra-action reviewsContinue to coordinate and mobilize global and regional multilateral organizations, partners and networks for robust political commitment and resourcing of COVID-19 pandemic preparedness and response, including for development of vaccines and therapeutics",the WHO SecretariatContinue,Who did the Director-General thank the Committee for its work to distill and rapidly communicate lessons learned and best practices from the COVID-19 pandemic,"['the World Health Organization', 'the COided-19 pandemic', 'the director of the organization']"
329,"Provide nuanced, pragmatic guidance on criteria for appropriate COVID-19 response activities to reduce the risk of response fatigue in the context of socio-economic pressuresContinue to support State Parties and partners in conducting active and community-based COVID-19 surveillance, through technical and operational resources, such as guidance, tools, and trainings on case definitions and identification, contact tracing,and death certifications; encourage State Parties to continue reporting relevant data to WHO through platforms such as the Global Influenza Surveillance and Response System Accelerate research into remaining SARS-CoV-2 critical unknowns, such as the animal source and potential animal reservoirs, and improve understanding of the epidemiology and severity of COVID-19 (including its long-term health effects; viral dynamicssuch as modes of transmission, shedding, potential mutations; immunity and correlates of protection; co-infection; as well as risk factors and vulnerabilities) and the effectiveness of public health measures",public health measures,What is the effectiveness of COVID-19?,"[' COUV-19 response activities', 'resees and control of CODA-19', ""state Parties'careful monitoring""]"
330,"Continue to work with partners to counter mis/disinformation and infodemics by developing and disseminating clear, tailored messaging on the COVID-19 pandemic and its effects; encourage and support individuals and communities to follow recommendedpublic health and social measuresSupport diagnostics, safe and effective therapeutics and vaccines’ rapid and transparent development (including in developing countries) and equitable access through the Access to COVID-19 Tools (ACT) Accelerator; support all countries to implementthe necessary clinical trials and to prepare for the rollout of therapeutics and vaccinesWork with partners to revise WHO’s travel health guidance to reinforce evidence-informed measures consistent with the provisions of the IHR (2005) to avoid unnecessary interference with international travel; proactively and regularly share informationon travel measures to support State Parties’ decision-making for resuming international travel",State Parties,Who is responsible for resuming international travel?,"['Countries', 'World Health', 'International travel']"
331,"Support State Parties, particularly vulnerable countries, in strengthening their essential health services and accompanying supply chains as well as preparing for and responding to concurrent outbreaks, such as seasonal influenzaTemporary recommendations to State PartiesShare best practices, including from intra-action reviews, with WHO; apply lessons learned from countries that are successfully re-opening their societies (including businesses, schools, and other services) and mitigating resurgence of COVID-19Support multilateral regional and global organizations and encourage global solidarity in COVID-19 response",strengthening their essential health services and accompanying supply chains,What do vulnerable countries need to do?,"['offering more services to the whole society', 'preventing the spreading of illness such as seasonal influenza', 'strenglishing more protection for the vulnerable']"
332,"Strengthen community engagement, empower individuals, and build trust by addressing mis/disinformation and providing clear guidance, rationales, and resources for public health and social measures to be accepted and implemented Engage in the Access to COVID-19 Tools (ACT) Accelerator, participate in relevant trials, and prepare for safe and effective therapeutic and vaccine introductionImplement, regularly update, and share information with WHO on appropriate and proportionate travel measures and advice, based on risk assessments; implement necessary capacities, including at points of entry, to mitigate the potential risks of internationaltransmission of COVID-19 and to facilitate international contact tracing",facilitate international contact tracing,What do necessary capacities do to mitigate the potential risks of internationaltransmission of COVID-19?,"['share information with WHO', 'allow people to contact information with WHO', 'preventing the risk of COVillage']"
333,"Maintain essential health services with sufficient funding, supplies, and human resources; prepare health systems to cope with seasonal influenza, other concurrent disease outbreaks, and natural disastersA zoonosis is an infectious disease that has jumped from a non-human animal to humans Zoonotic pathogens may be bacterial, viral or parasitic, or may involve unconventional agents and can spread to humans through direct contact or through food, water or the environment",zoonosis,What is an infectious disease that has jumped from a non-human animal to humans?,"['Zoonotic disease', ' zoonotic diseases', 'zoonotic illness']"
334," They represent a major public health problem around the world due to our close relationship with animals in agriculture, as companions and in the natural environment Zoonoses can also cause disruptions in the production and trade of animal products for food and other uses Zoonoses comprise a large percentage of all newly identified infectious diseases as well as many existing ones",animals,What is a major public health problem around the world due to our close relationship with?,"['animal products', 'zoos', 'Zoonoses']"
335," Some diseases, such as HIV, begin as a zoonosis but later mutate into human-only strains Other zoonoses can cause recurring disease outbreaks, such as Ebola virus disease and salmonellosis Still others, such as the novel coronavirus that causes COVID-19, have the potential to cause global pandemics",COVID-19,What is the novel coronavirus that causes?,"['HIV', 'Genetic disease', 'Virus']"
336,"Prevention and controlPrevention methods for zoonotic diseases differ for each pathogen; however, several practices are recognized as effective in reducing risk at the community and personal levels Safe and appropriate guidelines for animal care in the agricultural sector help to reduce the potential for foodborne zoonotic disease outbreaks through foods such as meat, eggs, dairy or even some vegetables Standards for clean drinking water and waste removal, as well as protections for surface water in the natural environment, are also important and effective",Prevention and controlPrevention methods,What are different methods for zoonotic diseases for each pathogen?,"['Prevention methods', 'Preventing', 'Prevent methods.']"
337,"Who is at risk?Zoonotic pathogens can spread to humans through any contact point with domestic, agricultural or wild animals Markets selling the meat or by-products of wild animals are particularly high risk due to the large number of new or undocumented pathogens known to exist in some wild animal populations Agricultural workers in areas with a high use of antibiotics for farm animals may be at increased risk of pathogens resistant to current antimicrobial drugs",Agricultural workers,Who is at increased risk of pathogens resistant to current antimicrobial drugs?,"['Farmers', ' agricultural workers', 'Wild animals']"
338," People living adjacent to wilderness areas or in semi-urban areas with higher numbers of wild animals are at risk of disease from animals such as rats, foxes or raccoons Urbanization and the destruction of natural habitats increase the risk of zoonotic diseases by increasing contact between humans and wild animalsWHO ResponseWHO works with national governments, academia, non-governmental and philanthropic organizations, and regional and international partners to prevent and manage zoonotic threats and their public health, social and economic impacts",zoonotic diseases,What do urbanization and destruction of natural habitats increase the risk of?,"['Zoonotic threat', 'Zoonotic disease', 'rauses of zoonotic diseases']"
339," These efforts include fostering cross-sectoral collaboration at the human-animal-environment interface among the different relevant sectors at regional, national and international levels WHO also works to develop capacity and promote practical, evidence-based and cost-effective tools and mechanisms for zoonoses prevention, surveillance and detection through reporting, epidemiological and laboratory investigation, risk assessment and control, and assisting countries in their implementationAs part of the One Health approach, the World Health Organization collaborates with the Food and Agriculture Organization of the United Nations (FAO) and the World Organisation for Animal Health (OIE) on the Global Early Warning System for Major Animal Diseases (GLEWS)",the Global Early Warning System for Major Animal Diseases,What does GLEWS stand for?,"['the World Health Organization', 'the One Health approach', 'the Food and Agriculture Organization of the United Nations']"
340," This joint system builds on the added value of combining and coordinating alert mechanisms of the three agencies to assist in early warning, prevention and control of animal disease threats, including zoonoses, through data sharing and risk assessmentLaunching today, the COVID-19 Law Lab initiative gathers and shares legal documents from over 190 countries across the world to help states establish and implement strong legal frameworks to manage the pandemic The goal is to ensure that laws protect the health and wellbeing of individuals and communities and that they adhere to international human rights standards",international human rights standards,What is the goal of the COVID-19 Law Lab?,"['the joint system', 'the development of legal instruments', 'all the legal documents']"
341,"org) is a joint project of United Nations Development Programme (UNDP), the World Health Organization (WHO), the Joint United Nations Programme on HIV/AIDS (UNAIDS) and the O’Neill Institute for National and Global Health Law at Georgetown UniversityWell-designed laws can help build strong health systems; evaluate and approve safe and effective drugs and vaccines; and enforce actions to create healthier and safer public spaces and workplaces Critically, they are key to effective implementation of the WHO International Health Regulations: surveillance; infection prevention and control; management of travel and trade; and implementation of measures to maintain essential health services",O’Neill Institute for National and Global Health Law,What is the name of the institute at Georgetown University?,"[' Georgetown University', 'The WHO International Health regulations', 'The Joint United Nations Organization on HIV/AIDS']"
342,"“Strong legal frameworks are critical for national COVID-19 responses,” said Dr Tedros Adhanom Ghebreyesus, WHO Director-General“Laws that impact health often fall outside the health sector",Dr Tedros Adhanom Ghebreyesus,Who is WHO Director-General?,"['Who is the WHO Director- General?', 'A man who is known to us as Dr Tedros Adhanom Ghebreyesus', 'Dr Tedros Adhanbreyesus']"
343," As health is global, legal frameworks should be aligned with international commitments to respond to current and emerging public health risks A strong foundation of law for health is more important now than ever before”However, laws that are poorly designed, implemented, or enforced can harm marginalized populations, entrench stigma and discrimination, and hinder efforts to end the pandemic",global,"As health is what, legal frameworks should be aligned with international commitments to respond to current and emerging public health risks?","['international', ' legal', 'global health']"
344," It includes state of emergency declarations, quarantine measures, disease surveillance, legal measures relating to mask-wearing, social distancing, and access to medication and vaccines The database will continue to grow as more countries and themes are addedIt will also feature research on different legal frameworks for COVID-19",COVID-19,What is the name of the legal framework that will be used in the database?,"['A legal framework called CODA-19', 'A legal web named CO study', 'Barrow declared']"
345," These analyses will focus on the human rights impacts of public health laws and help countries identify best practices to guide their immediate responses to COVID-19 and socioeconomic recovery efforts once the pandemic is under control It builds off the work of the UHC Legal Solutions Network, which was established to help countries achieve universal health coverage through the implementation of rights-based legal frameworks“We need to track and evaluate how laws and policies are being used during the Pandemic to understand what works,” said Dr",UHC Legal Solutions Network,What organization was established to help countries achieve universal health coverage through the implementation of rights-based legal frameworks?,"['ULCF legal services', 'The human rights impacts of the pandemic', 'The United Human rights Network']"
346," Kavanagh, faculty in Georgetown University’s Department of International Health Katie Gottschalk, Executive Director of the O’Neill Institute for National and Global Health Law at Georgetown University Law Center added, “We must learn lessons from the early stage of pandemic policies to implement the most effective laws going forward – the COVID-19 Law Lab allows us to do just that”About UNDPUNDP is the leading United Nations organization fighting to end the injustice of poverty, inequality, and climate change",UNDPUNDP,"Who is the leading United Nations organization fighting to end the injustice of poverty, inequality, and climate change?","[' Georgetown University', 'Climate change', 'Climate Change']"
347," Working with ourbroad network of experts and partners in 170 countries, we help nations to build integrated, lasting solutions for people and planetorgor follow at @UNDPAbout WHOThe World Health Organization provides global leadership in public health within the United Nations system",170,How many countries do we work with?,"['3 countries', 'World Health Organization', '200']"
348," Founded in 1948, WHO works with194 Member States, across six regions and from more than 150 offices,to promote health, keep the world safe and serve the vulnerable Our goal for 2019-2023 is to ensure that a billion more people have universal health coverage, to protect a billion more people from health emergencies, and provide a further billion people with better health and wellbeing For updates on COVID-19 and public health advice to protect yourself from coronavirus, visitwww",a billion,How many people have universal health coverage for 2019-2023?,"['a lot of people.', 'A billion', 'a billion more people with better health']"
349,"intand follow WHO onTwitter,Facebook,Instagram,LinkedIn,TikTok,Pinterest,Snapchat,YouTubeAbout UNAIDSThe Joint United Nations Programme on HIV/AIDS (UNAIDS) leads and inspires the world to achieve its shared vision of zero new HIV infections, zero discrimination and zero AIDS-related deaths UNAIDS unites the efforts of 11 UN organizations—UNHCR, UNICEF, WFP, UNDP, UNFPA, UNODC, UN Women, ILO, UNESCO, WHO and the World Bank—and works closely with global and national partners towards ending the AIDS epidemic by 2030 as part of the Sustainable Development Goals Learn more atunaids",UNAIDS,What is the name of the joint United Nations Programme on HIV/AIDS?,"['AIDS', 'V anti - AIDS groups', 'UNESCO']"
350,"organd connect with us onFacebook,Twitter,InstagramandYouTubeO’Neill Institute for National and Global Health Law and Georgetown UniversityThe O’Neill Institute, housed at Georgetown University, was established to create innovative solutions to the most pressing national and international health concerns, with the essential vision that the law has been, and will remain, a fundamental tool for solving critical health problems The Georgetown University Department of International Health is home to scholarship in public health, economics, political science, and medicine",Georgetown University Department of International Health,"What university is home to scholarship in public health, economics, political science, and medicine?","[' Georgetown University', 'The Washington University', ""The O'clock Institute for National and Global Health Law""]"
351, Georgetown’s Global Health Initiative serves as a university-wide platform for developing concrete solutions to the health challenges facing families and communities throughout the world Read more at oneillinstituteorg and connect with us on Twitter and Facebook,oneillinstituteorg,Where is Georgetown's Global Health Initiative located?,"["" Georgetown's Global Health Initiative"", ' Georgetown', "" Georgetown 'S website""]"
352,"The 75 countries, which would finance the vaccines from their own public finance budgets, partner with up to 90 lower-income countries that could be supported through voluntary donations to Gavi’s COVAX Advance Market Commitment (AMC) Together,this group of up to 165 countries represents more than 60% of the world’s population Among the group are representatives from every continent and more than half of the world’s G20 economies",more than half,How many of the world's G20 economies are representatives from each continent?,"['Almost all', ""4 % of the world's G20 economy"", 'About one third of the world keep their G20 economies']"
353,"“COVAX is the only truly global solution to the COVID-19 pandemic,” said Dr Seth Berkley, CEO of Gavi, the Vaccine Alliance ““For the vast majority of countries, whether they can afford to pay for their own doses or require assistance,it means receiving a guaranteed share of doses and avoiding being pushed to the back of the queue, as we saw during the H1N1 pandemic a decade ago Even for those countries that are able to secure their own agreements with vaccine manufacturers,this mechanism represents, through its world-leading portfolio of vaccine candidates, a means of reducing the risks associated with individual candidates failing to show efficacy or gain licensure",COVAX,What is the only truly global solution to the COVID-19 pandemic?,"['H1N1 pandemic', 'VioX', 'Vocuses']"
354," It will achieve this by sharing the risks associated with vaccine development, investing in manufacturing upfront so vaccines can be deployed at scale as soon as they are proven successful, and pooling procurement and purchasing power to achieve sufficientvolumes to end the acute phase of the pandemic by 2021“This early level of interest represents a tremendous vote of confidence in COVAX and our shared goal to protect people around the globe through the fair allocation of a COVID-19 vaccine,” said Dr Richard Hatchett, CEO of CEPI “COVAXoffers an innovative solution to the gravest public health crisis in living memory",sharing the risks associated with vaccine development,What is the goal of COVAX?,"['making vaccine production more quickly', 'avoiding the orphan of a CO Xiang-19 vaccine', 'avoiding the orphan stage of the pandemic']"
355," It will speed up the availability of safe and effective vaccines through early investment in manufacturing capacity, and maximise the chances of success by backinga broad and diverse portfolio of vaccine candidates Through COVAX our aspiration is to be able to vaccinate the most vulnerable 20% of the population of every country that participates, regardless of income level, by the end of 2021 Ensuring fairaccess is not only a matter of equity; it is the fastest way to end this pandemic” The goal of COVAX is by the end of 2021 to deliver two billion doses of safe, effective vaccines that have passed regulatory approval and/or WHO prequalification",2021,By what year will COVAX be able to vaccinate the most vulnerable 20% of the population of every country that participates?,"['20% of the population', '20 %', '20 % of it [ :Vocuses']"
356," These vaccines will be delivered equally to all participating countries, proportional totheir populations, initially prioritising healthcare workers then expanding to cover 20% of the population of participating countries Further doses will then be made available based on country need, vulnerability and COVID-19 threat The COVAX Facilitywill also maintain a buffer of doses for emergency and humanitarian use, including dealing with severe outbreaks before they spiral out of control",20%,How much of the population of participating countries will the vaccines cover?,[]
357,"“The COVID-19 pandemic, like every health crisis, also presents us with opportunities,” said Dr Soumya Swaminathan, WHO Chief Scientist “A vaccine that is affordable and accessible to all will help us address systemic health inequalitiesWe need all countries to support COVAX to achieve this goal and bring an end to the acute phase of the pandemic",COVAX,What is the name of the vaccine that all countries need to support?,"['Vitamin - 19', 'The Hardship of the pandemics', 'The Banned vaccine']"
358,"”The success of these efforts will ultimately depend on securing enough funding from governments and commitments from vaccine manufacturers to participate at a scale large enough to deliver a global solution The formal expressions of interest submittedare non-binding; the COVAX pillar will now begin a process of consultation with all 165 countries, with countries funding vaccines through their own domestic budgets being required to provide an upfront payment and a commitment to purchase doses bythe end of August to secure involvement in the COVAX Facility Significant progress has been achieved by the COVAX partners to date, with seven of the nine candidate vaccines supported by CEPI already in clinical trials",seven,How many vaccines have been supported by CEPI?,"['many vaccines', ' vaccine manufacturers', 'seven and eight']"
359," A memorandum of understanding with AstraZeneca also commits them to supply 300 million dosesof COVID-19 vaccines to COVAX In addition, in June Gavi launched the COVAX Advance Market Commitment (AMC), a financing instrument aimedat incentivising vaccine manufacturers to produce sufficient quantities of eventual COVID-19 vaccines to ensure access for developing countries The AMC has already raised close to US$ 600 million against an initial target of US$ 2 billion from highincome donors as well as the private sector",300 million,How many doses of COVID-19 vaccines did AstraZeneca supply to COVAX?,"['50 million', '3,300 million.', '5 percent of the vaccine were supply to COVX']"
360," The Gavi Alliance will also work with the developing countries to assure readiness of supply and cold chain and training to reach high risk groupsNotes to editorsThe countries submitting expressions of interest include Argentina, Armenia, Brazil, Canada, Czech Republic, Estonia, Finland, Iceland, Ireland, Israel, Japan, Kuwait, Luxembourg, Mauritius, Mexico, Monaco, Montenegro, New Zealand, North Macedonia, Norway, Portugal, Qatar, Republic of Korea, San Marino, Saudi Arabia, Switzerland, United Arab Emirates and the United KingdomIn addition to the 75 potentially self-financing countries that have submitted Expressions of Interest in the COVAX Facility, 20 Gavi COVAX AMC-eligible countries have also voluntarily submitted Expressions of Interest",20,How many Gavi COVAX AMC-eligible countries submitted Expressions of Interest in the COVAX Facility?,"['35', '75 countries expressing expressions of interest', '75 countries!']"
361,"The proposed list of 90 AMC-eligible countries includes existing Gavi-supported countries, former Gavi-supported countries and IDA-eligible small economies The full list is subject to approval by the Gavi Board and will be released once approvedAbout Gavi, the Vaccine AllianceGavi, the Vaccine Alliance is a public-private partnership that helps vaccinate half the world’s children against some of the world’s deadliest diseases",90,How many AMC-eligible countries are on the proposed list?,"['Gavate - supported countries', 'The number of these countries', 'AMela-oid countries']"
362,"About CEPICEPI is an innovative partnership between public, private, philanthropic, and civilorganisations, launched at Davos in 2017, to develop vaccines to stop future epidemics CEPI has moved with great urgency and in coordination with WHO in responseto the emergence of COVID-19 CEPI has initiatedninepartnerships to develop vaccines against the novel coronavirus",vaccines against the novel coronavirus,What type of vaccine has CEPI initiated in response to the emergence of COVID-19?,"['vaccines to stop future pandics', 'Vaccines against the novelbull virus', 'Virus that can be used against the novel mediator']"
363," Theprogrammesare leveraging rapid response platforms already supported by CEPI as well as new partnershipsBefore the emergence of COVID-19, CEPI’s priority diseases included Ebola virus, Lassa virus, Middle East Respiratory Syndrome coronavirus,Nipahvirus, Rift Valley Fever and Chikungunya virus CEPI also invested in platform technologiesthat can be used for rapid vaccine and immunoprophylactic development against unknown pathogens (Disease X)",Theprogrammesare,What is leveraging rapid response platforms already supported by CEPI?,"['CEPI', 'CepI', 'CepI invested in platform technicalologistsat']"
364,"About WHOThe World Health Organization provides global leadership in public health within the United Nations system Founded in 1948, WHO works with194 Member States, across six regions and from more than 150 offices,to promote health, keep the worldsafe and serve the vulnerable Our goal for 2019-2023 is to ensure that a billion more people have universal health coverage, to protect a billion more people from health emergencies, and provide a further billion people with better health and wellbeing",to ensure that a billion more people have universal health coverage,What is the goal of the World Health Organization for 2019-2023?,"['to protect a billion people from health emergencies', 'to help a lot of people with better health', ' To protect a lot more people suffering from health emergency']"
365,"For updates on COVID-19 and public health advice to protect yourself from coronavirus, visitwwwintand follow WHO onTwitter, Facebook,Instagram, LinkedIn,TikTok, Pinterest,Snapchat, YouTubeGENEVA/NEW YORK, 15 July 2020 – The World Health Organization and UNICEF warned today of an alarming decline in the number of children receiving life-saving vaccines around the world",15 July 2020,When did the World Health Organization and UNICEF warn of a decline in children receiving life-saving vaccines?,"['15 July 2016 [ : Zxxk. Com ]', '16 July,', '15 July, 15 July']"
366," This is due to disruptions in the delivery and uptake of immunization services caused by the COVID-19 pandemic According to new data by WHO and UNICEF, these disruptions threaten to reverse hard-won progress to reach more children and adolescents with a wider range of vaccines, which has already been hampered by a decade of stalling coverage The latest data on vaccine coverage estimates from WHO and UNICEF for 2019 shows that improvements such as the expansion of the HPV vaccine to 106 countries and greater protection for children against more diseases are in danger of lapsing",106,How many countries have the HPV vaccine expanded to?,"[' asthma', '105 countries.', ' vaccine market']"
367," For example, preliminary data for the first four months of 2020 points to a substantial drop in the number of children completing three doses of the vaccine against diphtheria, tetanus and pertussis (DTP3) This is the first time in 28 years that the world could see a reduction in DTP3 coverage – the marker for immunization coverage within and across countries“Vaccines are one of the most powerful tools in the history of public health, and more children are now being immunized than ever before,” said Dr Tedros Adhanom Ghebreyesus, WHO Director-General",Dr Tedros Adhanom Ghebreyesus,Who is the WHO Director-General?,"['The WHO Director-General', 'Who is the WHO Director-General?', 'Dr Jasonrosadhanom Nhebusesus']"
368, “But the pandemic has put those gains at risk The avoidable suffering and death caused by children missing out on routine immunizations could be far greater than COVID-19 itself But it doesn’t have to be that way,COVID-19,What type of immunization could be far greater than the preventable suffering and death caused by children missing out on routine immunizations?,"['Children missing out on routine immuneizations', 'Recidedation of routine immuneization', ""Children's suffering""]"
369," Vaccines can be delivered safely even during the pandemic, and we are calling on countries to ensure these essential life-saving programmes continue”COVID-19 disruptionsDue to the COVID-19 pandemic, at least 30 measles vaccination campaigns were or are at risk of being cancelled, which could result in further outbreaks in 2020 and beyond According to a new UNICEF, WHO and Gavi pulse survey, conducted in collaboration with the US Centers for Disease Control, the Sabin Vaccine Institute and Johns Hopkins Bloomberg School of Public Health, three quarters of the 82 countries that responded reported COVID-19 related disruptions in their immunization programmes as of May 2020",three quarters,How many of the 82 countries that responded reported COVID-19 related disruptions in their immunization programs as of May 2020?,"['four quarters', 'one and a half', 'two and three quarters']"
370," The reasons for disrupted services vary Even when services are offered, people are either unable to access them because of reluctance to leave home, transport interruptions, economic hardships, restrictions on movement, or fear of being exposed to people with COVID-19 Many health workers are also unavailable because of restrictions on travel or redeployment to COVID response duties as well as a lack of protective equipment",reluctance to leave home,Why are people unable to access services when they are offered?,"['consumers find it hard to get back their services', 'considered to be exposed to people with CODA-19', ""people's fears about being exposed to COffic""]"
371,"“COVID-19 has made previously routine vaccination a daunting challenge,” said UNICEF Executive Director Henrietta Fore “We must prevent a further deterioration in vaccine coverage and urgently resume vaccination programs before children’s lives are threatened by other diseases We cannot trade one health crisis for another",COVID-19,What has made previously routine vaccination a daunting challenge?,"['Vaccine cover', 'Vaccination', 'oc http://diversity- awareness']"
372,"” Stagnating global coverage rate Progress on immunization coverage was stalling before COVID-19 hit, at 85 per cent for DTP3 and measles vaccines The likelihood that a child born today will be fully vaccinated with all the globally recommended vaccines by the time she reaches the age of 5 is less than 20 per cent In 2019, nearly 14 million children missed out on life-saving vaccines such as measles and DTP3",20 per cent,What is the likelihood that a child born today will be fully vaccinated with all the globally recommended vaccines by the time she reaches the,"['80 per cent to 90 per cent', '20 per cent in 2020', '15 per cent']"
373," Most of these children live in Africa and are likely to lack access to other health services Two-thirds of them are concentrated in 10 middle- and low-income countries: Angola, Brazil, Democratic Republic of the Congo, Ethiopia, India, Indonesia, Mexico, Nigeria, Pakistan, and Philippines Children in middle-income countries account for an increasing share of the burden",Africa,Where do most of the children live?,"['Middle - and low -income Countries', 'Middle - income countries', 'Children in middle - income countries']"
374," Progress and challenges, by country and regionThere has been some progress Regional coverage for the third dose of DTP in South Asia has increased by 12 percentage points over the last 10 years, notably across India, Nepal and Pakistan However, that hard-won progress could be undone by COVID-19 related disruptions",COVID-19,What was the name of the organization that was responsible for the disruption of DTP in South Asia?,"['India', 'India, Nepal and Pakistan', 'Dito-19 \n : a name']"
375," Countries that had recorded significant progress, such as Ethiopia and Pakistan, are now also at risk of backsliding if immunization services are not restored as soon as feasible The situation is especially concerning for Latin America and the Caribbean, where historically high coverage has slipped over the last decade In Brazil, Bolivia, Haiti and Venezuela, immunization coverage plummeted by at least 14 percentage points since 2010",14 percentage points,"How much has immunization coverage dropped in Brazil, Bolivia, Haiti and Venezuela since 2010?","['20 percentage points [ : Zxxk. Com ]', '20 % points', '14 %']"
376," These countries are now also confronting moderate to severe COVID19-related disruptions As the global health community attempts to recover lost ground due to COVID-19 related disruptions, UNICEF and WHO are supporting countries in their efforts to reimagine immunization and build back better by:Restoring services so countries can safely deliver routine immunization services during the COVID-19 pandemic, by adhering to hygiene and physical distancing recommendations and providing protective equipment to health workers; Helping health workers communicate actively with caregivers to explain how services have been reconfigured to ensure safety;Rectifying coverage and immunity gaps; Expanding routine services to reach missed communities, where some of the most vulnerable children live###Notes to editorsDownload photos , the report, data files and b-roll from UNICEF here or from WHO here",moderate to severe,How many COVID19-related disruptions are there in these countries?,"['middle to severe in these countries', 'as follows', 'asides to heavy waves']"
377," After 2pm CET 15 July, read the analysis of the data in this report,Are we losing ground? or browse the full vaccine coverage datasets from UNICEF or at WHO’s webpage Review presentation and graphs related to the data here About the data2019 IMMUNIZATION COVERAGE ESTIMATESEvery year, UNICEF and the World Health Organization (WHO) produce a new round of immunization coverage estimates for 195 countries, enabling a critical assessment of how well we are doing in reaching every child with life-saving vaccines",15 July,When did the data in this report end?,"['20 July', 'When did the data come out', 'After 2 pm ( July )']"
378," In addition to producing the immunization coverage estimates for 2019, the WHO and UNICEF estimation process revises the entire historical series of immunization data with the latest available information The 2019 revision covers 39 years of coverage estimates, from 1980 to 2019 DTP3 coverage is used as an indicator to assess the proportion of children vaccinated and is calculated for children under one year of age",39 years,How long does the 2019 revision cover?,"['4 years', '1.5 -3 years', '18 years']"
379," The estimated number of vaccinated children are calculated using population data provided by the 2019 World Population Prospects (WPP) from the UNIMMUNIZATION PULSE SURVEY, JUNE 2020The new UNICEF, WHO and Gavi pulse survey was conducted in collaboration with US Centers for Disease Control, the Sabin Vaccine Institute and Johns Hopkins Bloomberg School of Public Health, in June 2020 Respondents from 82 countries, including 14 with lower than 80 per cent vaccination coverage rates in 2019, reported on disruptions in immunization services due to COVID-19 as of May 2020",COVID-19,What was the cause of disruptions in immunization services?,"['Vaccines were refused', ' vaccineization services', 'Vaccio protection services']"
380," The online immunization pulse survey received responses from 260 immunization experts, including representatives of Ministries of Health, academia and global health organizations across 82 countries A previous pulse poll, conducted in April received 801 responses from 107 countries, showed that disruption to the routine immunization programs were already widespread and affected all regions 64 per cent of countries represented in that poll indicated that routine immunizations had been disrupted or even suspended",260,How many immunization experts responded to the online immunization pulse survey?,"['300', 'Elements', '85']"
381,"The World Health Organization provides global leadership in public health within the United Nations system Founded in 1948, WHO works with194 Member States, across six regions and from more than 150 offices,to promote health, keep the world safe and serve the vulnerable Our goal for 2019-2023 is to ensure that a billion more people have universal health coverage, to protect a billion more people from health emergencies, and provide a further billion people with better health and wellbeing",a billion,How many people have universal health coverage for 2019-2023?,"['two billion', 'two people', 'two million']"
382," For updates on COVID-19 and public health advice to protect yourself from coronavirus, visitwwwintand follow WHO onTwitter,Facebook,Instagram,LinkedIn,TikTok,Pinterest,Snapchat,YouTube More on vaccines and immunizationGuiding principles for immunization activities during the COVID-19 How WHO is supporting ongoing vaccination efforts during the COVID-19 pandemicThe vaccines success story gives us hope for the futureUNICEF works in some of the world’s toughest places, to reach the world’s most disadvantaged children",to reach the world’s most disadvantaged children,What is the goal of UNICEF?,"['to protect yourself from carnavirus', 'to help protect oneself from carnival virus', 'to make the vaccine production known to the world']"
383," Across 190 countries and territories, we work for every child, everywhere, to build a better world for everyone For more information about UNICEF and its work for children, visit www For more information about COVID-19, visit www",190,How many countries and territories does UNICEF work for every child?,"['50', '20', '200 - plus countries and territories']"
384," Information on UNICEF’s Immunization programme, available here Follow UNICEF on Twitter and FacebookWHO Director-General, Dr Tedros Ghebreyesus declared that the outbreak of COVID-19 caused by the 2019 novel coronavirus (SARS-CoV-2) constitutes a Public Health Emergency of International Concern",2019 novel coronavirus,What is the name of the virus that causes COVID-19?,"['SARS-CoV-2', 'SARS', 'A Public Health Emergency of International Concern']"
385," Since then many countries have implemented measures to combat the spread of the disease, including restrictions on travel and social interactions Likewise, WHO HQ in Geneva implemented teleworking for the majority of staff, as of 15 March 2020 In addition, a small group of key WHO staff and experts, including some who work for WHO prequalification Unit (PQT) are involved in activities to combat the COVID-19 pandemic",teleworking,What did WHO HQ in Geneva implement for the majority of staff?,"['team work', ""it's working"", 'working as a part of the staff']"
386,"Some delays in prequalification activities are likely to occur since:Inspections must be suspended or postponed if:Manufacturing sites to be inspected are in one of the outbreak hotspots or where travel has been restrictedManufacturing sites themselves have cancelled planned inspection following their own restrictions forbidding entry of visitors into their premises, or if their staff are quarantined at homeCo-inspectors are not allowed to travel given restrictions imposed by their institutions and/or National Regulatory Authorities",their staff are quarantined at home,Why are Co-inspectors not allowed to travel due to restrictions forbidding entry of visitors into their premises?,"[""they haven't decided whether to open their business"", 'they are not allowed to travel', 'they are forbidden to travel by the National regulatory authorities']"
387,Some PQT staff and experts are now dedicating time to COVID-19 activities such as the Emergency Use Listing (EUL) for IVDs and providing expert input on possible therapeutics and vaccinesApplicants may be unable to respond to PQ assessment questions and inspection observations in a timely manner due to movement and work restrictions at their sites PQT is already receiving requests for more time as a result of these restrictions and these are granted on case-by-case basis,PQT is already receiving requests for more time as a result of these restrictions,Why is PQT unable to respond to PQ assessment questions and inspection observations?,"['PQT is not able to do its work on case-by - case basis', 'There is still too much time for PQ T to do all the work', 'Why is PQT not able to respond to PQ assessment questions and inspection observations?']"
388,"PQT and WHO in general are seeking to mitigate the impact of the COVID-19 on delivery of mandates, including through:Increased GMP/QMS desk assessment of manufacturing sites, where appropriateExpansion of consultant pool to boost PQT’s surge capacityIncreased medicines assessment via external assessors",external assessors,What is the role of a consultant pool to boost PQT’s surge capacity?,"['PQT', ""PQT's increase capacity"", 'increasing GMp/Q MS dataStevenaxing']"
389,Prioritization of products based on public health needsEnhanced teleworking capacity and toolsWe are working hard to minimize the impact of COVID-19 but request your patience and understanding,teleworking capacity and tools,What is the focus of COVID-19?,"['a new way of teleworking capacity and tools', 'adviation of teleworking capacity', 'preventing \n work and using computers']"
390,"Deusdedit MubangiziHead, Prequalification UnitOn June 25, WHO Director General Dr Tedros Adhanom Ghebreyesus and Dr Hand Kluge, Regional Director of WHO Europe, spoke at the European Parliament Committee for Environment, Public Health and Food Safety (ENVI) on the fight against COVID-19 and the global response and highlighted the leadership of the European Union during this unprecedented time“The EU is in a unique position to provide global leadership in defining the “new normal” as part of the global recovery”, Dr Tedros said","the European Parliament Committee for Environment, Public Health and Food Safety",Where did Dr Tedros and Hand Kluge speak on the fight against COVID-19?,"['the head of WHO Europe', ""a meeting of the European Union's \n Health and Food Safety"", 'a meeting on environmental protection and food safety']"
391,"But plans for the post-COVID-19 recovery, and to reduce the risk of future epidemics, must go further upstream than early detection and control of disease outbreaks – “they must also lessen our impact on the environment, to reduce risk at the source”, Dr Tedros stressedIn this regard, Dr Tedros welcomed the Team Europe approach and the European Union plans for a greener recovery, bringing nature back in our lives He also praised the Global Coronavirus Response pledging campaign launched by the EU, which has so far raised €9",€9,How much has the Global Coronavirus Response campaign raised?,"['20', 'so far', 'so far, the Global Coronavirus Response is still going on']"
392,"8 billion, and said more is neededDr Kluge emphasized the complementarities and synergies between the European Programme of Work, entitledUnited Action for Better Health” entitled, in supporting WHO’s Thirteenth General Programme of Work (GPW13)and the EU4Health Programme of the European CommissionDr Kluge warned parliamentarians about a second wave in Europe and that countries should be prepared",8 billion,How many people did Dr Kluge warn parliamentarians about the second wave in Europe?,"['7 billion', '9 billion', '3.4 billion.']"
393," In this regard, he announced that the WHO European Region has startedan ACTION REVIEW, gathering lessons learned in order to develop policy options to help countries to prepare for the AutumnThe Regional Director underlined that “health systems based on strong primary health care are the foundation for health security and universal health coverage” and that national routine immunization programmes needs to be maintained during the pandemic, he saidClick here for the interactive timelineLast updated 28 December 2020 to restore some dates that had been inadvertently deleted from this text version of the timeline",WHO European Region,What is the name of the region that has started an ACTION REVIEW?,"['Health systems based on strong primary health care', 'health care', 'What is taking place in the context of Health Care']"
394, They remained in the interactive timeline throughout------WHO provides this timeline of the Organization’s COVID-19 response activities for general information WHO will update the timeline on a regular basis and in light of evolving events and new information,COVID-19,What was the organization's response activity?,"['WTO', "" WHO's information"", ""What was the organization's response activity?""]"
395," Unless noted otherwise, country-specific information and data are as reported to WHO by its Member StatesThis timeline supersedes theWHO Timeline statementpublished in April 2020 It is not intended to be exhaustive and does not contain details of every event or WHO activity",April 2020,When was the WHO Timeline statement published?,"['October 20', 'As soon as the WHO website was published', 'When was the first time that the WHO was published?']"
396,"As of 11 December 2020, the following milestones and events focused on COVID-19 have taken place:The Director-General and Executive Director of the WHO Health Emergencies Programme have held120 media briefingsThe Director-General'sopening remarks,transcripts, videos and audio recordingsfor these media briefings are available onlineThere have been 38 Member State Briefings and information sessions",38,How many Member State Briefings and information sessions have occurred?,"['11.5 % of the time', '21', '12.4 % of the information sessions have occurred.']"
397,"WHO convenes international expert networks,covering topics such asclinical management, laboratory and virology, infection prevention and control, mathematical modelling, seroepidemiology, and research and development for diagnostics, therapeutics and vaccines, which have held frequent teleconferences,starting inearly January These networks include thousands of scientists, medical and public health professionals from around the worldTheOpenWHOplatform has had more than 4",more than 4,How many people attended the OpenWHO platform?,"['many people', 'About 2,4 million people', 'About 4 times as many people attended the Open WHO platform']"
398,"7 million total course enrolments, with 149 courses available to support the COVID-19 response, spanning 22 topics and 44 languages for COVID-19TheStrategic and Technical Advisory Group on Infectious Hazards(STAG-IH) has met 53 times STAG-IH provides independent advice and analysis to the WHO Health Emergencies Programme on the infectious hazards that may pose a threat to global health security",149,How many courses are available to support the COVID-19 response?,"['How many courses are available to support the CODA-19 response', ' vaccine', '7 million total courseParticipators']"
399,"As of 8 December 2020, WHO’slandscape of COVID-19 candidate vaccineslists 52 candidate vaccines in clinical evaluation and 162 in preclinical evaluationIn addition to the selected guidance included below, all of WHO’s technical guidance on COVID-19 can be found onlinehereAll events listed below are in the Geneva, Switzerland time zone (CET/CEST)","Geneva, Switzerland time zone",Where are all of WHO's technical guidance on COVID-19 located?,"['A Swiss time zone', 'Guidelines for CODA-19', ""China's technical guidance on CODA-19""]"
