,context,answer,question,distractor
1800,"Promote access to people-centered prevention and care services Home-based and community-based prevention and care should be strongly preferred over hospital treatment for TB patients (unless serious conditions requirehospitalization) to reduce opportunities for transmission This includes WHO recommended, all-oral TB treatments for multidrug-resistant TB and extensively drug-resistant TB",multidrug-resistant TB,What type of TB is all-oral TB treatment for?,"['all-oral TB', 'it is expensive to treat TB', 'it-oral and drug- resistant TB']"
1801," Digital adherence technologies can help bridge the gap in communicationTB preventive treatment should be ensured for household contacts, especially given increased risk of exposureBuild and strengthen community, youth and civil society engagement to close gaps in care",communicationTB,Digital adherence technologies can help bridge the gap in what type of preventive treatment?,"['Digital stickler technologies', 'Digital privacy', 'online follow - up treatment']"
1802," Community health workers, youth volunteers and civil society can be engaged in reaching those at risk or those affected byTB and/or COVID-19 with care We need to harness the potential of these groups while ensuring effective infection control and protective measures for them Please do read the touching story from China below about Xu Xinghua- a TB survivor whois now working as a volunteer and peer consultant for TB patients through an online peer-to-peer support group in China",Xu Xinghua,Who is a TB survivor who is now working as a volunteer and peer consultant for TB patients?,"['A TB survivor', 'The TB survivor.', 'The TB workers, youth volunteers and civil society can benefit from them']"
1803," With the outbreak of COVID-19 in the beginning of 2020, Xu has had to go beyond the line of duty to ensure that people withTB get uninterrupted treatmentDear colleagues, partners and friends; the COVID-19 pandemic has highlighted the need for more preparedness and solidarity to ensure access to health care in times of crisis We must learn from this experience and emerge victorious",the COVID-19 pandemic,What has highlighted the need for more preparedness and solidarity to ensure access to health care in times of crisis?,"['the health care crisis', 'the shortage of health care in the world', 'the spread of the disease']"
1804," The commitments made,and targets set by Heads of State and other leaders to accelerate action to end TB must be kept even in crisis, backed by adequate investments We need to do this to protect the lives of millions of people struggling with TB each day, and to sustainthe gains we have made in the fight against TBThe time is now for solidarity and action",solidarity and action,What is the time for the fight against TB?,"['stricter action and friendliness', 'its time to end TB', 'the time of end TB is coming']"
1805," Let us join forces and step up the fight to end TB and COVID-19 – only united will we succeedDr Tereza KasaevaDirectorGlobal TB ProgrammeWorld Health Organization#ThanksHealthHeroesThe caretaker buddy: Peer-to-peer support for TB patientsXu Xing-hua (Yunnan, China)WHO / Xu ZixiangXu Xinghua is a volunteer and peer consultant for tuberculosis (TB) patients for 57 Zone, an online peer-to-peer support group in China With the outbreak of COVID-19 in the beginning of 2020, Xu has had to go beyond the line of duty to ensure thatpeople with TB get uninterrupted treatment",Xu,Who is Peer-to-peer support for TB patients?,"['Xu Xinghua', 'The peer - to - peer support group', 'Tereza Kaevina']"
1806,"Read moreWHO Information Note and Q&Aon TBand COVID-19New WHO recommendations to prevent tuberculosis aim to save millions of livesThe WHO Global TB Programme, along with WHO regional and country offices, has developed an Information Note, in collaboration with stakeholders This note is intended to assist national TB programmes and health personnel to urgently maintain continuityof essential services for people affected with TB during the COVID-19 pandemic, driven by innovative people-centred approaches, as well as maximizing joint support to tackle both diseasesRead the Information Note",COVID-19,What new WHO recommendations to prevent tuberculosis aim to save millions of lives?,"['Q&Aon TB&A', 'Aided by national TB programmes', 'Q& A \non TB and COlli-1']"
1807,"Access the new Q&A  on TB & COVID-19WHO Modelling analysis: Predicted impact of the COVID-19 pandemic on global deaths in 2020WHO has released results of modelling work undertaken on the predicted short-term impact of the COVID-19 pandemic on TB deaths in 2020 Results indicate that TB mortality will significantly increase in 2020 and will primarily affect the mostvulnerable TB patients If global TB case detection decreases by an average 25% over a period of 3 months (as compared to the level of detection before the pandemic), an additional 190 000 TB deaths are predicted (a 13% increase), bringingthe total to 1",1,What is the new Q&A on TB & COVID?,"['50 000 TB deaths are predicted', ' TB death will be increased by 45 % in 2020', ' TB deaths will increase by 1 %']"
1808,"66 million TB deaths in 2020 This number is near the global level of TB mortality of the year 2015, a serious setback in the progress towards the targets of the UN High-Level Meeting on TB and WHO End TB StrategyRead the analysisCommunity-based health care, including outreach and campaigns,in the context of the COVID-19 pandemicCommunity-based health care is an essential part of primary care at all times; in the context of the COVID-19 pandemic, the distinct capacity of trusted community members for social engagement and delivering care where it is needed is evermore critical",66 million,How many TB deaths were there in 2020?,"['70 million', '66000', '66,000,000,000,000,000,000,000,000,000,000,000,000,000,000,000,000,000,000,000,000,000,000,000,000,000,000,000,000,000,000,000,000,000,000,000,000,000,000,000,000,000,000,000,000,000,000,000,000,000,000,000,000,000,000,000,000,000,000,000,000,000,000,000,000,000,000,000,000,000,000,000,000,000,000,000,000,000,000,000,000,000,000,000,000,000 people']"
1809," This joint WHO, UNICEF and IFRC guidance addresses the role of community-based health care in the pandemic context It includes practical recommendations for decision makers to help keep communities and health workers safe,to sustain essential services at the community level, and to ensure an effective response to COVID-19 Using this comprehensive and coordinated approach will help countries strengthen the resilience of community-based health services throughoutthe pandemic, into early recovery and beyond",COVID-19,What is a pandemic response to?,"[' community health workers', ' communities and health workers', 'Family - based health care']"
1810,"Read more  COVID-19 and NationalTB Programmes:Summary of Findings across the Six WHO RegionsA preliminary analysis has revealed several challenges These include a slow-down of routine and facility-based case finding and diagnosis across all WHO regions; human resources for TB increasingly engaged in COVID-19 response efforts; drop in TBcase notifications in several high burden countries; lack of real-time TB surveillance data that hampers countries’ ability to assess the situation in terms of decrease in case notifications and access; various levels of disruption in all6 WHO regions concerning procurement and supply of medicines and diagnostics Stock-out situations and stock shortages are noted in in several regions and a decline in routine, facility-based TB treatment services is observed in all regions","a decline in routine, facility-based TB treatment services is observed in all regions","Where is a decline in routine, facility-based TB treatment services observed?","['a decline in morning, facilities - based TB treatment services isace stealardner note that states smaller resistances are observe', 'a increase in fee - based TB treatment services is observed all4 regions worldwide are increased in all regions [ : Zxxk', 'a decrease in routine, age and weight are observed']"
1811," Countrieshave been advised by WHO to shift to the provision of outpatient, community-based TB treatment and care servicesHowever, in parallel, positive steps have been taken by countries, with some implementing innovative, people-centered case finding strategies Different approaches are being used in countries to dispense medications to patients at home, includingthrough greater engagement of community and civil society actors in service delivery","outpatient, community-based TB treatment and care services",Countries have been advised by WHO to shift to what?,"['observe medications to patients at home', ' community-based care services', 'outcomes of community- based TB treatment and treatment. ks5u']"
1812,"Joint WHO and Stop TB Partnership Webinars:Coping with TB during the COVID-19 crisisAccess the webinar and presentationshereScientific Brief:Bacille Calmette-Guérin (BCG) vaccination and COVID-19There is no evidence that the Bacille Calmette-Guérin vaccine (BCG) protects people against infection with COVID-19 virus Two clinical trials addressing this question are underway, and WHO will evaluate the evidencewhen it is available",COVID-19 crisis,What crisis did Joint WHO and Stop TB Partnership Webinars:Coping with TB during?,"['Jokes WHO and Stop TB partnership Webinars', 'Bacille Calmette-Guigrin vaccine', 'JACille Calmette-Gujeed disease']"
1813," The health and safety of the country’s entire population are at riskClose to 400,000 Libyans have been displaced since the start of the conflict nine years ago – around half of them within the past year, since the attack on the capital, Tripoli, startedDespite repeated calls for a humanitarian ceasefire, including by the United Nations Secretary-General, hostilities continue unabated, hindering access and the delivery of critical humanitarian supplies",humanitarian ceasefire,What did the United Nations Secretary-General call for?,"['cycling to an access to critical supplies', 'the situation in spite of the talks.', 'the situation of Libya']"
1814," Humanitarian workers face significant challenges every day to carry on with their mission In March 2020, humanitarian partners reported a total of 851 access constraints on movement of humanitarian personnel and humanitarian items within and into LibyaThe situation for many migrants and refugees is especially alarming",humanitarian partners,Who reported a total of 851 access constraints on the movement of humanitarian personnel and humanitarian items within and into Libya in March 2020?,"['humanitarian workers', 'humanhua workers', 'humanfly partners']"
1815," Since the start of this year, more than 3,200 people have been intercepted at sea and returned to Libya Many end up in one of the eleven official detention centers Others are taken to facilities or unofficial detention centers to which the humanitarian community does not have access",unofficial detention centers,What are some of the facilities that the humanitarian community does not have access to?,"['university', 'university of Libya.', 'Citizens of Libya']"
1816," The United Nations has repeatedly reiterated that Libya is not a safe port and that persons rescued at sea should not be returned to arbitrary detentionWomen and children continue to bear the brunt of the ongoing armed conflict in Libya: over the past year, the United Nations verified 113 cases of grave violations, including killing and maiming of children, attacks on schools, and health facilities Hospitals and health facilities have been targeted by shelling, further disrupting Libya’s fragile health system",113,How many cases of grave violations have been verified by the United Nations over the past year?,"[' crimes against health facilities', 'It has discovered more serious violators in the past year', 'ocuses on health facilities']"
1817," Since the beginning of the year, at least 15 attacks have damaged health facilities and ambulances and injured health care workers These attacks are a blatant violation of international humanitarian law and even more egregious during the COVID-19 pandemicThe onset of the coronavirus in Libya poses yet another strain on the already overstretched health system, and further threatens the most vulnerable people in the country",the COVID-19 pandemic,In what pandemic is the coronavirus a blatant violation of international humanitarian law?,"['the Ebola pandemic', 'the disaster in Libya', 'the disaster caused by the panditudes in Libya']"
1818," As of May 13, there were 64 confirmed cases of COVID-19, including three deaths, in different parts of the country This shows that local/community transmission is taking place The risk of further escalation of the outbreak is very high",64,How many confirmed cases of COVID-19 were there as of May 13?,"['66', ' 64 of them', ' 64 of the cases of CODA-19 were confirmed']"
1819,"Food security, already a challenge, is being compromised by the spread of COVID-19 and its socioeconomic impact on Libyan families Latest market assessments show that most cities are facing shortages of basic food items coupled with an increase in prices Limited market availability of goods and higher prices are impacting plans, as are supply chain disruptions",supply chain disruptions,What are some of the factors that affect Libya's food security?,"['food supply shortage', 'food security', 'Food security']"
1820, Continued support to food security inside the country is essential so that this health crisis does not worsen by becoming a food crisisWe urge all parties to the conflict to protect vital water supply facilities We are acutely alarmed that water facilities have been deliberately targeted or indiscriminately attacked,water facilities have been deliberately targeted or indiscriminately attacked,What is the reason why we are alarmed to protect vital water supply facilities?,"['water facilities are being destroyed or delayed', 'it is vital to protect vital water supply facilities', 'food supply is vital to human beings']"
1821," This affects thousands of women and children and impedes efforts to implement basic virus prevention measures, such as hand-washingWe support the Secretary-General’s call for a global ceasefire and a humanitarian pause to save lives and enable the Libyan authorities and their partners to devote their energies to stopping the spread of COVID-19 The international community must not turn a blind eye to the conflict in Libya and its catastrophic effect on civilians, including migrants and refugees, across the country",humanitarian pause,What does the Secretary-General call for to save lives?,"['human rights and basic virus prevention measures', 'a global silence \n', 'human rights']"
1822,"Despite enormous challenges, the UN and our humanitarian partners have continued to reach the most vulnerable people in Libya Funds are urgently required, including for vital enabling services such as the United Nations Humanitarian Air Service, if we are to continue meeting emergency needs We look forward with anticipation to the pledged financial support to the Humanitarian Response Plan for Libya, as announced by the Government of National Accord",the Government of National Accord,Who announced the pledge of financial support to the Humanitarian Response Plan for Libya?,"['The UN', 'The UN and our humanitarian partners', 'The United Nations Humanwin Air Service']"
1823, Donors have been supportive We ask that they continue to show their generosity and stand by the people of Libya in their quest for peace and in this moment of great needSignatories:UN Under-Secretary-General for Humanitarian Affairs Mark LowcockUN High Commissioner for Refugees Filippo GrandiExecutive Director of UNICEF Henrietta ForeExecutive Director of UN Population Fund Dr,UN Population Fund,Who is Filippo GrandiExecutive Director of?,"['UN Nations Children', 'UN High Rolleriding', 'UN officials']"
1824," Natalia KanemExecutive Director of the World Food Programme David BeasleyDirector-General of World Health Organization Dr Tedros Adhanom GhebreyesusDirector General of International Organization for Migration António VitorinoDespite the human suffering caused by COVID-19, this health emergency and our efforts to contain it are turning our attention to some of the more fundamental, systemic, causes of ill health related to the ways in which we organize our societies and interact with the environment",David Beasley,Who is Natalia KanemExecutive Director of the World Food Programme?,"['N Security Kanem', 'Nali Kanem', 'The World Food Program']"
1825,"As terrible and unwelcome as the current situation is, with so many people suffering and the world economy paralyzed, it is up to all of us to emerge stronger and more resilient than ever beforeThat is why we would like to ask you to join us in collecting “clean, healthy memories"" to build back betterPlease share the experiences you are havingduring the coronavirus lockdown (good or bad) to inspire us in the green and healthy recovery we need",to inspire us in the green and healthy recovery we need,What does the coronavirus lockdown do?,"['to make all of us come stronger and more self - confident', 'to make all of us come stronger and more selfive throughout Historyucky againlls.to build back better', 'to help us find a good recovery']"
1826,"Send us pictures of the blue skies, the clean waters, the vibrant nature blooming around you Send us pictures of acts of kindness from neighbors and friends, of the ways in which you have found comfort and mental and physical well-being in these difficult times Send us pictures of your city turned more people-friendlyThis photo collection will become part of our Manifesto for a healthier and greener recovery to inspire us to imagine a ""new normal"" and call on global leaders to build the future we need",Manifesto for a healthier and greener recovery,What will this photo collection become part of to inspire us to imagine a new normal?,"['Send us pictures of the blue sky', 'Exercise in the park', 'Send us some beautiful pictures of your city. \n']"
1827,"You do not need to be a professional photographer or have a special camera, and anyone can participate, as long as you are the owner of the photos and give us permission to use and share them Please send us your picture/s at carbonfootprint@whoint, using the title ""Healthy Memories"" and including the sentence "" I confirm I am the author of these pictures and I give permission to WHO to use and display these pictures""",WHO,Who gives permission to use and display the pictures?,"['Who takes the pictures and gives them permission to use and share them?', 'The author', "" WHO's pictures""]"
1828,"Cities have provided more space for cyclists and pedestrians during lockdown, encouraging physical activity and reducing air pollution (Credit: Jackman Chiu)With lockdown measures in place in many parts of the world to limit the spread of COVID-19, many people are re-appreciating the need for green spaces and infrastructure for cycling and walking within their citiesTobacco kills more than 8 million people globally every year",8 million,How many people live in the world every year?,"['8.5 million.', '6 million', '5 million']"
1829, More than 7 million of these deaths are from direct tobacco use and around 12 million are due to non-smokers being exposed to second-hand smoke Tobacco smoking is a known risk factor for many respiratory infections and increases the severity of respiratory diseases,Tobacco smoking,What is a known risk factor for respiratory infections and increases the severity of respiratory diseases?,"[""Smokers'breathing"", 'Non - smokers', 'tobacco smoking']"
1830," A review of studies by public health experts convened by WHO on 29 April 2020 found that smokers are more likely to develop severe disease with COVID-19, compared to non-smokers COVID-19 is an infectious disease that primarily attacks the lungs Smoking impairs lung function making it harder for the body to fight off coronaviruses and other diseases",smokers,Who is more likely to develop severe disease with COVID-19?,"['Non-sm smokers', 'Non -Smoking', 'obesity']"
1831," WHO recommends that smokers take immediate steps to quit by using proven methods such as toll-free quit lines, mobile text-messaging programmes, and nicotine replacement therapies Within 20 minutes of quitting, elevated heart rate and blood pressure drop After 12 hours, the carbon monoxide level in the bloodstream drops to normal",20 minutes,"How long after quitting, is the elevated heart rate and blood pressure drop?",[]
1832," Within 2-12 weeks, circulation improves and lung function increases After 1-9 months, coughing and shortness of breath decrease WHO stresses the importance of ethically approved, high-quality, systematic research that will contribute to advancing individual and public health, emphasizing that promotion of unproven interventions could have a negative effect on health",2-12 weeks,How long does circulation improve?,[]
1833,"Der Spiegel reports of a 21 January, 2020, telephone conversation between WHO Director-General Dr Tedros Adhanom Ghebreyesus and President Xi Jingping of China are unfounded and untrueDr Tedros and President Xi did not speak on 21 January and they have never spoken by telephone Such inaccurate reports distract and detract from WHO’s and the world’s efforts to end the COVID-19 pandemic",Dr Tedros Adhanom Ghebreyesus and President Xi Jingping,Who was the WHO Director-General?,"['President Xi Jingping', 'When was the meeting of WHO?', 'The authors of the report']"
1834,"To note: China confirmed human-to-human transmission of the novel coronavirus on 20 JanuaryThethirdmeeting of the Emergency Committee convened by the WHO Director-General under the International Health Regulations (2005) (IHR) regarding the coronavirus disease (COVID-19), took place onThursday, 30April 2020, from 12:00to17:45Genevatime (CEST) Proceedings of the meetingMembers and advisors of the Emergency Committeewere convened by teleconference",teleconference,What was the name of the third meeting of the Emergency Committee?,"['cotor meeting', 'China - to - human transmission of human', 'meeting of the Emergency committee']"
1835," Membership of the Emergency Committee was expandedto reflect the nature of the pandemic and the need to include additional areas of expertise The Director-General welcomed the Committee, thanked them for their commitment to enhancing global public health, and provided an overview of the major achievements in the COVID-19 response since the last Emergency Committee meeting on 30 January 2020Representatives of the legal department and the Department of Compliance, Risk Management, and Ethics (CRE) briefed the members on their roles and responsibilities",COVID-19,What response did the Director-General give an overview of the major achievements of the Emergency Committee?,"['Efforts', 'Members of the Emergency committee', 'As a reward to the members of the Emergency committee']"
1836,"The Ethics Officer from CRE provided the members and advisers with an overview of the WHO Declaration of Interest process The members and advisers were made aware of their individual responsibility to disclose to WHO, in a timely manner, any interestsof a personal, professional, financial, intellectual or commercial nature that may give rise to a perceived or direct conflict of interest They were additionally reminded of their duty to maintain the confidentiality of the meeting discussions andthe work of the committee",the committee,Who was reminded of their duty to maintain the confidentiality of the meeting discussions and the work of?,"[' WHO', 'The members of the meeting', 'The members and adviser']"
1837," Only those committee members and advisers who were not considered to have any perceived or direct conflict of interest participated in the meeting The Secretariat turned the meeting over to the Chair, Professor HoussinHe also welcomed the Committee and reviewed the objectives and agenda of the meeting",Professor HoussinHe,Who was the Chair of the Secretariat?,"['The chair of the Secretaries', 'The members and meetings', 'The members of this meeting']"
1838,"The WHO Regional Emergency Directors and the Executive Director of the WHO Health Emergencies Programme (WHE) provided regional and the global situation overview After ensuing discussion, the Committee unanimously agreed that the outbreak still constitutesa public health emergency of international concern (PHEIC) and offered advice to the Director-GeneralThe Director-General declared that the outbreak of COVID-19 continues to constitute a PHEIC",COVID-19,What did the Director-General declare continues to constitute a PHEIC?,"[' PHEIC', 'A PHEIC', 'The PHEic']"
1839," He accepted the advice of the Committee to WHO and issued the Committee’s advice to States Parties as Temporary Recommendations under the IHRThe Emergency Committee will be reconvened within three months or earlier,at the discretion of the Director-GeneralThe Director-General thanked the Committee for its work",three months or earlier,How long will the IHRThe Emergency Committee be reconvened?,"['two months or later', 'Three months or even', 'two years and a half']"
1840,"Advice to WHOCoordination, planning, and monitoringContinue to lead and coordinate the global response to the COVID-19 pandemic in collaboration with countries, the United Nations (UN), and other partnersWork with fragile states and vulnerable countries that require additional technical, logistical and commodity support Establish mechanisms to compile lessons learned from country and partner experiences and WHO missions and share the best practices and updated recommendations",the COVID-19 pandemic,"WHOCoordination, planning, and monitoringContinue to lead and coordinate the global response to what pandemic?","['the WHO mission', 'the PSV pandemic', 'whOCoordination, planning, and monitoring']"
1841,"Provide further guidance to countries about adjusting public health measures, taking into account the different epidemiological situations of the pandemicPromote the inclusion of all interested countries, including low- and middle-income countries from all regions, in the Solidarity clinical trials for therapeutics and vaccines Continue efforts with partners to obtain equitable access to personal protective equipment, diagnostics, and biomedical equipment essential to the pandemic COVID-19 response",the Solidarity clinical trials for therapeutics and vaccines,What is the name of the clinical trials that promote the inclusion of all interested countries in the pandemic?,"['the pandemic development', 'the solidarity clinical trials fortrains', 'the clinical trials fortry to treat all the disease']"
1842,"Continue to coordinate global expert networks in epidemiology, laboratory, vaccines, clinical care, infection prevention and control, social sciences, and operational research; modelling; and other technical supportOne Health Work with the World Organisation for Animal Health (OIE), the Food and Agriculture Organization of the United Nations (FAO), and countries to identify the zoonotic source of the virus and the route of introduction to the human population, includingthe possible role of intermediate hosts This should be accomplished through efforts such as scientific and collaborative field missions, which will enable targeted interventions and a research agenda to reduce the risk of similar events",zoonotic,What is the source of the virus?,"['global expert networks', 'animal Health', 'Interactive Organization']"
1843,"Work closely with OIE and FAO to provide guidance on how to prevent SARS-CoV-2 infections in animals and humans and prevent the establishment of new zoonotic reservoirsWork with partner organizations and countries to strengthen the global food supply chain, protect food workers, properly manage food markets, and mitigate possible disruptions to the food supplyEssential Health ServicesSupport countries to assess and manage the unintended consequences of public health measures implemented to control the COVID-19 pandemic, including gender-based violence and child neglect",OIE and FAO,What organizations work closely with to provide guidance on how to prevent SARS-CoV-2 infections in animals and humans?,"['O ship, Oie and FAO. I', 'SARS-CoV-2 infections in animals and humans', 'SARS and OJW']"
1844," Support countries to monitor their ability to provide and strengthen essential health services throughout a likely extended COVID-19 response This should include, but is not limited to, essential prevention for communicable diseases, particularlyvaccination; services related to reproductive health, including care during pregnancy and childbirth; care of vulnerable populations, such as young infants and older adults; provision of medications and supplies for the ongoing management of chronicdiseases, including mental health conditions; continuity of critical inpatient therapies; management of emergency health conditions and common acute presentations that require time-sensitive intervention; and auxiliary services, such as basicdiagnostic imaging, laboratory services, and blood bank servicesSupport countries to address shortages of essential medicines and health products, personal protective equipment, and other medical supplies and to establish sustainable risk management practices to prevent future shortages",prevent future shortages,"What do countries need to establish sustainable risk management practices to address shortages of essential medicines and health products, personal protective equipment, and other medical supplies?","['set sustainable risk management practices', 'prevent disease care', 'prevent diseases']"
1845,"Risk communication and community engagementContinue risk communications and community engagement activities through the WHO Information Network for Epidemics (EPI-WIN) and other platforms to counter rumours and misinformation Continue to regularly communicate clear messages, guidance, and advice about the evolution of the COVID-19 pandemic, how to reduce transmission, and save lives Work with partners and countries to articulate potential long-term consequences of COVID-19 pandemic, emphasizing the need for strengthened cross-sectoral preparedness, transparency and global coordination",WHO Information Network for Epidemics,What is EPI-WIN?,"['Climate Change and Health Management', 'Risks and community engagement', 'Risks communication']"
1846,"SurveillanceClarify the testing strategy, support countries to increase testing capacity, and aim to provide equitable access to diagnostic tests and supplies in light of market failures and global shortages Continue to provide guidance on monitoring disease trends using Severe Acute Respiratory Infections (SARI) and Influenza Like Illness (ILI) surveillance systems in anticipation of the co-circulation of influenza virusesDevelop qualitative and quantitative indicators that countries can use to assess and monitor SARS-CoV-2 transmission at all levels of public health response",SARS-CoV-2,What type of transmission can countries use to assess and monitor?,"['Sari and Influences Like Illness', 'Influence Like Illness', 'Influential disease']"
1847,"Travel and TradeContinue working with countries and partners to enable essential travel needed for pandemic response, humanitarian relief, repatriation, and cargo operationsDevelop strategic guidance with partners for the gradual return to normal operations of passenger travel in a coordinated manner that provides appropriate protection when physical distancing is not feasible Update recommendations on appropriate travel measures and analyze their effects on international transmission of COVID-19, with consideration of the balance between benefits and unintended consequences, including entry and exit screening, educationof travelers on responsible travel behaviour, case finding, contact tracing, isolation, and quarantine, by incorporating evidence on the potential role of pre-symptomatic and asymptomatic transmission",incorporating evidence on the potential role of pre-symptomatic and asymptomatic transmission,What is the purpose of updating recommendations on appropriate travel measures and analyze their effects on international transmission of COVID-19?,"['taking some travel measures and making some suggestions', 'consulting the balance between benefits and unintended consequences', 'reminding people of the possible rule if unavoidable \n :']"
1848," To all States PartiesCoordination and CollaborationSupport WHO leadership and continue to collaborate with WHO at all levels of the organization and with other countries to enable effective global COVID-19 pandemic preparedness and response Participate in global solidarity efforts to enable access to essential supplies for allDocument and share lessons learned from efforts to control the pandemic, including the timing, pace, and sequencing of the application and lifting of public health measures",COVID-19 pandemic preparedness and response,What type of pandemic did WHO continue to collaborate with with other countries to enable?,"[' WHO leadership', 'Coordination and cooperation', 'Cooperation among WHO and other countries']"
1849,"PreparednessStrengthenpreparednessfor health emergencies, and build resilient health systems, incorporating lessons learned during different stages of the pandemic, and sharing experienceswith other countriesSurveillanceWork with WHO and multisectoral partners to interrupt transmission by maintaining robust surveillance systems; enhancing capacities for case detection, testing, isolation of cases, contact tracing, quarantine of contacts, and rapid response; strengtheningthe public health workforce; and actively engaging communities for contact tracing, with a particular focus on high risk areas In settings where testing a large proportion of suspected cases is not possible, monitor overall trends; undertake early detection through laboratory confirmation of a limited number of cases with a focus on health workers; and rapidly implementpublic health measures",preparednessfor health emergencies,What does PreparednessStrengthen?,"['preferredfor Health emergencies', 'strengthen health systems', 'Strengthen for health emergencies']"
1850,"Share with WHO all data necessary to conduct global risk assessments through data platforms, such as the Global Influenza Surveillance and Response System and the IHR mechanism These data should include SARI and ILI where availableUse the WHO qualitative and quantitative indicators to assess and monitor SARS-CoV-2 transmission at all levels of public health response",WHO,Who should share all data necessary to conduct global risk assessments through data platforms?,"['SARS-CoV-2 transmission', 'SARS', "" WHO's data platforms""]"
1851,"Additional Health MeasuresAvoid restrictions on international transport of food, medical and other essential supplies and permit the safe movement of essential personnel required for an effective pandemic response Implement appropriate travel measures with consideration of their public health benefits, including entry and exit screening, education of travelers on responsible travel behaviour, case finding, contact tracing, isolation, and quarantine, byincorporating evidence on the potential role of pre-symptomatic and asymptomatic transmission Implement and monitor case finding and contact tracing of travellers, using digital tools where appropriate",digital tools,What can be used to monitor case finding and contact tracing of travellers?,"['use of digital tools', ' contact finding', ' contacted signal']"
1852,"Continue to review travel and trade measures based on regular risk assessments, transmission patterns at origin and destination, cost-benefit analysis, evolution of the pandemic, and new knowledge of COVID-19 Engage in global efforts to respond to the challenges of COVID-19 in managing maritime vessels Do not implement trade restrictions beyond those considered to be of public health importance in accordance with relevant international agreements",international agreements,What does COVID-19 not implement trade restrictions beyond those considered to be of public health importance in accordance with?,"['trade restrictions', 'at present', 'at present time, not for lack of trade practice']"
1853,"Continue to provide appropriate public health rationale to WHO for additional health measures in accordance with IHR Health WorkersPrioritize the protection of the health workforce through access to training and provision of personal protective equipment, infection prevention and control measures, improved working conditions, application of WHO recommended testing strategies,and prevention of stigma and attacks on health workersFood SecurityWork with WHO and partners to strengthen the global food supply chain, protect food workers, properly manage food markets, and mitigate possible disruptions to the food supply, especially for vulnerable populations",food workers,Who does food securityWork protect?,"["" WHO's health workers"", ' Health workers', 'food shop workers food producers. workers. ks5u']"
1854," Continue to support and conduct COVID-19 research, in line with the WHO Research and Development Blueprint, and the road map for COVID-19 vaccines, diagnostics, and therapeuticsContinue sharing full genome sequences to increase global understanding of virus evolution and phylogenetics and their application to public health practicesEssential Health ServicesMaintain essential health services throughout a likely extended COVID-19 response",WHO Research and Development Blueprint,"Along with the road map for COVID-19 vaccines, diagnostics, and therapeutics, what does the COVID-19 research follow?","['In the road maps for COffic-19', 'As long as you have the road map for COVillage- 19 research', 'As part of the road map for COffic']"
1855," This should include essential prevention for communicable diseases, particularly vaccination; services related to reproductive health, including care during pregnancyand childbirth; care of vulnerable populations, such as young infants and older adults; provision of medications and supplies for the ongoing management of chronic diseases, including mental health conditions; continuity of critical inpatienttherapies; management of emergency health conditions and common acute presentations that require time-sensitive intervention; and auxiliary services, such as basic diagnostic imaging, laboratory services, and blood bank servicesContinue to track and document the impact of COVID-19 on essential health servicesWHO and the European Investment Bank enhance cooperation to support countries in addressing the health impact of COVID-19The first phase will address urgent needs and strengthen primary health care in ten African countriesEnhanced WHO-EIB partnership will scale up financing to assure the chain of essential supplies, including personal protective equipment, diagnostics and clinical managementNew initiative will accelerate investment in health preparedness and primary health care with a focus on health work force, infrastructure, and water, sanitation and hygieneThe initiative involves measures to address the growing threat of antimicrobial resistanceThe World Health Organization and the European Investment Bank will boost cooperation to strengthen public health, supply of essential equipment, training and hygiene investment in countries most vulnerable to the COVID-19 pandemic",prevention for communicable diseases,What should be essential for the prevention of?,"['prevention for health illness', 'main care of health care', 'mainstay of primary healthcare']"
1856,"The new partnership between the United Nations health agency and the world’s largest international public bank, announced at WHO headquarters in Geneva earlier today, will help increase resilience to reduce the health and social impact of future health emergencies""Combining the public health experience of the World Health Organization and the financial expertise of the European Investment Bank will contribute to a more effective response to COVID-19 and other pressing health challenges,"" said Dr Tedros Adhanom Ghebreyesus, WHO Director-General""WHO looks forward to strengthening cooperation with the EIB to improve access to essential supplies including medical equipment and training, and deliver better water, sanitation and hygiene where most needed",WHO headquarters in Geneva,Where was the partnership between the United Nations health agency and the world's largest international public bank announced?,"['at WHO offices outside of Paris', 'The United Nations Health agency', ""The world's largest public bank""]"
1857," New initiatives to improve primary health care in Africa and support the EU Malaria Fund hint at the potential impact of our new partnership,” Dr Tedros concluded“The world is facing unprecedented health, social and economic shocks from COVID-19 The European Investment Bank is pleased to join forces with the World Health Organization as a key part of Team Europe’s efforts to address the global impact of the COVID-19 pandemic",Team Europe,Who is the European Investment Bank a key part of?,"['China Health Organization', 'The World Health Organization', 'The European Health organization']"
1858," The EU Bank’s new partnership with the WHO will help communities most at risk by scaling up local medical and public health efforts and better protect people around the world from future pandemics Thisnew cooperation will enable us to combat malaria, address anti-microbial resistanceandenhance public health in Africa more effectively,” said Werner Hoyer, President of the European Investment BankImproving local public health efforts to tackle coronavirusThe WHO and the EIB will increase cooperation to help governments in low- and middle-income countries to finance and secure access to essential medical supplies and protective equipment through central procurement",the WHO,Who will help communities most at risk by scaling up local medical and public health efforts and better protect people around the world from future pandemics?,"['the EU Bank', ""the EU's new partnership with the EIB"", 'the EU Bank and the EIB']"
1859,"Building resilient health systems in vulnerable countries across AfricaThe WHO and the EIB will reinforce cooperation to support immediate COVID-19 needs and jointly develop targeted financing to enhance health investment and build resilient health systems and primary health care to address public health emergencies as well as accelerate progress towards Universal Health CoverageThe partnership will benefit from the EIB’s planned 14 billion EUR response to address the health, social and economic impact of COVID-19 in Africa",14 billion EUR,"How much money will the EIB receive to address the health, social and economic impact of COVID-19 in Africa?","['9 billion yuan', '16 billion', '14 billion to 15 billion dollars']"
1860,"This will address immediate needs in the health sector and provide both technical assistance and support for medium-term investment in specialist health infrastructureThe collaboration envisages rapid identification and fast-track approval of financing for health care, medical equipment and suppliesThe first phase of the collaboration will see public health investment in ten African countries",ten,How many African countries will public health invest in the first phase of the collaboration?,"['Public health', 'public health', 'before two stages of the development']"
1861,"Long-term collaboration to overcome market failures in global healthThe agreement signed today establishes a close collaboration to overcome market failure and stimulate investments in global health, accelerating progress towards Universal Health Coverage Increased cooperation between the WHO and the EIB will strengthen the resilience of national public health systems and enhance preparedness of vulnerable countries against future pandemics, thanks to investments in primary care infrastructure, health workers and improved water, sanitation and hygieneFuture cooperation will strengthen the EIB’s 5",5,How many EIB countries will future cooperation strengthen?,"['How many EIB countries will future cooperation strengthen?', 'The number of EIB countries will be kept in the same way', '4. The more EIB countries will cooperate']"
1862,2 billion EUR global response to COVID-19 outside the European UnionScaling up investment to tackle antimicrobial resistanceThe two organisations will also cooperate in an initiative to address investment barriers hindering development of new antimicrobial treatment and related diagnostics Antimicrobial resistance is amongst the most significant global health threats,2 billion EUR,What is the global response to COVID-19?,"['4 billion yuan.', '3 billion', '3 billion to 4 billion dollars']"
1863,"The WHO and the EIB are working on a new financing initiative to support development of novel antimicrobials and address the estimated 1 billion EUR needed to provide medium-term solutions to antimicrobial resistance Other crucial partners have been invited to join this discussionImproving the effectiveness of malaria treatmentUnder the new agreement the EIB and WHO will support development of the EU Malaria Fund, a new 250 million EUR public-private initiative intended to address market failures holding back more effective malaria treatment",250 million EUR,What is the EU Malaria Fund?,"['1 billion euro', '100 million yuan', '1,500,000']"
1864,"Strengthening EIB support for healthcare, life science and COVID-19 investmentIn recent years the European Investment Bank has provided more than 2 billion EUR annually for health care and life science investmentIn the context of the COVID-19 pandemic, the EIB is currently assessing over 20 projects in the field of vaccine development, diagnostic and treatment, leading to potential investments in the 700 million EUR range The EIB will also take part in the EU’s rolling pledging effort for the coronavirus global response that is taking place on May 4th",May 4th,When is the coronavirus global response taking place?,"['October 2th and May 4th.', 'EIB', 'When is thebullvirus global response taking place?']"
1865," Founded in 1948, WHO works with194 Member States, across six regions and from more than 150 offices,to promote health, keep the world safe and serve the vulnerable Our goal for 2019-2023 is to ensure that a billion more people have universal health coverage, to protect a billion more people from health emergencies, and provide a further billion people with better health and wellbeing For updates on COVID-19 and public health advice to protect yourself from coronavirus, visit www",www,Where can you find updates on COVID-19 and public health advice to protect yourself from coronavirus?,"['www. health. health.', 'Public health advice', 'Information about health advice']"
1866,"int and follow WHO on Twitter, Facebook, Instagram, LinkedIn, TikTok, Pinterest, Snapchat, YouTubeWHO’s information site on the COVID-19 pandemicSince the start of the COVID-19 pandemic, WHO has seen a dramatic increase in the number of cyber attacks directed at its staff, and email scams targeting the public at largeThis week, some 450 active WHO email addresses and passwords were leaked online along with thousands belonging to others working on the novel coronavirus response",450,How many active WHO email addresses and passwords were leaked online?,"['The number of active WHO email address and passwords stolen', '3,500', '3,000 active WHO email address and passwords were leaked']"
1867,"The leaked credentials did not put WHO systems at risk because the data was not recent However, the attack did impact an older extranet system, used by current and retired staff as well as partnersWHO is now migrating affected systems to a more secure authentication system",the attack did impact an older extranet system,What did the leaked credentials do?,"[""the attack didn't put WHO's systems at risk"", ""it wasn't advanced and the attack wasn't removed"", ""it wasn't advanced and the attack was Ca. phwoenny to the old system""]"
1868," We are grateful for the alerts we receive from Member States and the private sector We are all in this fight together,”said Bernardo Mariano, WHO’s Chief Information OfficerWHO is working with the private sector to establish more robust internal systems and to strengthen security measures and is educating staff on cybersecurity risks",cybersecurity risks,What is the WHO's Chief Information Officer training staff on?,"[""people's awareness of security measures"", 'cyber security', 'the problem of cyber risks']"
1869,"WHO asks the public to remain vigilant against fraudulent emails and recommends the use of reliable sources to obtain factual information about COVID-19 and other health issuesFor more information, please visit:wwwFood safety incidentsDuring the first quarter of 2020, the INFOSAN Secretariat was involved in 38 food safety incidents involving 109 WHO Member States and 9 territories of WHO Member States",109,How many WHO Member States were involved in food safety incidents during the first quarter of 2020?,"['who was involved in food safety incidents?', 'A11', '7.5 and 9 countries']"
1870," There were 25 incidents involving a biological hazard (Salmonella spp [8], Listeria monocytogenes [5], Norovirus [3] Shiga-toxin producing Escherichia coli [2], Clostridium botulinum [2] Bacillus cereus [2], Cronobacter spp [1], Shigella sonnei [1], unspecified biological hazard [1]), 6 involving an undeclared allergen (milk [3], peanut (1), egg [1], gluten [1]), 5 involving a physical hazard (undetermined foreign matter [2], glass [1], metal [1], plastic [1]), one involving a chemical/toxin hazard (histamine), and one linked to an unspecified hazard",25,How many incidents involved a biological hazard?,"['35', 'How many times had the biological risk expressed?', '10']"
1871," The food categories that were most commonly involved in the 38 incidents during the first quarter of 2020 involved fish and other seafood (8), herbs and spices (4), legumes and pulses (4), milk and dairy products (3), nuts and oilseeds (3), snacks, desserts and other foods (3), cereals and cereal-based products (2), composite food (2), fruit and fruit products (2), meat and meat products (2), vegetables and vegetable products (2), products of special nutritional use (1), and food for infants and small children (1) One incident involved an unknown food source During such international food safety incidents, the INFOSAN Secretariat relies on the swift action of national INFOSAN Emergency Contact Points to respond to requests for information",INFOSAN Emergency Contact Points,What does the INFOSAN Secretariat use to respond to requests for information?,"['Actors in thedrawing zoo', ""What is the caller's duty in taking measures?"", 'What does the ENOPreyTSAN Secretaries do?']"
1872," Rapid sharing of information through INFOSAN enables members to implement appropriate risk management measures to prevent illness in their respective countriesGeographic scopeThe outlined incidents involved Member States from all WHO regions: Europe (39), followed by the Americas (24), Africa (24), the Western Pacific (18), the Eastern Mediterranean (8) and South-East Asia (6) Recall in several countries of frozen spring roll sheets from Singapore due to the presence of an undeclared allergenIn February 2020, the INFOSAN Secretariat was notified by the European Rapid Alert System for Food and Feed (RASFF) and INFOSAN colleagues in Australia of a recall in Australia and several European countries of frozen spring roll sheets due to the detection of an undeclared allergen (milk), imported from Singapore",INFOSAN,What organization enables members to implement appropriate risk management measures to prevent illness in their respective countries?,"['UPSAN', 'ReverUSAN', 'U.S.']"
1873," In collaboration with RASFF, the INFOSAN Secretariat was informed that the implicated frozen spring roll sheets were distributed internationally to 46 Member States from four WHO regions and 4 territories in Europe and the Western Pacific Moreover, through engagement with the INFOSAN Emergency Contact Point (ECP) in Singapore, the INFOSAN Secretariat also received details of further distribution of implicated products to additional WHO Member States from all WHO regions, taking the total number of Member States involved to 65 It was also reported that the products involved had been redistributed by some countries to Europe, the Americas and Africa",46,How many Member States were involved in the frozen spring roll sheets distributed internationally?,"['So far, 50 countries were involved in the frozen spring roll sheets.', '66', '55']"
1874," Consequently, several countries recalled the implicated products to relabel them and investigated the issue to identify illnesses related to the consumption of the implicated frozen spring roll sheets No illnesses were reported to the INFOSAN SecretariatThis incident has highlighted undeclared allergens as an important category of hazards that can result in a largescale international response to implement risk management measures and prevent illness",INFOSAN Secretariat,Who reported illnesses related to the consumption of the implicated frozen spring roll sheets?,"['Because of the lack of risk management measures and prevent illness.', 'Who admitted having exposed frozen spring roll sheets', 'whose daughter was exposed to the spring roll sheets']"
1875," In addition, it exemplified efficient communication among INFOSAN members and the SecretariatOutbreak of Listeriosis in the United States of America linked to enoki mushrooms imported from the Republic of KoreaIn March 2020, the INFOSAN Secretariat was made aware by the United States (US) Centers for Disease Control and Prevention (CDC) of an outbreak of Listeriosis in the US linked to the consumption of enoki mushrooms, imported from the Republic of Korea In total, 36 cases including 4 deaths have been reported in the US",36,How many cases of Listeriosis have been reported in the US?,"['35', 'The amount of Listerium infected in the US.', '18']"
1876," Following investigations in Canada, carried out in collaboration with the US, the INFOSAN Secretariat was informed of 6 cases of Listeriosis between 2017 and 2019 in Canada potentially related by whole genome sequencing (WGS) to the ongoing outbreak in the USA In addition, food isolates (from enoki mushrooms from the Republic of Korea) genetically associated with the cluster of cases have been collected in 2019 by authorities in Canada The WGS information pertaining to the cases and food isolates were shared on the INFOSAN Community Website to assist the identification of cases in other countries",INFOSAN Community Website,Where were food isolates shared?,"['How was food isolationates shared', 'The WDA information about the cases', 'How were food hardest shared?']"
1877," The INFOSAN Secretariat engaged the INFOSAN Emergency Contact Point (ECP) in the Republic of Korea to seek details on any further international distribution of the implicated enoki mushrooms Investigations are ongoingNews & activitiesFood Sector and the COVID-19 outbreakOn 31 December 2019, WHO was alerted to several cases of pneumonia of unknown origin in the city of Wuhan, Hubei Province, China",INFOSAN Emergency Contact Point,What did the INFOSAN Secretariat contact to seek details on any further international distribution of the implicated enoki mushrooms?,"['informational contact Point', 'What exactly the Luo mushrooms are', 'Contact point of being caught in the extended circle of EFJ']"
1878," The virus, a previously unknown coronavirus has been named SARS-CoV-2 and is the cause of the COVID-19 diseaseThe WHO Epidemic Information Network (EPI-WIN) aims to share information tailored to specific sectors, including food and agriculture The INFOSAN Secretariat has recently developed a guidance document for food businesses with regards to COVID-19 and food safety which is now available online",food safety,What does the WHO Epidemic Information Network (EPI-WIN) recommend to food businesses with regards to COVID-19?,"['food problem', 'food processing', 'food safety and food safety.']"
1879," The guidance has also been disseminated through EPI-WIN and presented during two webinarsCall for applicants: INFOSAN Train-the-Trainer WorkshopIn February, the INFOSAN Secretariat issued a call for applications for the INFOSAN Train-the-Trainer workshop With the constant growth of the network, and the increased need for training that this entails, the INFOSAN Secretariat, in collaboration with the Canadian Food Inspection Agency (CFIA), has announced this workshop which aims to increase the human resources available to train INFOSAN members on a range of INFOSAN-related topics, online or in-person",EPI-WIN,What is the name of the webinar that has been distributed to INFOSAN Train-the-Trainer Workshop applicants?,"['informational information of the workshop', 'informative of the webinars', 'Included Informationaries']"
1880," As a result, it is expected that the understanding of the roles and responsibilities of INFOSAN members will be improved, resulting in greater participation that will enhance speed and efficiency during the response to food safety emergencies at the global level The INFOSAN Secretariat, together with CFIA, look forward to hosting this important workshop later this yearDeveloping the new INFOSAN Community WebsiteThe INFOSAN Community Website (ICW) continues to be an effective tool for the network to disseminate information during food safety emergencies",INFOSAN Community Website,What is the name of the new INFOSAN Community Website?,"['Famous Family Website', 'The InsectSAN Community Website', 'A newly developed Organization']"
1881," Over the past year, through the INFOSAN member survey, the Secretariat has gained a better understanding of how members use the ICW and how it can be improved to enhance information sharing The information collected, together with the experience of members of the Secretariat, has provided numerous innovative ideas to guide the development of the new ICW The Secretariat is pleased to announce that the competitive process to select the vendor that will develop the new INFOSAN Community Website has concluded and the work on the creation of the new ICW has begun",the competitive process to select the vendor that will develop the new INFOSAN Community Website has concluded,What is the Secretariat pleased to announce?,"['how the information collected can be improved', 'the development of the new Communicative Service', 'the information collected and developed in the new inf Lei Club']"
1882," Now more than ever, technology must ensure that everyone can access the information they need The collaboration will start in the Asia Pacific region and then roll out globally The goal is to reach everyone with vital health messages, whatever their connectivity level",vital health messages,What is the goal of the collaboration?,"['the major of the communication', 'modern health messages.', 'human health messages worldwide']"
1883,"6 billion people remain offline, with most people who are unconnected living in low-income countries, where an average of just two out of every ten people are online ITU and WHO call on all telecommunication companies worldwide to join this initiative to help unleash the power of communication technology to save lives from COVID-19 This initiative builds on current efforts to disseminate health messages through the joint WHO-ITU BeHealthy BeMobile initiative",COVID-19,What is the name of the name of the initiative that aims to save lives?,"[' WHO-ITU', 'Information Technology', 'The joint WHO-ITU Be Healthy BeMobile initiative']"
1884,"Coronavirus disease (COVID-19) is the first pandemic in human history where technology and social media are being used on a massive scale to keep people safe, productive and connected while being physically apart Health workers are utilizing telemedicine to diagnose patients and hospitals rely on being connected to coordinate and triage them Resilient and trustworthy telecommunication networks and services are essential, as more countries, companies and individuals turn to digital technologies to respond to and cope with the impact of COVID-19",digital technologies,"What do more countries, companies and individuals turn to to respond to and cope with the impact of COVID-19?","[' telecommunication networks', 'com telecommunication services', ' telemedicine']"
1885,"Building on their longstanding collaboration, ITU and WHO are committed to identifying and scaling best evidence-based digital health solutions and to leveraging frontier technologies such as artificial intelligence and big data to diagnose, contain and predict outbreaks better and faster--------------------------------World Health OrganizationThe World Health Organization provides global leadership in public health within the United Nations system Founded in 1948, WHO works with 194 Member States, across six regions and from more than 150 offices, to promote health, keep the world safe and serve the vulnerable",ITU and WHO,Who are committed to identifying and scaling best evidence-based digital health solutions?,"[' WHO', 'The World Health Organization', 'ITU, WHO and the World Health Organization']"
1886," Our goal for 2019-2023 is to ensure that a billion more people have universal health coverage, to protect a billion more people from health emergencies, and provide a further billion people with better health and wellbeingFor updates on COVID-19 and public health advice to protect yourself from coronavirus, visitwwwintand follow WHO onTwitter,Facebook,Instagram,LinkedIn,TikTok,Pinterest,Snapchat,YouTubeInternational Telecommunication Union (ITU)A specialized United Nations agency for information and communication technologies (ICTs), driving innovation in ICTs together with 193 Member States and a membership of over 900 companies, universities, and international and regional organizations",900,"How many companies, universities, and international and regional organizations are members of the ITU?","['3 companies', '3 states', 'reathing more people in health emergencies']"
1887," Established over 150 years ago in 1865, ITU is responsible for coordinating the shared global use of the radio spectrum, promoting international cooperation in assigning satellite orbits, improving communication infrastructure in the developing world, and establishing the worldwide standards that foster seamless interconnection of a vast range of communications systems For more information, visit:wwwThe 7thmeeting of the Emergency Committee, convened by the WHO Director-General under the International Health Regulations (IHR) (2005) to review the current Ebola virus disease (EVD) outbreak in the Democratic Republic of the Congo,took place on Friday, 10 April 2020, from 12:30 to 14:15 Geneva time (CEST) and on Tuesday, 14 April from 12:30 to 14:05 Geneva time (CEST)",1865,When was the ITU founded?,"['A century ago', '10 April 2020', '1500']"
1888,"The Committee’s role is to give advice to the Director-General, who makes the final decision onthe determination of a Public Health Emergency of International Concern (PHEIC) and issues temporary recommendations as appropriateProceedings of the meetingMembers and advisors of the Emergency Committeewere convened by teleconferenceThe Secretariat welcomed the Committee and thanked them for their support",Director-General,Who makes the final decision on the determination of a Public Health Emergency of International Concern?,"['President and counselors of the Emergencycelles', 'A Public Health emergency of International concern', 'A Public Health emergency of International Conflict took advice to the director']"
1889," Each member who was present was surveyed and no conflicts of interest were judged to be relevant to the meetingThe meeting was turned over to the Chair, Dr Robert Steffen Dr Steffen also welcomed the Committee, outlined the objectives of the meeting, introduced the presenters, and gave the floor back to the Secretariat",the Chair,Who was responsible for the meeting?,"['Dr Stefflower', 'Dr RobertSteff', 'Dr Robert Steck']"
1890,"Presentations were made by a representative of the Ministry of Health of the Democratic Republic of the Congo and the WHO Secretariat to update the Committee on the situationThe Democratic Republic of the Congo provided an update of the epidemiological situation As of 8 April 2020, a total of 3 453 EVD cases were reported from 29 health zones, including 3 310 confirmed and 143 probable cases of which 2 273 cases died (overall case fatality rate 66%)",2 273,How many EVD cases died in the Democratic Republic of the Congo?,"['3 sort of cases', '3 453 cases', '3 ease3 death rate of 2 duck cases']"
1891," Asof 13 April 2020, three confirmed cases, including two deaths, occurred in Beni city in the last four days These cases were reported 40 days after the second negative test of the last previously confirmed patient The Democratic Republic of the Congo, WHO, and partners are investigatingthe infection source, validating the reported alerts, and conducting public health measures for confirmed cases and contacts",The Democratic Republic of the Congo,Who was the last confirmed patient in Beni city?,"['Beni city', 'The Beniud government.', 'Beni City.']"
1892,"Ongoing challenges include: the low alert rate for suspected cases and deaths; community reticence in the context of the emerging cases; presence of armed groups in the affected health area; the unidentified source of infection for these patients; andthe movement of contactsIn response to the current resurgence of cases,the Democratic Republic of the Congo and partners are tracing and vaccinating confirmed case contacts and contacts of contacts; isolating high risk contacts; sequencing confirmed case samples; decontaminating health facilities and householdswith confirmed cases; ensuring safe and dignified burial of cases; involving political and administrative authorities in negotiations with the armed groups; activating community dialogue committees and relaunching community action units to pass onalerts and conduct community-based surveillance; and strengthening screening measures at points of entryWHO noted that the current resurgence is unfortunate, but not unexpected considering the human and animal reservoirs",the human and animal reservoirs,"What is the current resurgence of the Congo unfortunate, but not unexpected?","['the use of community action units', 'the low alert rate for suspected cases and deaths', 'the political groups in the affected area']"
1893," The engagement of community leaders to addresschallenges with community mistrust and access to critical areas for response teams remains a priority Three vaccination teams have been activated While approximately 6000 doses are available in Beni, WHO anticipates potential challenges with thevaccine pipeline because of limited flight ability as a result of the coronavirus disease (COVID-19) pandemic",6000,How many doses are available in Beni?,"['who will take the greatest risk in fighting with disease', '00,000', '50,00 - sixty - sixty - sixty - sixty copies']"
1894,"WHO highlighted that the capacities built for EVD preparedness are also contributing to COVID-19 preparedness and response inthe Democratic Republic of the Congo and the nine neighbouring countries These capacities include: multi-sectoral, multi-partner coordination mechanisms; planningprocesses and development of standard operating procedures; laboratory diagnostic and testing capacity; availability of rapid response teams established for EVD; prepositioned personal protective equipment kits and infection prevention and controlmaterials; as well as points of entry, community, and health facility-based systems for surveillance and reportingContext and discussionThe Committee conveyed their appreciation tothe Director General for his leadership and dedication to end this challenging outbreak",COVID-19,WHO highlighted that the capacities built for EVD preparedness are contributing to what?,"['EvolD planning process', 'twenty - three sister hospitals', 'ESD preparedness']"
1895," The Committee expressed its gratitude for achieved success and strong support for conducting further response activitiesto control the current situation to all national and international partners, particularly those active in the field under difficult conditionsThe Committee commended preparedness amongst the neighbouring countries which is helping to preventinternational spread of EVDThe Committee discussed the potential negative impact of community reticence on the response activities related to the most recent confirmed cases",preparedness,The Committee commended what amongst the neighbouring countries?,"[' community response', 'Strong support', 'preventing the spread of EFD']"
1896," Community engagement is critical to ensuring the continued success of the EVD response activities As such,the population is being sensitized to the recently identified cases by political and administrative authoritiesVaccination activities are continuing following the successful strategy of vaccinating cases, contacts, and contacts of contacts",EVD response,What is a key component of vaccinating activities?,"['Social engagement', 'Baccination activity', ' contact of the people']"
1897," The Democratic Republic of the Congo is intensifying its surveillance activities to identify and contain the spread of EVD While the presence of violencein Beni is challenging,the Democratic Republic of the Congo has previously trained members of the armed group to conduct surveillance activities The current focus is to find the source of the outbreak and potential links to the previous cases or survivors",the presence of violencein Beni,What is challenging for the Democratic Republic of the Congo?,"['the political influence of the Armed group', 'the use of the members of the armed group', 'the political activities in the area']"
1898,"Case validation is conducted when alerts are reported to confirm that the case meets the case definition However, for a community death that occurred on 30 March, the first and second alerts were not validated This community death is currently beinginvestigated",30 March,When did a community death occur?,"[' community death', 'The first and secondortunes', 'When did the community death occur?']"
1899,"In response to the Committee’s question on available resources for this EVD response, WHO highlighted the diminishing resources to address the outbreak and the recent departure of NGO partners who had been providing support for the EVD responsein the area WHO has not received adequate EVD funding since the start of 2020 and is currently using its emergency funds to support the epidemiological and public health interventions Financial and human resources of the Democratic Republic of the Congo, WHO, and partners are challengedby the ongoing COVID-19 outbreak",the Democratic Republic of the Congo,WHO and partners are challenged by the ongoing COVID-19 outbreak?,"['the South African Republic of the Republic of the Ford', 'the European Republic', 'the former employer of the girls']"
