,context,answer,question,distractor
600," There is currently insufficient information to confirm any link between tobacco or nicotine in the prevention or treatment of COVID-19 Nicotine replacement therapies, such as gum and patches are designed to help smokers quit tobacco WHO recommends that smokers take immediate steps to quit by using proven methods such as toll-free quit lines, mobile text-messaging programmes, and nicotine replacement therapies",nicotine replacement therapies,What is one method that can help smokers quit tobacco?,"['nicotine gum and patches', 'Nicotine replacement drugs', 'Nicotine-free quit']"
601," Within 20 minutes of quitting, elevated heart rate and blood pressure drop After 12 hours, the carbon monoxide level in the bloodstream drops to normal Within 2-12 weeks, circulation improves and lung function increases",circulation improves and lung function increases,What does the carbon monoxide level in the bloodstream do within 2-12 weeks?,"['as soon as you quit quitting, your blood pressure drops', 'lowering heart rate and blood pressure drop after 12 hours', 'the blood monoxide level in the body decreases']"
602," After 1-9 months, coughing and shortness of breath decrease WHO stresses the importance of ethically approved, high-quality, systematic research that will contribute to advancing individual and public health, emphasizing that promotion of unproven interventions could have a negative effect on healthDer Spiegel reports of a 21 January, 2020, telephone conversation between WHO Director-General Dr Tedros Adhanom Ghebreyesus and President Xi Jingping of China are unfounded and untrue",1-9 months,After how long does coughing and shortness of breath decrease WHO stresses the importance of ethically approved research?,"['4-5 months', '2-9 inches', '3-9']"
603,Dr Tedros and President Xi did not speak on 21 January and they have never spoken by telephone Such inaccurate reports distract and detract from WHO’s and the world’s efforts to end the COVID-19 pandemicTo note: China confirmed human-to-human transmission of the novel coronavirus on 20 January,20 January,When did China confirm human-to-human transmission of the novel coronavirus?,[]
604,"Thethirdmeeting of the Emergency Committee convened by the WHO Director-General under the International Health Regulations (2005) (IHR) regarding the coronavirus disease (COVID-19), took place onThursday, 30April 2020, from 12:00to17:45Genevatime (CEST) Proceedings of the meetingMembers and advisors of the Emergency Committeewere convened by teleconference Membership of the Emergency Committee was expandedto reflect the nature of the pandemic and the need to include additional areas of expertise",the coronavirus disease,What is COVID-19?,"['the pandemic', 'the emergency committee', 'a kind of disease']"
605," The Director-General welcomed the Committee, thanked them for their commitment to enhancing global public health, and provided an overview of the major achievements in the COVID-19 response since the last Emergency Committee meeting on 30 January 2020Representatives of the legal department and the Department of Compliance, Risk Management, and Ethics (CRE) briefed the members on their roles and responsibilitiesThe Ethics Officer from CRE provided the members and advisers with an overview of the WHO Declaration of Interest process",the WHO Declaration of Interest,What process did the Ethics Officer provide the members and advisers with an overview of?,"['the WHO Assessment', 'two groups of members andators', 'the members and officers of the meeting']"
606," The members and advisers were made aware of their individual responsibility to disclose to WHO, in a timely manner, any interestsof a personal, professional, financial, intellectual or commercial nature that may give rise to a perceived or direct conflict of interest They were additionally reminded of their duty to maintain the confidentiality of the meeting discussions andthe work of the committee Only those committee members and advisers who were not considered to have any perceived or direct conflict of interest participated in the meeting",the meeting discussions andthe work of the committee,The members and advisers were reminded of their duty to maintain the confidentiality of what?,"['the members and team members and their personal responsibility', 'the information of WHO and the work of the members', 'the members of a meeting and their interests']"
607," The Secretariat turned the meeting over to the Chair, Professor HoussinHe also welcomed the Committee and reviewed the objectives and agenda of the meetingThe WHO Regional Emergency Directors and the Executive Director of the WHO Health Emergencies Programme (WHE) provided regional and the global situation overview",WHO Health Emergencies Programme,Who was the Executive Director of?,"[' WHO regional Emergency directors', 'WhE provides regional and the global situation review', 'The meeting was organized by the WHO']"
608," After ensuing discussion, the Committee unanimously agreed that the outbreak still constitutesa public health emergency of international concern (PHEIC) and offered advice to the Director-GeneralThe Director-General declared that the outbreak of COVID-19 continues to constitute a PHEIC He accepted the advice of the Committee to WHO and issued the Committee’s advice to States Parties as Temporary Recommendations under the IHR",the Committee unanimously agreed that the outbreak still constitutesa public health emergency of international concern,What did the Committee agree was the outbreak of COVID-19 considered a PHEIC?,"['the Director-General accepted the advice of the WHO', 'considered the outbreak of CODA-19 to be a PHEIC', ""The government agreed to the application \n a WHO cupro0C - as a PH seed - \n \n EIC. \n F. The government's advice to the WHO""]"
609,"The Emergency Committee will be reconvened within three months or earlier,at the discretion of the Director-GeneralThe Director-General thanked the Committee for its workAdvice to WHOCoordination, planning, and monitoringContinue to lead and coordinate the global response to the COVID-19 pandemic in collaboration with countries, the United Nations (UN), and other partners",three months or earlier,How long will the Emergency Committee be reconvened?,"['Three months or higher', 'one months or two', 'two years and three months later']"
610,"Work with fragile states and vulnerable countries that require additional technical, logistical and commodity support Establish mechanisms to compile lessons learned from country and partner experiences and WHO missions and share the best practices and updated recommendationsProvide further guidance to countries about adjusting public health measures, taking into account the different epidemiological situations of the pandemic",the different epidemiological situations of the pandemic,What do countries take into account when adjusting public health measures?,"['the measures taken by the countries', 'how many studies the pandetic happen', 'how many measures people take to take to avoid the pandetic disease']"
611,"Promote the inclusion of all interested countries, including low- and middle-income countries from all regions, in the Solidarity clinical trials for therapeutics and vaccines Continue efforts with partners to obtain equitable access to personal protective equipment, diagnostics, and biomedical equipment essential to the pandemic COVID-19 responseContinue to coordinate global expert networks in epidemiology, laboratory, vaccines, clinical care, infection prevention and control, social sciences, and operational research; modelling; and other technical support",Solidarity clinical trials for therapeutics and vaccines,What is the name of the clinical trials that promote the inclusion of all interested countries?,"['China, India and other countries', 'Great progress in clinical trials', 'Great efforts to encourage the release of all interested countries']"
612,"One Health Work with the World Organisation for Animal Health (OIE), the Food and Agriculture Organization of the United Nations (FAO), and countries to identify the zoonotic source of the virus and the route of introduction to the human population, includingthe possible role of intermediate hosts This should be accomplished through efforts such as scientific and collaborative field missions, which will enable targeted interventions and a research agenda to reduce the risk of similar eventsWork closely with OIE and FAO to provide guidance on how to prevent SARS-CoV-2 infections in animals and humans and prevent the establishment of new zoonotic reservoirs",the World Organisation for Animal Health,Who did OIE work with to identify the zoonotic source of the virus and the route of introduction to the human population?,"['Oie and FAO', 'O present and future zoonotic sources of the virus', 'the Food and Agriculture Organization of the United Nations']"
613,"Work with partner organizations and countries to strengthen the global food supply chain, protect food workers, properly manage food markets, and mitigate possible disruptions to the food supplyEssential Health ServicesSupport countries to assess and manage the unintended consequences of public health measures implemented to control the COVID-19 pandemic, including gender-based violence and child neglect Support countries to monitor their ability to provide and strengthen essential health services throughout a likely extended COVID-19 response",gender-based violence and child neglect,What types of violence are included in the COVID-19 pandemic?,"['useful and harmful public health measures', "" gender- related and children's lack of food"", ""women's physical and mental treatment""]"
614," This should include, but is not limited to, essential prevention for communicable diseases, particularlyvaccination; services related to reproductive health, including care during pregnancy and childbirth; care of vulnerable populations, such as young infants and older adults; provision of medications and supplies for the ongoing management of chronicdiseases, including mental health conditions; continuity of critical inpatient therapies; management of emergency health conditions and common acute presentations that require time-sensitive intervention; and auxiliary services, such as basicdiagnostic imaging, laboratory services, and blood bank servicesSupport countries to address shortages of essential medicines and health products, personal protective equipment, and other medical supplies and to establish sustainable risk management practices to prevent future shortagesRisk communication and community engagementContinue risk communications and community engagement activities through the WHO Information Network for Epidemics (EPI-WIN) and other platforms to counter rumours and misinformation",prevention for communicable diseases,"What should include, but is not limited to?","[' management of emergency health conditions', 'the care of vulnerableients', 'meeting the needs of health care']"
615," Continue to regularly communicate clear messages, guidance, and advice about the evolution of the COVID-19 pandemic, how to reduce transmission, and save lives Work with partners and countries to articulate potential long-term consequences of COVID-19 pandemic, emphasizing the need for strengthened cross-sectoral preparedness, transparency and global coordinationSurveillanceClarify the testing strategy, support countries to increase testing capacity, and aim to provide equitable access to diagnostic tests and supplies in light of market failures and global shortages",market failures and global shortages,"What are the reasons for the need for improved cross-sectoral preparedness, transparency and global coordination?","['global warming and health problems', 'Lack of cross - Serviceal preparedness', 'global shortages and good quality of service']"
616," Continue to provide guidance on monitoring disease trends using Severe Acute Respiratory Infections (SARI) and Influenza Like Illness (ILI) surveillance systems in anticipation of the co-circulation of influenza virusesDevelop qualitative and quantitative indicators that countries can use to assess and monitor SARS-CoV-2 transmission at all levels of public health responseContinue to support countries and partners by providing technical and operational guidance, training platforms, and tools such as Go",Severe Acute Respiratory Infections (SARI) and Influenza Like Illness (ILI) surveillance systems,What surveillance systems are used to monitor disease trends?,"['SARS-CoV-2 transmission', 'Sari and Influences Like Illness', 'Influenced systems such as EARS-CoV-2 transmission']"
617,"Data,to enhance case identification and contact tracing capacity, strengthen the public health workforce, and engagecommunities for contact tracingProvide clear qualitative and quantitative indicators to monitor SARS-CoV-2 transmission to inform the adjustment of public health and social measuresTravel and TradeContinue working with countries and partners to enable essential travel needed for pandemic response, humanitarian relief, repatriation, and cargo operations",to enhance case identification and contact tracing capacity,What do data do to strengthen the public health workforce and engagecommunities for contact tracing?,"['to strengthen the public health workforce and contactacing capacity', 'to provide data to inform the adjustment of public health and social measures', 'to provide information about the health and social measures']"
618,"Develop strategic guidance with partners for the gradual return to normal operations of passenger travel in a coordinated manner that provides appropriate protection when physical distancing is not feasible Update recommendations on appropriate travel measures and analyze their effects on international transmission of COVID-19, with consideration of the balance between benefits and unintended consequences, including entry and exit screening, educationof travelers on responsible travel behaviour, case finding, contact tracing, isolation, and quarantine, by incorporating evidence on the potential role of pre-symptomatic and asymptomatic transmission To all States PartiesCoordination and CollaborationSupport WHO leadership and continue to collaborate with WHO at all levels of the organization and with other countries to enable effective global COVID-19 pandemic preparedness and response",global COVID-19 pandemic preparedness and response,What does WHO continue to collaborate with with other countries to enable?,"['global CO study and response', 'global COUV -19 pandemaking', 'international transmission of COided-19']"
619," These data should include SARI and ILI where availableUse the WHO qualitative and quantitative indicators to assess and monitor SARS-CoV-2 transmission at all levels of public health responseAdditional Health MeasuresAvoid restrictions on international transport of food, medical and other essential supplies and permit the safe movement of essential personnel required for an effective pandemic response",SARS-CoV-2,What type of transmission should the WHO evaluate and monitor?,"['A pandemic response', 'Sars- coV-2 transmission', 'SARS and silentI']"
620," Implement appropriate travel measures with consideration of their public health benefits, including entry and exit screening, education of travelers on responsible travel behaviour, case finding, contact tracing, isolation, and quarantine, byincorporating evidence on the potential role of pre-symptomatic and asymptomatic transmission Implement and monitor case finding and contact tracing of travellers, using digital tools where appropriateContinue to review travel and trade measures based on regular risk assessments, transmission patterns at origin and destination, cost-benefit analysis, evolution of the pandemic, and new knowledge of COVID-19",COVID-19,What is the new knowledge of travel and trade measures?,"['New knowledge of travel and trade measures', 'implantating Evidence on the role of pre---Sympt blown transmission', ' contact finding']"
621, Engage in global efforts to respond to the challenges of COVID-19 in managing maritime vessels Do not implement trade restrictions beyond those considered to be of public health importance in accordance with relevant international agreementsContinue to provide appropriate public health rationale to WHO for additional health measures in accordance with IHR,WHO,Who should provide appropriate public health rationale for additional health measures in accordance with IHR?,"['IH', 'Ihaw', 'IKE Health Management']"
622,"Continue sharing full genome sequences to increase global understanding of virus evolution and phylogenetics and their application to public health practicesEssential Health ServicesMaintain essential health services throughout a likely extended COVID-19 response This should include essential prevention for communicable diseases, particularly vaccination; services related to reproductive health, including care during pregnancyand childbirth; care of vulnerable populations, such as young infants and older adults; provision of medications and supplies for the ongoing management of chronic diseases, including mental health conditions; continuity of critical inpatienttherapies; management of emergency health conditions and common acute presentations that require time-sensitive intervention; and auxiliary services, such as basic diagnostic imaging, laboratory services, and blood bank services",auxiliary services,"What are basic diagnostic imaging, laboratory services, and blood bank services?","[' essential health services', 'Basic health services, laboratory services, and blood bank services', 'Blood bank services']"
623,"Continue to track and document the impact of COVID-19 on essential health servicesWHO and the European Investment Bank enhance cooperation to support countries in addressing the health impact of COVID-19The first phase will address urgent needs and strengthen primary health care in ten African countriesEnhanced WHO-EIB partnership will scale up financing to assure the chain of essential supplies, including personal protective equipment, diagnostics and clinical managementNew initiative will accelerate investment in health preparedness and primary health care with a focus on health work force, infrastructure, and water, sanitation and hygieneThe initiative involves measures to address the growing threat of antimicrobial resistanceThe World Health Organization and the European Investment Bank will boost cooperation to strengthen public health, supply of essential equipment, training and hygiene investment in countries most vulnerable to the COVID-19 pandemicThe new partnership between the United Nations health agency and the world’s largest international public bank, announced at WHO headquarters in Geneva earlier today, will help increase resilience to reduce the health and social impact of future health emergencies",health impact of COVID-19,What is the first phase of the WHO-EIB partnership?,"['the development of health care', 'the health care in ten African countries', 'the health care in ten unwilling airports-19']"
624,"""Combining the public health experience of the World Health Organization and the financial expertise of the European Investment Bank will contribute to a more effective response to COVID-19 and other pressing health challenges,"" said Dr Tedros Adhanom Ghebreyesus, WHO Director-General""WHO looks forward to strengthening cooperation with the EIB to improve access to essential supplies including medical equipment and training, and deliver better water, sanitation and hygiene where most needed New initiatives to improve primary health care in Africa and support the EU Malaria Fund hint at the potential impact of our new partnership,” Dr Tedros concluded",WHO Director-General,Who is Dr Tedros Adhanom Ghebreyesus?,"['The European Health Organization', ""The EIB's technical director"", 'The World Health Bank']"
625,"“The world is facing unprecedented health, social and economic shocks from COVID-19 The European Investment Bank is pleased to join forces with the World Health Organization as a key part of Team Europe’s efforts to address the global impact of the COVID-19 pandemic The EU Bank’s new partnership with the WHO will help communities most at risk by scaling up local medical and public health efforts and better protect people around the world from future pandemics",the WHO,Who will help communities most at risk by scaling up local medical and public health efforts and better protect people around the world from future pandemics?,"[""the World Bank's"", 'the European Health Bank', 'the United Health Organization']"
626," Thisnew cooperation will enable us to combat malaria, address anti-microbial resistanceandenhance public health in Africa more effectively,” said Werner Hoyer, President of the European Investment BankImproving local public health efforts to tackle coronavirusThe WHO and the EIB will increase cooperation to help governments in low- and middle-income countries to finance and secure access to essential medical supplies and protective equipment through central procurementBuilding resilient health systems in vulnerable countries across AfricaThe WHO and the EIB will reinforce cooperation to support immediate COVID-19 needs and jointly develop targeted financing to enhance health investment and build resilient health systems and primary health care to address public health emergencies as well as accelerate progress towards Universal Health Coverage",combat malaria,What will this new cooperation enable us to do?,"['set up local public health efforts', 'improve public health', 'improve health education in Africa']"
627,"The partnership will benefit from the EIB’s planned 14 billion EUR response to address the health, social and economic impact of COVID-19 in AfricaThis will address immediate needs in the health sector and provide both technical assistance and support for medium-term investment in specialist health infrastructure",14 billion EUR,"How much money will the EIB plan to spend to address the health, social and economic impact of COVID-19 in Africa?","['14 billion pays to address the health, social and economic impact', '16 billion', '14 billion dollars in charge']"
628," Increased cooperation between the WHO and the EIB will strengthen the resilience of national public health systems and enhance preparedness of vulnerable countries against future pandemics, thanks to investments in primary care infrastructure, health workers and improved water, sanitation and hygieneFuture cooperation will strengthen the EIB’s 52 billion EUR global response to COVID-19 outside the European Union",52 billion EUR,How much will the EIB contribute to the global response to COVID-19?,"['54 billion yuan', '50 million', '50,000']"
629,Scaling up investment to tackle antimicrobial resistanceThe two organisations will also cooperate in an initiative to address investment barriers hindering development of new antimicrobial treatment and related diagnostics Antimicrobial resistance is amongst the most significant global health threatsThe WHO and the EIB are working on a new financing initiative to support development of novel antimicrobials and address the estimated 1 billion EUR needed to provide medium-term solutions to antimicrobial resistance,1 billion EUR,How much money is needed to provide medium-term solutions to antimicrobial resistance?,"['1 billion euro.', 'About 4 billion dollars', '3 billion dollars']"
630," Other crucial partners have been invited to join this discussionImproving the effectiveness of malaria treatmentUnder the new agreement the EIB and WHO will support development of the EU Malaria Fund, a new 250 million EUR public-private initiative intended to address market failures holding back more effective malaria treatmentStrengthening EIB support for healthcare, life science and COVID-19 investmentIn recent years the European Investment Bank has provided more than 2 billion EUR annually for health care and life science investment",2 billion EUR,How much money has the European Investment Bank provided annually for health care and life science investment?,"['2 billion euro.', '3 billion yuan', '9 billion yuan.']"
631," It makes long-term finance available for sound investment in order to contribute towards EU policy goalsThe World Health Organization provides global leadership in public health within the United Nations system Founded in 1948, WHO works with194 Member States, across six regions and from more than 150 offices,to promote health, keep the world safe and serve the vulnerable","to promote health, keep the world safe and serve the vulnerable",What does the WHO work with?,"['to make long - term finance available', 'to help the poor, the vulnerable and the vulnerable', 'to help the poor care for the poor']"
632," Our goal for 2019-2023 is to ensure that a billion more people have universal health coverage, to protect a billion more people from health emergencies, and provide a further billion people with better health and wellbeing For updates on COVID-19 and public health advice to protect yourself from coronavirus, visit wwwint and follow WHO on Twitter, Facebook, Instagram, LinkedIn, TikTok, Pinterest, Snapchat, YouTubeWHO’s information site on the COVID-19 pandemic",coronavirus,What do you need to protect yourself from?,"[""people's health emergencies"", 'people health care', 'people who suffer from health emergencies']"
633,"Since the start of the COVID-19 pandemic, WHO has seen a dramatic increase in the number of cyber attacks directed at its staff, and email scams targeting the public at largeThis week, some 450 active WHO email addresses and passwords were leaked online along with thousands belonging to others working on the novel coronavirus responseThe leaked credentials did not put WHO systems at risk because the data was not recent",the data was not recent,Why did the leaked credentials not put WHO systems at risk?,"['the network was not put at risk', "" WHO's systems were not well protected"", "" WHO wasn't well protected""]"
634," However, the attack did impact an older extranet system, used by current and retired staff as well as partnersWHO is now migrating affected systems to a more secure authentication systemScammers impersonating WHO in emails have also increasingly targeted the general public in order to channel donations to a fictitious fund and not the authentic COVID-19 Solidary Response Fund",the general public,Who did the scammers impersonate in emails increasingly target?,"['people who use the old extranet system', 'the real COUV-19solidary Response Fund', 'people who are interested in fake fund']"
635," The number of cyber attacks is now more than five times the number directed at the Organization in the same period last year“Ensuring the security of health information for Member States and the privacy of users interacting with us a priority for WHO at all times, but also particularly during the COVID-19 pandemic We are grateful for the alerts we receive from Member States and the private sector",COVID-19 pandemic,In what pandemic is the security of health information for Member States and the privacy of users interacting with us a priority for WHO?,"["" WHO's health information"", ' WHO pandemic.', 'The security of health information for member States']"
636," We are all in this fight together,”said Bernardo Mariano, WHO’s Chief Information OfficerWHO is working with the private sector to establish more robust internal systems and to strengthen security measures and is educating staff on cybersecurity risksWHO asks the public to remain vigilant against fraudulent emails and recommends the use of reliable sources to obtain factual information about COVID-19 and other health issues",cybersecurity risks,What does WHO ask the public to remain vigilant against fraudulent emails?,"['cyber security measures', 'using reliable sources', ' misuse of reliable sources']"
637,"For more information, please visit:wwwFood safety incidentsDuring the first quarter of 2020, the INFOSAN Secretariat was involved in 38 food safety incidents involving 109 WHO Member States and 9 territories of WHO Member States There were 25 incidents involving a biological hazard (Salmonella spp",25,How many food safety incidents were there in the first quarter of 2020?,"['35 food safety accidents', '26', '18']"
638," [8], Listeria monocytogenes [5], Norovirus [3] Shiga-toxin producing Escherichia coli [2], Clostridium botulinum [2] Bacillus cereus [2], Cronobacter spp [1], Shigella sonnei [1], unspecified biological hazard [1]), 6 involving an undeclared allergen (milk [3], peanut (1), egg [1], gluten [1]), 5 involving a physical hazard (undetermined foreign matter [2], glass [1], metal [1], plastic [1]), one involving a chemical/toxin hazard (histamine), and one linked to an unspecified hazard The food categories that were most commonly involved in the 38 incidents during the first quarter of 2020 involved fish and other seafood (8), herbs and spices (4), legumes and pulses (4), milk and dairy products (3), nuts and oilseeds (3), snacks, desserts and other foods (3), cereals and cereal-based products (2), composite food (2), fruit and fruit products (2), meat and meat products (2), vegetables and vegetable products (2), products of special nutritional use (1), and food for infants and small children (1)",food for infants and small children,What food category was most commonly involved in the 38 incidents during the first quarter of 2020?,"['food for children', 'food made of special nutritional use', 'food with special nutrition use']"
639," One incident involved an unknown food source During such international food safety incidents, the INFOSAN Secretariat relies on the swift action of national INFOSAN Emergency Contact Points to respond to requests for information Rapid sharing of information through INFOSAN enables members to implement appropriate risk management measures to prevent illness in their respective countries",INFOSAN Emergency Contact Points,What does the INFOSAN Secretariat use to respond to requests for information?,"['InFFLacksAN EmergencyContact points.', 'InFFLESAN EmergencyContact points', 'INFELESAN Emergency contact points']"
640,"Geographic scopeThe outlined incidents involved Member States from all WHO regions: Europe (39), followed by the Americas (24), Africa (24), the Western Pacific (18), the Eastern Mediterranean (8) and South-East Asia (6) Recall in several countries of frozen spring roll sheets from Singapore due to the presence of an undeclared allergenIn February 2020, the INFOSAN Secretariat was notified by the European Rapid Alert System for Food and Feed (RASFF) and INFOSAN colleagues in Australia of a recall in Australia and several European countries of frozen spring roll sheets due to the detection of an undeclared allergen (milk), imported from Singapore In collaboration with RASFF, the INFOSAN Secretariat was informed that the implicated frozen spring roll sheets were distributed internationally to 46 Member States from four WHO regions and 4 territories in Europe and the Western Pacific",46,How many Member States were involved in the frozen spring roll sheets distributed internationally?,"['50', '9.4', '51']"
641," Moreover, through engagement with the INFOSAN Emergency Contact Point (ECP) in Singapore, the INFOSAN Secretariat also received details of further distribution of implicated products to additional WHO Member States from all WHO regions, taking the total number of Member States involved to 65 It was also reported that the products involved had been redistributed by some countries to Europe, the Americas and Africa Consequently, several countries recalled the implicated products to relabel them and investigated the issue to identify illnesses related to the consumption of the implicated frozen spring roll sheets",the INFOSAN Emergency Contact Point,What was the name of the emergency contact point in Singapore?,"['one of theicate persons', 'the Confusedity of the inflossation of products', 'included in the drawing of the inflected products']"
642," No illnesses were reported to the INFOSAN SecretariatThis incident has highlighted undeclared allergens as an important category of hazards that can result in a largescale international response to implement risk management measures and prevent illness In addition, it exemplified efficient communication among INFOSAN members and the Secretariat",efficient communication,What did INFOSAN members and the Secretariat do to prevent illnesses?,"['measures to avoid illness', 'taking some risk management measures and prevent illness', 'avoiding illnesses']"
643,"Outbreak of Listeriosis in the United States of America linked to enoki mushrooms imported from the Republic of KoreaIn March 2020, the INFOSAN Secretariat was made aware by the United States (US) Centers for Disease Control and Prevention (CDC) of an outbreak of Listeriosis in the US linked to the consumption of enoki mushrooms, imported from the Republic of Korea In total, 36 cases including 4 deaths have been reported in the US Following investigations in Canada, carried out in collaboration with the US, the INFOSAN Secretariat was informed of 6 cases of Listeriosis between 2017 and 2019 in Canada potentially related by whole genome sequencing (WGS) to the ongoing outbreak in the USA",6,How many cases of Listeriosis have been reported in the US?,"['35', '9', '36 cases']"
644," In addition, food isolates (from enoki mushrooms from the Republic of Korea) genetically associated with the cluster of cases have been collected in 2019 by authorities in Canada The WGS information pertaining to the cases and food isolates were shared on the INFOSAN Community Website to assist the identification of cases in other countries The INFOSAN Secretariat engaged the INFOSAN Emergency Contact Point (ECP) in the Republic of Korea to seek details on any further international distribution of the implicated enoki mushrooms",INFOSAN Emergency Contact Point,Who did the INFOSAN Secretariat contact to seek details on any further international distribution of the implicated enoki mushrooms?,"['Because the food isolatedates were genetically associated with the cases.', 'Who exposed the inflected mushrooms to the Jiwaited', 'How did the inflected mushrooms supply to the world?']"
645," Investigations are ongoingNews & activitiesFood Sector and the COVID-19 outbreakOn 31 December 2019, WHO was alerted to several cases of pneumonia of unknown origin in the city of Wuhan, Hubei Province, China The virus, a previously unknown coronavirus has been named SARS-CoV-2 and is the cause of the COVID-19 disease",SARS-CoV-2,What is the previously unknown coronavirus that is the cause of the COVID-19 outbreak?,"['The previous unknown carnavirus', 'The COided-19 virus', 'The cause']"
646,"The WHO Epidemic Information Network (EPI-WIN) aims to share information tailored to specific sectors, including food and agriculture The INFOSAN Secretariat has recently developed a guidance document for food businesses with regards to COVID-19 and food safety which is now available online The guidance has also been disseminated through EPI-WIN and presented during two webinars",EPI-WIN,What is the WHO Epidemic Information Network?,"['Ecotidiana Information Network', 'EI-rien Information Network', 'How To Informationise Food and Agriculture']"
647,"Call for applicants: INFOSAN Train-the-Trainer WorkshopIn February, the INFOSAN Secretariat issued a call for applications for the INFOSAN Train-the-Trainer workshop With the constant growth of the network, and the increased need for training that this entails, the INFOSAN Secretariat, in collaboration with the Canadian Food Inspection Agency (CFIA), has announced this workshop which aims to increase the human resources available to train INFOSAN members on a range of INFOSAN-related topics, online or in-person As a result, it is expected that the understanding of the roles and responsibilities of INFOSAN members will be improved, resulting in greater participation that will enhance speed and efficiency during the response to food safety emergencies at the global level",INFOSAN Train-the-Trainer workshop,What is the name of the INFOSAN Train-the-Trainer workshop?,"['informational training', 'informative workshop', 'InFFL StateAN Secretarium']"
648," The INFOSAN Secretariat, together with CFIA, look forward to hosting this important workshop later this yearDeveloping the new INFOSAN Community WebsiteThe INFOSAN Community Website (ICW) continues to be an effective tool for the network to disseminate information during food safety emergencies Over the past year, through the INFOSAN member survey, the Secretariat has gained a better understanding of how members use the ICW and how it can be improved to enhance information sharing",INFOSAN Community Website,What is the name of the new INFOSAN Community Website?,"['China Information society', 'The newest infop shared information with others.', 'A New type of Communicating Information']"
649," The information collected, together with the experience of members of the Secretariat, has provided numerous innovative ideas to guide the development of the new ICW The Secretariat is pleased to announce that the competitive process to select the vendor that will develop the new INFOSAN Community Website has concluded and the work on the creation of the new ICW has begunVoice of an active network member",active network member,What is the name of the network that will develop the new INFOSAN Community Website?,"[' Names of an active network member', 'active worker', 'name of the new Communicating System']"
650," The collaboration will start in the Asia Pacific region and then roll out globally The goal is to reach everyone with vital health messages, whatever their connectivity level6 billion people remain offline, with most people who are unconnected living in low-income countries, where an average of just two out of every ten people are online",two out of every ten,How many people are online in low-income countries?,"['four billion people', 'About one in three people are online', 'one in three of the people are online. [ : Zxxk']"
651," ITU and WHO call on all telecommunication companies worldwide to join this initiative to help unleash the power of communication technology to save lives from COVID-19 This initiative builds on current efforts to disseminate health messages through the joint WHO-ITU BeHealthy BeMobile initiativeCoronavirus disease (COVID-19) is the first pandemic in human history where technology and social media are being used on a massive scale to keep people safe, productive and connected while being physically apart",COVID-19,What is the first pandemic in human history?,"['Conavirus disease', ' ITU and WHO', 'ITU and WHO call on everyone to take part in this development']"
652," Health workers are utilizing telemedicine to diagnose patients and hospitals rely on being connected to coordinate and triage them Resilient and trustworthy telecommunication networks and services are essential, as more countries, companies and individuals turn to digital technologies to respond to and cope with the impact of COVID-19Building on their longstanding collaboration, ITU and WHO are committed to identifying and scaling best evidence-based digital health solutions and to leveraging frontier technologies such as artificial intelligence and big data to diagnose, contain and predict outbreaks better and faster",telemedicine,What is used by health workers to diagnose patients?,"['itational', 'it can help patients', 'it can be used to diagnose patients']"
653,"--------------------------------World Health OrganizationThe World Health Organization provides global leadership in public health within the United Nations system Founded in 1948, WHO works with 194 Member States, across six regions and from more than 150 offices, to promote health, keep the world safe and serve the vulnerable Our goal for 2019-2023 is to ensure that a billion more people have universal health coverage, to protect a billion more people from health emergencies, and provide a further billion people with better health and wellbeing",a billion,How many people have universal health coverage for 2019-2023?,"['two billion', 'two people', 'a health insurance card']"
654,"For updates on COVID-19 and public health advice to protect yourself from coronavirus, visitwwwintand follow WHO onTwitter,Facebook,Instagram,LinkedIn,TikTok,Pinterest,Snapchat,YouTubeInternational Telecommunication Union (ITU)A specialized United Nations agency for information and communication technologies (ICTs), driving innovation in ICTs together with 193 Member States and a membership of over 900 companies, universities, and international and regional organizations Established over 150 years ago in 1865, ITU is responsible for coordinating the shared global use of the radio spectrum, promoting international cooperation in assigning satellite orbits, improving communication infrastructure in the developing world, and establishing the worldwide standards that foster seamless interconnection of a vast range of communications systems",COVID-19,What is the name of the document that ITU provides updates on?,"['ITU', 'TU', 'IKE']"
655," For more information, visit:wwwThe 7thmeeting of the Emergency Committee, convened by the WHO Director-General under the International Health Regulations (IHR) (2005) to review the current Ebola virus disease (EVD) outbreak in the Democratic Republic of the Congo,took place on Friday, 10 April 2020, from 12:30 to 14:15 Geneva time (CEST) and on Tuesday, 14 April from 12:30 to 14:05 Geneva time (CEST)The Committee’s role is to give advice to the Director-General, who makes the final decision onthe determination of a Public Health Emergency of International Concern (PHEIC) and issues temporary recommendations as appropriate",the Democratic Republic of the Congo,Where did the Ebola virus outbreak occur?,"['the Ebola virus outbreak', 'The Australian Health Organization', 'The African Republic']"
656,Proceedings of the meetingMembers and advisors of the Emergency Committeewere convened by teleconferenceThe Secretariat welcomed the Committee and thanked them for their support The Director General welcomed the Committee and expressed strong determination for addressing the current resurgence of EVD cases,teleconference,What was the name of the meeting that the members and advisors of the Emergency Committee were convened by?,"['the meeting', 'the Minister General', 'the members of this meeting']"
657,"Representatives of WHO’s legal department and the department of compliance, risk management, and ethics briefed the Committee members on their roles and responsibilities Committee members were reminded of their duty of confidentiality and theirresponsibility to disclose personal, financial, or professional connections that might be seen to constitute a conflict of interest Each member who was present was surveyed and no conflicts of interest were judged to be relevant to the meeting",no conflicts of interest,"What was judged to be relevant to the meeting by representatives of WHO's legal department and the department of compliance, risk management, and ethics?","['no conflict of Interest', 'a conflict of interest', 'a conflict by the members not personal']"
658,"The meeting was turned over to the Chair, Dr Robert Steffen Dr Steffen also welcomed the Committee, outlined the objectives of the meeting, introduced the presenters, and gave the floor back to the SecretariatPresentations were made by a representative of the Ministry of Health of the Democratic Republic of the Congo and the WHO Secretariat to update the Committee on the situation",the Chair,Who was responsible for the meeting?,"['Dr Stefflower', 'the members of the meeting', 'the presenters of the meeting and the boss of the meeting']"
659,"The Democratic Republic of the Congo provided an update of the epidemiological situation As of 8 April 2020, a total of 3 453 EVD cases were reported from 29 health zones, including 3 310 confirmed and 143 probable cases of which 2 273 cases died (overall case fatality rate 66%) Asof 13 April 2020, three confirmed cases, including two deaths, occurred in Beni city in the last four days",Beni city,Where did two confirmed cases of EVD occur in the last four days?,"['Measures city', 'Asof', 'Where did the worstease of Deng city occur']"
660," These cases were reported 40 days after the second negative test of the last previously confirmed patient The Democratic Republic of the Congo, WHO, and partners are investigatingthe infection source, validating the reported alerts, and conducting public health measures for confirmed cases and contactsOngoing challenges include: the low alert rate for suspected cases and deaths; community reticence in the context of the emerging cases; presence of armed groups in the affected health area; the unidentified source of infection for these patients; andthe movement of contacts",the movement of contacts,What is one of the challenges facing the Democratic Republic of the Congo?,"['the increase of reported cases', 'the infection source', 'the cause for the infected cases']"
661,"In response to the current resurgence of cases,the Democratic Republic of the Congo and partners are tracing and vaccinating confirmed case contacts and contacts of contacts; isolating high risk contacts; sequencing confirmed case samples; decontaminating health facilities and householdswith confirmed cases; ensuring safe and dignified burial of cases; involving political and administrative authorities in negotiations with the armed groups; activating community dialogue committees and relaunching community action units to pass onalerts and conduct community-based surveillance; and strengthening screening measures at points of entryWHO noted that the current resurgence is unfortunate, but not unexpected considering the human and animal reservoirs The rapid risk assessment is moderate at the national and regional levels, and low at the global level",low,"The rapid risk assessment is moderate at the national and regional levels, and what is low at the global level?","['high', 'high level of risk assessment', 'Low']"
662," As the investigation is ongoing,the risk assessment will be continuously reassessed in the coming days based on available and shared information Alerts and community deaths are being investigated to identify the source of infection The engagement of community leaders to addresschallenges with community mistrust and access to critical areas for response teams remains a priority",community mistrust,What is a priority of community leaders?,"[' community communication', ' community lack of confidence', 'the risk assessment']"
663," Three vaccination teams have been activated While approximately 6000 doses are available in Beni, WHO anticipates potential challenges with thevaccine pipeline because of limited flight ability as a result of the coronavirus disease (COVID-19) pandemicWHO highlighted that the capacities built for EVD preparedness are also contributing to COVID-19 preparedness and response inthe Democratic Republic of the Congo and the nine neighbouring countries",6000,How many doses are available in Beni?,"['00', '50 thousand', '00,000 -600']"
664," These capacities include: multi-sectoral, multi-partner coordination mechanisms; planningprocesses and development of standard operating procedures; laboratory diagnostic and testing capacity; availability of rapid response teams established for EVD; prepositioned personal protective equipment kits and infection prevention and controlmaterials; as well as points of entry, community, and health facility-based systems for surveillance and reportingContext and discussionThe Committee conveyed their appreciation tothe Director General for his leadership and dedication to end this challenging outbreak The Committee expressed its gratitude for achieved success and strong support for conducting further response activitiesto control the current situation to all national and international partners, particularly those active in the field under difficult conditions","multi-sectoral, multi-partner coordination mechanisms",What are some of the capacities of the Committee?,"['eleven years and forty - six special teams', 'meeting of rapid response teams', ' multi - multi -partner development media management lines and studies\n�']"
665,The Committee commended preparedness amongst the neighbouring countries which is helping to preventinternational spread of EVDThe Committee discussed the potential negative impact of community reticence on the response activities related to the most recent confirmed cases Community engagement is critical to ensuring the continued success of the EVD response activities,Community engagement,What is critical to ensuring the continued success of EVD response activities?,"['History of EVD', 'Efforts to preventinternational spread of EVD', 'Efforts']"
666," As such,the population is being sensitized to the recently identified cases by political and administrative authoritiesVaccination activities are continuing following the successful strategy of vaccinating cases, contacts, and contacts of contacts The Democratic Republic of the Congo is intensifying its surveillance activities to identify and contain the spread of EVD",EVD,The Democratic Republic of the Congo is intensifying its surveillance activities to identify and contain the spread of what?,"['Vaccinating cases', 'SAT', 'Vaccination activities']"
667," While the presence of violencein Beni is challenging,the Democratic Republic of the Congo has previously trained members of the armed group to conduct surveillance activities The current focus is to find the source of the outbreak and potential links to the previous cases or survivorsCase validation is conducted when alerts are reported to confirm that the case meets the case definition",the case meets the case definition,When alerts are reported to confirm what?,"['the case is not the original one', 'the case is not the real story in the novel', 'the boy is not the only one who meets the case definition']"
668," However, for a community death that occurred on 30 March, the first and second alerts were not validated This community death is currently beinginvestigatedIn response to the Committee’s question on available resources for this EVD response, WHO highlighted the diminishing resources to address the outbreak and the recent departure of NGO partners who had been providing support for the EVD responsein the area",the Committee’s question on available resources,What was the WHO's response to a community death that occurred on 30 March?,"['why the community death was not valid', ""the WHO's response on the community death."", 'the death of a community death']"
669," WHO has not received adequate EVD funding since the start of 2020 and is currently using its emergency funds to support the epidemiological and public health interventions Financial and human resources of the Democratic Republic of the Congo, WHO, and partners are challengedby the ongoing COVID-19 outbreakThe Committee expressed concern regarding infection prevention and control in the health facilities",the Democratic Republic of the Congo,WHO and partners are challenged by the ongoing COVID-19 outbreak?,"['theDemocratic Republic yuan', 'the Democratic Republic', 'theDemocratic Republicof the Republic']"
670," Assessment of health facilities are being conducted to identify the risk of nosocomial infectionsConclusions and adviceThe Committee discussed the progress in addressing the Ebola outbreak on 10 April Following the announcement of new Ebola cases in Beni, the Director-General asked the Emergency Committee to reconvene on 14 April to study the information provided byDRC on the recent resurgence of cases",14 April,When did the Emergency Committee reconvene to study the information provided byDRC on the recent resurgence of cases in Beni?,"['30 April', '9 April', '10 May']"
671,"The Committee agreed that while there is a low risk of international spread, they consider this event to still constitute a public health emergency of international concern (PHEIC) under the IHR (2005), requiring international coordination and supportThe Committee emphasized the need for sufficient global funding for WHO as well as national and international partners to effectively implement and monitor these recommendationsThe Committee provided the following advice to the Director-General for his issuance as revised Temporary Recommendations under the IHR (2005)",the Director-General,Who did the Committee provide the following advice for his issuance as revised Temporary Recommendations under the IHR (2005)?,"['the International Organization for the Humanism', 'the Chinese and international partners', 'the members of the I workplace']"
672,"For DRC:Intensify surveillance activities and investigation of recently reported cases including potential nosocomial infectionsExpand use of vaccine in high risk populations, as vaccination is the best public health tool to prevent and control the spread of EVDContinue to strengthen the EVD infrastructure (i",vaccination,What is the best public health tool to prevent and control the spread of EVDContinue?,"['Vaccination', 'use of vaccine in high risk populations', 'Vaccinating']"
673," primary health care, risk communications and community engagement systems such as community action cells, surveillance systems including at points of entry, and alert management levels)Reinforce messaging with communities regarding the potential for resurgence and the need for sustained community engagement in reporting of alertsRemain vigilant against EVD while strengthening the focus on routine immunization programmes as well as other vaccine preventable diseases (i",vaccine preventable diseases,What does EVD stand for?,"[' community action cells', ' community action management system', ' community action managementators.ks5u']"
674,"For countries at risk:At-risk countries should remain prepared to cope with future outbreaks of EVD and continue to utilize and strengthen their preparedness capacities for other health emergencies (iFor WHO:Sustain support for investigation of and response to this EVD outbreakContinue engagement with countries and partners, including industry, to establish and maintain a global stockpile for EVD vaccines",EVD vaccines,What should a global stockpile be established for?,"['EvolD vaccine', 'Eld vaccines', 'EV vaccine']"
675,"Conduct evaluations and encourage development of future vaccine candidates that can protect health workers and populations at riskBased on this advice, the reports made by the affected State Party, and the currently available information, the Director-General accepted the Committee’s assessment and on 14 April 2020 maintained the EVD outbreak in the Democratic Republic ofthe Congo as a Public Health Emergency of International Concern (PHEIC)The Director-General endorsed the Committee’s advice and issued them as Temporary Recommendations under IHR (2005) to reduce the international spread of EVD, effective 14 April 2020",14 April 2020,On what date did the Director-General maintain the EVD outbreak in the Democratic Republic of the Congo?,[]
676," The Director-General thanked the Committee Members and Advisorsfor their advice and requested their reassessment as soon as the situation requiresLast updated 16 April 2020On 31 December 2019, WHO was informed of a cluster of cases of pneumonia of unknown cause detected in Wuhan City, Hubei Province of China Chinese authorities identified the SARS-CoV-2 as the causative virus on 7 January 2020, and the disease was named coronavirus disease 2019 (COVID-19) by WHO on 11 February 2020",11 February 2020,When was the SARS-CoV-2 named?,[]
677," The group also thanks everyone for putting their trust in the scientific community DeclarationWe are scientists, physicians, funders and manufacturers who have come together as part of an international collaboration, coordinated by the World Health Organization (WHO), to help speed the availability of a vaccine against COVID-19While a vaccine for general use takes time to develop, a vaccine may ultimately be instrumental in controlling this worldwide pandemic",a vaccine may ultimately be instrumental in controlling this worldwide pandemic,What is the role of a vaccine for general use?,"['a pandemic is coming into being', 'a vaccine is needed for the pandemic', 'a vaccine for general use is very effective in preventing this worldwide pandetic']"
678,"In the interim, we applaud the implementation of community intervention measures that reduce spread of the virus and protect people, including vulnerable populations, and pledge to use the time gained by the widespread adoption of such measures to develop a vaccine as rapidly as possible We will continue efforts to strengthen the unprecedented worldwide collaboration, cooperation and sharing of data already underway We believe these efforts will help reduce inefficiencies and duplication of effort, and we will work tenaciously to increase the likelihood that one or more safe and effective vaccines will soon be made available to all",one or more safe and effective vaccines,What will soon be available to all?,"['no one can get any cheap vaccine', 'the most effective vaccine', 'advanced vaccines']"
679,"Signatories in alphabetical order  Randy A Albrecht, Icahn School of Medicine at Mount Sinai, USAMohamad Assoum, Mercy Global Health Luigi Aurisicchio, on behalf of Takis Biotech, ItalyDan Barouch, Center for Virology and Vaccine Research, USA Trevor Brasel, The University of Texas Medical Branch (UTMB), USA Jennifer L Bath, ImmunoPrecise Antibodies, CanadaSina Bavari, Edge BioInnovation Consulting and Management, USAMaria Elena Bottazzi, Baylor College of Medicine, Houston, USA Gerhard Beck,Austrian Medicines and Medical Devices, AustriaTom Brady, Flow Pharma Inc, USA Kate Broderick, Inovio, USAWill Brown, Altimmune Inc, USADirk Busch, Maura Dandri, Dirk Heinz and Hans-Georg Kraeusslich, on behalf of the German Center for Infection Research - DZIF, GermanyScot Bryson, Orbital Farm, CanadaRicardo Carrión, Texas Biomedical Research Institute, USAMiles Carroll, Public Health England, UKKeith Chappell, University of Queensland, Australia Daniel S Chertow, National Institutes of Health, U",Daniel S Chertow,Who is the National Institutes of Health?,"['Dirk Busch', 'Takis Biote, Italy', 'ABreast Health']"
680," Gruber, Food and Drug Administration, U Department of Health and Human Services, USAFarshad Guirakhoo, GeoVax Inc, USABart L Haagmans, Erasmus Medical Center, The Netherlands M Elizabeth Halloran, Center for Inference and Dynamics of Infectious Diseases, Fred Hutchinson Cancer Research Center, and University of Washington, USAScott Harris, Altimmune Inc, USAHideki Hasegawa, National Institute of Infectious Diseases, Japan Richard Hatchett, on behalf of the Coalition for Epidemic Preparedness Innovations (CEPI), NorwayJames Hayward, Applied DNA Sciences, USASheri Ann Hild Peter Hotez, Baylor College of Medicine, USA Youngmee Jee, Seoul National University, College of Medicine, Republic of KoreaCharu Kaushic, Institute of Infection and Immunity, Canadian Institutes of Health Research (CIHR), Government of CanadaAlyson A",U Department of Health and Human Services,Who is Gruber?,"['Universities of Health Sciences', 'Alyon B', 'A National Institute of Infectious Diseases']"
681," Krause, Food and Drug Administration, U Department of Health and Human Services, USAGreg Kulnis, Nexelis, CanadaPaul Henri Lambert, Centre of Vaccinology, University of Geneva, SwitzerlandNathalie Landry, Medicago Inc, CanadaRoger Le Grand, Inserm-CEA-Université Paris Saclay, FranceRobin Levis, Food and Drug Administration, U","USAGreg Kulnis, Nexelis, CanadaPaul Henri Lambert",Who is the Centre of Vaccinology at the University of Geneva?,"['Krause, Food and Drug Administration, U', 'Paul Henri Jenkins', 'KrunamForeign, Food']"
682," Department of Health and Human Services, USAMark G Lewis, Bioqual Inc, USAJoshua Liang, Clover Biopharmaceuticals, ChinaJinzhong Lin, on behalf of Fudan University, ChinaIra Longini, University of Florida, USA Shabir Madhi, University of the Witwatersrand, Johannesburg, South AfricaJessica E Manning, National Institutes of Health, U Department of Health and Human Services, USAPeter Marks, Director, on behalf of Food and Drug Administration/Center for Biologics Evaluation and Research Hilary D",Food and Drug Administration/Center for Biologics Evaluation and Research,"Who is Hilary D., Director of the U Department of Health and Human Services?","['Clover Biopharm lovers, China', 'Jenny Longini, University of Florida, USA', 'The U Department of Health and Human Services']"
683," Marston, National Institutes of Health, U Department of Health and Human Services, USAFederico Martinón-Torres, Hospital Clínico Universitario de Santiago de Compostela, SpainSebastian Maurer-Stroh, on behalf of the GISAID InitiativeJohn W Mellors, University of Pittsburgh School of Medicine, USA Ali Mirazimi, Department of Laboratory medicin, Karolinska institutet, SwedenKayvon Modjarrad, Walter Reed Army Institute of Research, USA Stefan O",USA Stefan O,Who is the Walter Reed Army Institute of Research?,"['Marston, National Institute of Health, USA', 'Merellors, University of Pittsburgh, USA', 'Merezide-Stroh, USA']"
684," Mueller, CureVac, GermanyVincent J Munster, National Institutes of Health, U Department of Health and Human Services, USACésar Muñoz-Fontela, Bernhard-Nocht-Institute for Tropical Medicine, GermanyAysegul Nalca, U",GermanyAysegul Nalca,Who is the U.S. Department of Health and Human Services?,"['China', 'Germany -- CureVac, Germany', 'Germany -- U.S. Department of Health and Wildlife StatesicalCaterVac,']"
685," Army Medical Research Institute of Infectious Diseases (USAMRIID), USAJosé Manuel Ochoa, Altimmune Inc, USA Dave O'Connor, University of Wisconsin-Madison, USALidia Oostvogels, CureVac, GermanyNisreen M Okba, Erasmus Medical Center, The NetherlandsL",The Netherlands,What country is Erasmus Medical Center located in?,"['America', 'Military Medical Research Institute, USA', 'The USA']"
686," Jean Patterson, National Institutes of Health, U Department of Health and Human Services, USAJoe Payne, on behalf of Arcturus TherapeuticsJonathan Pearce, on behalf of the UK Research and Innovation (UKRI) and the Medical Research Council (MRC), UKStanley Perlman, University of Iowa, USAMargaret Louise Pitt, WRAIR/ U Army Medical Research Institute of Infectious Diseases (USAMRIID), USAAnuradha Poonepalli, Health Products Regulation Group, Health Sciences Authority, SingaporeDieter Pullirsch, Austrian Medicines and Medical Devices Agency, AustriaDamian Purcell, Doherty Institute, AustraliaChuan Qin, Institute of Laboratory Animal Sciences (ILAS), CAMS & PUMC, ChinaAngela Rasmussen, Columbia University Mailman School of Public Health, USAScott Roberts, Altimmune Inc",Arcturus TherapeuticsJonathan Pearce,Who is Jean Patterson on behalf of?,"['Auradha Poonep sellers', 'American Institute of Diseases', 'The UK Research and Innovation']"
687,", USAEstefania Rodriguez, Bernhard Nocht Institute for Tropical Medicine, Germany Ted M Ross, Center for Vaccines and Immunology, University of Georgia, USAChad J Roy, Tulane National Primate Research Center and Tulane School of Medicine, USAReid Rubsamen, Flow Pharma Inc, USAAnna Laura Salvati, ItalyAndrew Satz, EVQLV Inc, USAHanneke Schuitemaker and Johan Van Hoof, on behalf of Janssen Pharmaceuticals Companies of Johnson & Johnson, USARobert Shattock, Imperial College, UKJohn Shriver, Sanofi, USAGale Smith, Novavax Inc USAPeter Smith, London School of Hygiene and Tropical Medicine, UKIsabel Sola, Centro Nacional Biotecnología, SpainJames Southern, Adviser to South African Health Products Regulatory AuthorityRyan Spencer and David Novack, on behalf of Dynavax Technologies Corporation, USAJonathan M Spergel, Children’s Hospital of Philadelphia, Perelman School of Medicine at University of Pennsylvania, USA Sybil Tasker, Codagenix Inc, USAChien-Te Kent Tseng, University of Texas Medical Branch, Galveston, Texas, USA U","USAEstefania Rodriguez, Bernhard Nocht Institute for Tropical Medicine, Germany Ted M Ross",Who is the Center for Vaccines and Immunology?,"['America', 'America -- America', 'The Center for vaccines and Medicine']"
688," Department of Health and Human Services, USA, Assistant Secretary for Preparedness and Response/Biodefense Advanced Research and Development Authority U Department of Health and Human Services, USA, Centers for Disease Control and PreventionJean Marie Vianney Habarugira, on behalf of the European & Developing Countries Clinical Trials Partnership (EDCTP) Veronika von Messling, on behalf of German Federal Ministry of Education and Research, GermanyTony T Wang, Food and Drug Administration, U",Department of Health and Human Services,Who is the Assistant Secretary for Preparedness and Response/Biodefense Advanced Research and Development Authority?,"[' Department ofPreparedness and Response/Biodefense Advanced Research and Development authority', ' department of Health', 'His assistant Secretary for Preparedne and Response.ks5u']"
689," The book – aimed primarily at children aged 6-11 years old – is a project of the Inter-Agency Standing Committee Reference Group on Mental Health and Psychosocial Support in Emergency Settings,a unique collaboration of United Nations agencies, national and international nongovernmental organizations and international agencies providing mental health and psychosocial support in emergency settings During the early stages of the project, more than 1700 children, parents, caregivers and teachers from around the world shared how they were coping with the COVID-19 pandemic The input was invaluable to script writer and illustrator Helen Patuck andthe project team in making sure that the story and its messages resonated with children from different backgrounds and continents",children aged 6-11 years old,What is the primary focus of the book?,"['children aged 8 to 11', 'children aged 7', 'children from different backgrounds']"
690," In order to reach as many children as possible, the book will be widely translated, with six language versions released today and more than 30 others in the pipeline It is being released as both an online product and audio book Download the book here My Hero is You: all language versionsQuotes from collaborating partnersWorld Health Organization“Previous humanitarian emergencies have shown us how vital it is to address the fears and anxiety of young people when life as they know it gets turned upside down",six,How many language versions of My Hero is You are in the pipeline?,"['three', 'Twenty languages in the pipeline', 'Only six language version']"
691," We hope that this beautifully-illustrated book, which takes children on a journey across time zones and continents, will help them to understand what they can do to stay positive and keep safe during the coronavirus outbreak” Dr Tedros Adhanom Ghebreyesus, Director-GeneralUNICEF“All over the world, children’s lives have been completely upended — the majority of them living in countries with some form of restricted movement or lockdown This wonderful book helps children understand and navigate this new landscape and learn how they can take small actions to become the heroes in their own stories",children,Who does this book take on?,"['Children', 'people', 'schools']"
692,"”Henrietta Fore, Executive DirectorUNHCR“This is an important resource for children around the world with a strong message of inclusion at its heart – that this pandemic can only be beaten if everyone is included in its prevention and response Children, including those who are refugees, displaced and stateless, can help too No-one is protected unless we are all protected”",Children,Who can help if everyone is included in the prevention and response of the pandemic?,"['The', 'The pandine', 'Who can help the children?']"
693,"Filippo Grandi, United Nations High Commissioner for RefugeesUNESCO“Sharing facts and reliable information is vital to respond to COVID-19, and I wish to commend the creativity and passion of all artists, writers and publishers who find compelling ways to translate and craft stories and artwork so they can reach children and families to comfort and guide them through a distressing situation UNESCO is proud to support this initiative and we see this as an example of the contribution of the artistic community to the well-being and resilience of all""Audrey Azoulay, Director GeneralFor requests relating to translationsInter-Agency Standing Committee Reference Group on Mental Health and Psychosocial Support in Emergency Settings, Email: mhpss",Filippo Grandi,Who is the UN High Commissioner for Refugees?,"['AudreyAzoulay', 'Audrey Azouay', 'Audreyiz Louay']"
694,"This statement is no longer maintained An updated version was published on 29 June 2020&amp;amp;amp;amp;nbsp;31 Dec 2019Wuhan Municipal Health Commission, China, reported a cluster of cases ofpneumoniain Wuhan, Hubei Province","Wuhan, Hubei Province",What province reported a cluster of cases ofpneumoniain?,"['Wunan -- Huhan', 'Wahan - Huhan, Humblei province, China', 'Wunanish, Huhanil']"
695," A novel coronavirus was eventually identified1 January 2020WHO had set up the IMST (Incident Management Support Team) across the three levels of the organization: headquarters, regionalheadquarters and country level, putting the organization on an emergency footing for dealing with the outbreak4 January 2020WHO reported on social media that there was a cluster of pneumonia cases – with no deaths – in Wuhan, Hubei province","Wuhan, Hubei province",Where was there a cluster of pneumonia cases?,"['There was a lack of cases of influenza cases in China', 'In Wuhan, Hokei province. Ks5u', 'Where was the disaster in Wuhan, Hubei']"
696,"5 January 2020WHO published our first Disease Outbreak News on the new virus This is a flagship technical publication to the scientific and public health communityas well as global media It contained a risk assessment and advice, and reportedon what China had told the organization about the status of patients and the public health response on the cluster of pneumonia cases in Wuhan",Wuhan,Where was the cluster of pneumonia cases found?,"['Why were the patients in the big city?', 'Wugan and China', 'Because the Public Health Organization told the organization about the status of patients']"
697,"10 January 2020WHO issued a comprehensive package of technical guidance online with advice to all countries on how to detect, test and manage potential cases, based on what was known about the virus at the timeThisguidance was shared with WHO's regional emergency directors to share with WHO representatives in countriesBased on experience with SARS and MERS and known modes of transmission of respiratory viruses, infection and prevention control guidance were published to protect health workers recommending droplet and contact precautions when caring for patients, andairborne precautions for aerosol generating procedures conducted by health workers",aerosol generating procedures,What type of procedures did health workers use?,"['aspirantgenerating procedures', 'Aerosolgenerating procedures', 'SARS and MERS']"
698,"The lead also said that human-to-human transmission would not be surprising given our experience with SARS, MERS and other respiratory pathogens 20-21 January 2020WHO experts from its China and Western Pacific regional offices conducted a brief field visit to Wuhan22 January 2020WHO mission to Chinaissued a statement saying that there was evidence of human-to-human transmission in Wuhanbut more investigation was needed to understand the full extent of transmission",20-21 January 2020,When did WHO experts from its China and Western Pacific regional offices visit Wuhan?,[]
699,22- 23 January 2020The WHO Director- General convened an Emergency Committee (EC) under the International Health Regulations (IHR 2005) to assess whether the outbreak constituted a public healthemergency of international concern The independent members from around the world could not reach a consensus based on the evidence available at the time They asked to be reconvened within 10 days after receiving more information,10 days,How long did the WHO request to be reconvened after receiving more information?,"['two days', '5 days', '9 days']"
