,context,answer,question,distractor
1200," As such, the Committeeconcurred that the COVID-19 pandemic remains a public health emergency of international concern (PHEIC) and offered advice to the Director-GeneralThe Committee recognized WHO’s and States Parties’ progress in implementing the previous Temporary Recommendations from the 5th meeting of the Emergency Committee The Committee noted that these recommendations remain relevant and had acquired additional urgency given the evolution of the pandemic and the continuedneed for a coordinated global response",the COVID-19 pandemic,What pandemic remains a public health emergency of international concern?,"['the PHEIC pandemic', 'the definition of the pandine', ""the WHO's and States Parties'progress""]"
1201, The Committee advised on extending the previous Temporary Recommendations and provided additional advice to the Director-GeneralThe Director-General determined that the COVID-19 pandemic continues to constitute a PHEIC He accepted the advice of the Committee to WHO and issued the Committee’s advice to States Parties as Temporary Recommendations under the IHR,the COVID-19 pandemic continues to constitute a PHEIC,What did the Director-General determine was a PHEIC?,"['the CO peteIC has been sent to the I HR as a PHEIC', 'the person who made the decision to send the CO pet pandemic was the director general', 'the general had the task to make a PHEIC']"
1202,"The Emergency Committee will be reconvened within three months,at the discretion of the Director-GeneralThe Director-General thanked the Committee for its workAdvice to the WHO Secretariat  SARS-CoV-2 VariantsContinue to work with partners to develop standardized definitions and nomenclature of SARS-CoV-2 virus variants, based on their genetic sequence, that avoids stigmatization and is geographically and politically neutral",geographically and politically neutral,What is the standardized definition and nomenclature of SARS-CoV-2 virus variants?,"['sARS -CoV-2 virus variant', 'sARS- CoV non -- polar and Socially neutral', 'Geally and politically polar']"
1203," Provide clear informationto State Parties on what constitutes a variant of concernContinue to increase worldwide capacities for SARS-CoV-2 molecular testing and genetic sequencing, in line with WHO guidance, and encourage rapid sharing of sequences and meta-data to strengthen monitoring of virus evolution and to increase globalunderstanding of variants and their effects on vaccine, therapeutics and diagnostic efficacyStrengthen the SARS-CoV-2 risk monitoring framework for variants by accelerating collaboration and harmonizing research to answer critical unknowns about specific mutations and variants, through relevant networks and expert groups such as WHO SARS-CoV-2Virus Evolution Working Group and the WHO R&D Blueprint for Epidemics",WHO R&D Blueprint for Epidemics,What is the name of the WHO SARS-CoV-2Virus Evolution Working Group?,"[' WHO Web.', 'The WHO SARS-CoV-2 studies &&V-2Virus evolution', 'A Study onSars- CoV-2Virus evolution']"
1204,"COVID-19 VaccinesAccelerate research on critical unknowns about COVID-19 vaccination efficacy on transmission, duration of protection against severe disease and asymptomatic infection, duration of immunity (following infection or vaccination), long-term protectionafter using different vaccination intervals, protection after a single dose, and vaccination regimes, in line with the SAGE and the Research and Development Blueprint recommendationsPromote global solidarity and equitable vaccine access by encouraging States Parties and manufacturers to donate resources and provide support to the COVAX FacilityPromote technology transfer to low- and middle- income countries with the potential capacity to accelerate global production of COVID-19 vaccines",COVAX Facility,What is the name of the facility that encourages States Parties and manufacturers to donate resources and provide support to?,"[' COUV-19 vaccine', 'Vaccines', 'Vacines']"
1205,"Support State Parties, including fragile states, in preparing for COVID-19 vaccine introduction by developing a national deployment and vaccination plan, in line with WHO guidance, that addresses barriers to COVID-19 vaccine readiness Such planning should include prioritization of populations, regulatory authorization, supply and logistics preparation, indemnificationand liability, health workforce planning, and access for humanitarian and vulnerable population Health Measures in Relation to International TrafficLead development of risk-based international standards and guidance for reducing SARS-CoV-2 transmission related to international travel (by air, land, and sea) based on current science and good practices that include clear recommendations for testingapproaches and quarantine duration as appropriate",WHO,What organization is responsible for developing a national deployment and vaccination plan?,"[' State Parties', ' State parties', 'SARS - CoV -2 translation']"
1206," The guidance should additionally include advice on adapting those measure to specific risk settings, including movements of migrants, temporary workers, travellers and conveyance operatorsRapidly develop and disseminate the WHO policy position on the legal, ethical, scientific, and technological considerations related to requirements for proof of COVID-19 vaccination for international travelers, in accordance with relevant IHR provisionsCoordinate with relevant stakeholders the development of standards for digital documentation of COVID-19 travel-related risk reduction measures ,that can be implemented on interoperable digital platforms",interoperable digital platforms,Where can COVID-19 travel-related risk reduction measures be implemented?,"['an exchangeable digital platforms', ' CODA-19 travel- related measures', ' COided with myfriend- related technologies']"
1207," This should include vaccination status inpreparation for widespread vaccine accessEncourage States Parties to implement coordinated, time-limited, risk-based, and evidence-based approaches for health measures in relation to international travelEvidence-Based Response StrategiesContinue to rapidly provide and regularly update evidence-based advice; guidance; tools; and resources, including regular dissemination of resources to combat misinformation for COVID-19, to enhance evidence-based COVID-19 preparedness and responsestrategies and implementation of such strategies",vaccination status inpreparation for widespread vaccine access,What should be included in COVID-19?,"['accurate vaccine access', ' evidence- based responses Strategies', 'accurate information - based communication']"
1208,"SurveillanceContinue to actively support countries to further strengthen their SARS-CoV-2 surveillance systems, including strategic use of genetic sequencing, by leveraging existing systems such as the Global Influenza Surveillance and Response System (GISRS)and relevant networks for systematic sharing of data and specimensStrengthening Health SystemsProvide strategic insight on how State Parties can sustain the public health infrastructure, capacities, and functions developed for COVID-19 response to support strengthened health systems and universal health coverage in the long-termAdditional Temporary Recommendations to State Parties  SARS-CoV-2 VariantsIncrease molecular testing and genetic sequencing and share sequences and meta-data with WHO and through publicly accessible databases to enhance global understanding of the virus evolution and inform response efforts",WHO,Who share sequences and meta-data with?,"['China', 'SARS', 'What State Parties do']"
1209,"Support coordinated global research efforts to better understand critical unknowns about SARS-CoV-2 specific mutations and variantsCOVID-19 VaccinesEngage in technology transfer to accelerate global production and deployment of COVID-19 vaccines and ancillary suppliesPrepare for COVID-19 vaccine introduction and post-introduction evaluation using the guidance, tools, and trainings for national/subnational focal points and health workers developed by the Access to COVID-19 Tools (ACT) Accelerator’s Country Readiness and Delivery workstream",Access to COVID-19 Tools (ACT) Accelerator’s Country Readiness and Delivery workstream,"Who developed the guidance, tools, and trainings for national/subnational focal points and health workers?","['who developed the guidance, tools and trainings for national/sub national focal points and health workers', 'Who developed COided-19 vaccine introduction and post-introductions', 'whose daughter is taking the first step in bringing about CODA-19']"
1210,"Incorporate, as necessary and appropriate, the private sector into the COVID-19 vaccine planning and introduction to supplement existing service provision and vaccination capacityEncourage and facilitate vaccine acceptance and uptake by providing credible information on vaccine safety and the benefits of vaccination to address concernsHealth Measures in Relation to International TrafficAt the present time, do not introduce requirements of proof of vaccination or immunity for international travel as a condition of entry as there are still critical unknowns regarding the efficacy of vaccination in reducing transmission and limitedavailability of vaccines",the private sector,Who is involved in the COVID-19 vaccine planning and introduction to supplement existing service provision and vaccination capacity?,"['the public health care authority', 'the vaccine planning and vaccination capacity', 'the government']"
1211," Proof of vaccination should not exempt international travellers from complying with other travel risk reduction measuresImplement coordinated, time-limited, risk-based, and evidence-based approaches for health measures in relation to international traffic in line with WHO guidance and IHR provisions Careful consideration should be given to when and if travel bansshould or should not be used as tools to reduce spread",travel bans,What should be considered as tools to reduce spread?,"['travel travel rules and regulations', 'travel risk', 'all travel risk measures']"
1212," Such decisions should be based on the best available evidenceShare information with WHO on the effects of health measures in minimizing transmission of SARS-CoV-2 during international travel to inform WHO’s development of evidence-based guidanceEvidence-Based Response StrategiesRefine evidence-based strategies according to WHO guidance to control the spread of SARS-CoV-2 using appropriate public health and social measures, including strategies that address pandemic fatigue",pandemic fatigue,What are strategies that address?,"[' evidence- based guidance', 'Evidence- based strategies', ' SARS- CoV-2 and its effects']"
1213,"SurveillanceIncrease investment in surveillance and sequencing capacities to detect and report early emergence of variants and assess abrupt changes in transmission or disease severity to increase understanding of the evolution of the pandemicUtilize the WHO SARS-CoV-2 global laboratory network, leverage GISRS and other laboratory networks for timely reporting and sharing of samples; support other State Parties, where needed, in timely sequencing of SARS-CoV-2 virus specimensStrengthening Health SystemsContinue to strengthen public health infrastructure, system capacities, and functions for COVID-19 response and to enhance universal health coverage",WHO SARS-CoV-2 global laboratory network,What is the name of the global laboratory network that leverages GISRS and other laboratory networks for timely reporting and sharing of samples?,"['A global laboratory network', 'GISARS and other laboratory networks', 'survecake -- the most important disease']"
1214,"Public settings, such as schools, childcare centres, nursing homes, hospitals and correctional facilities and all other canteens of public institutions, can play a key role in ensuring people are provided with healthy food and helping prevent the 8 millionannual deaths currently caused by unhealthy dietsA new WHO Action framework for developing and implementing public food procurement and service policies for a healthy diet aims to increase the availability of healthy food through setting nutrition criteria for food served and sold in public settings The action framework also aims to reduce preventable diseases and deaths from high consumption of sodium and salt, sugarsand fats, particularly trans fats, and inadequate consumption of whole grains, legumes, vegetables and fruit",8 million,How many annual deaths are caused by unhealthy diets?,"['8.5 million.', '9 million', '7 million']"
1215,"“Public places that serve the entire community, including our most vulnerable populations, must be places where healthy diets are promoted not discouraged,” said Dr Tedros Adhanom Ghebreyesus, WHO Director-General “Now is the time forgovernments to lead by example through ensuring that the food served or sold in public settings contributes to healthy diets and saves lives No public funds should be spent on food contributing to unhealthy diets",public funds,What should be spent on food contributing to unhealthy diets?,"['healthier diets', 'Public places offering healthy diets', ' public places']"
1216,"” Consuming a healthy diet from pre-birth to the last days of life is vital to prevent all forms of malnutrition as well as diabetes, cancers and other noncommunicable diseases (NCDs) The new action framework serves as a tool for governments to develop,implement, monitor and evaluate public food procurement and service policies that align with the core principles of healthy diets as outlined in existing WHO recommendations:limit sodium consumption and ensure that salt is iodized; limit the intake of free sugars; shift fat consumption from saturated fats to unsaturated fats; eliminate industrially-produced trans fats; increase consumption of whole grains, vegetables, fruit, nuts and pulses; and ensure the availability of free, safe drinking water Healthy public food procurement and service policies set nutrition criteria for food served and sold in public settings",pre-birth to the last days of life,"When is a healthy diet essential to prevent all forms of malnutrition, diabetes, cancers and other noncommunicable diseases?","['when is a healthy diet essential to prevent all forms of nutrition problems', 'before the first days of life', 'from the early days of life to the last days of life']"
1217," These policies increase the availability of foods that promote healthy diets and/or limit or prohibit the availability of foods thatcontribute to unhealthy diets Policies can cover the entire process of purchase, provision, distribution, preparation, service, and sale of food to ensure each step meets healthy criteriaA number of countries worldwide have already taken steps to promote healthy diets in public facilities",public facilities,Where have countries already taken steps to promote healthy diets?,"['Restaurants have already taken steps to promote healthy diets', 'Restaurant facilities', 'food supply']"
1218," In Brazil, the National School Feeding Programme requires 30% of the budget to be used to purchase food from family farms, and requires menus to bebased on fresh or minimally processed foods based on the region's sustainability, seasonality and agricultural diversification To improve the health of children, the Republic of Korea established Green Food Zones that regulate the food availablewithin a 200 metre radious of schools In these zones businesses may not sell food that that falls above a set threshold for calories per serving, total sugars and saturated fats",30%,How much of the budget is required to be used to purchase food from family farms?,[]
1219," WHOis the UN anchor agency for Action Track 2 aiming to shift to sustainable consumption patterns and facilitate a transition of diets towards more nutritious foods that require fewer resources to produce and transport The world’s governments have already made multiple commitments to end all forms of malnutrition, including obesity and diet-related NCDs such as hypertension, cardiovascular diseases, diabetes and cancer This Action Framework helps reach targetsthat fall under the Sustainable Development Goals of ending malnutrition (SDG 2), promoting health and wellbeing (SDG 3) and promoting sustainable public procurement practices (SDG 12) by 2030",2030,By what year is the Sustainable Development Goals of ending malnutrition?,"['1630', '506', 'DG 12']"
1220,"###About the World Health OrganizationThe World Health Organization provides global leadership in public health within the United Nations system Founded in 1948,WHOworks with194 Member States, across six regions and from 149 offices, to promote health, keep the world safeand serve the vulnerable Our goal for 2019-2023 is to ensure that a billion more people have universal health coverage, to protect a billion more people from health emergencies, and provide a further billion people with better health and wellbeing",a billion,How many people have universal health coverage for 2019-2023?,"['two billion', 'a billion more. health care development., s5u', 'a health insurance card']"
1221,"For updates on COVID-19 and public health advice to protect yourself from coronavirus, visit wwwint and followWHO on Twitter, Facebook, Instagram, LinkedIn, TikTok, Pinterest, Snapchat, YouTube, Twitch About Resolve to Save Lives Resolve to Save Lives is an initiative of the global health organization Vital Strategies focused on preventing 100 million deaths from heart disease and making the world safer from epidemics Tom Frieden, former director of the US Centersfor Disease Control and Prevention",Tom Frieden,Who is the former director of the US Centersfor Disease Control and Prevention?,"['Vital Strategies', 'Vital strategies', 'Vitalstone focused on preventing 100 million deaths from heart disease']"
1222, To find out more visit: https://wwworg or Twitter @ResolveTSL About Vital Strategies Vital Strategies is a global health organization that believes every person should be protected by a strong public health system We work with governments and civil society in 73 countries to design and implement evidence-based strategies that tackletheir most pressing public health problems,73,How many countries do Vital Strategies work with?,"['71', '70', '75']"
1223," Our goal is to see governments adopt promisinginterventions at scale as rapidly as possibleThe four leading international health and humanitarian organizations announced today the establishment of a global Ebola vaccine stockpile to ensure outbreak response The effort to establish the stockpile was led by the International Coordinating Group (ICG) on Vaccine Provision, which includes the World Health Organization (WHO), UNICEF, the International Federation of Red Cross and Red Crescent Societies (IFRC), and Médecins Sans Frontières (MSF), with financial support from Gavi, the Vaccine Alliance","Gavi, the Vaccine Alliance",Who supported the Ebola vaccine stockpile?,"['the vaccine production company', 'the International Coordinally Group on vaccine stands', 'The World Health Organization']"
1224," The stockpile will allow countries, with the support of humanitarian organizations, to contain future Ebola epidemics by ensuring timely access  to vaccines for populations at risk during outbreaksThe injectable single-dose Ebola vaccine (rVSV∆G-ZEBOV-GP, live) is manufactured by Merck, Sharp & Dohme (MSD) Corp and developed with financial support from the from the government of the United States of America (USA)","Merck, Sharp & Dohme",Who manufactures the injectable single-dose Ebola vaccine?,"['The United States of America', 'The vaccine maker', 'who developed the vaccine with the help of the United States of America']"
1225," The European Medicines Agency licensed the Ebola vaccine in November 2019, and the vaccine is now prequalified by WHO, and licensed by the US Food and Drug Administration as well as in eight African countriesBefore achieving licensure, the vaccine was administered to more than 350,000 people in Guinea and in the 2018-2020 Ebola outbreaks in the Democratic Republic of the Congo under a protocol for “compassionate use” The vaccine, which is recommended by the Strategic Advisory Group of Experts (SAGE) on Immunization for use in Ebola outbreaks as part of a broader set of Ebola outbreak response tools, protects against the Zaire ebolavirus species which is most commonly known to cause outbreaks",Zaire ebolavirus,What species is most commonly known to cause outbreaks?,"['Eb Ebola virus', 'The Ebola vaccine', 'Thebola vaccine']"
1226," “The COVID-19 pandemic is reminding us of the incredible power of vaccines to save lives from deadly viruses,” said Dr Tedros Adhanom Ghebreyesus, WHO Director-General “Ebola vaccines have made one of the most feared diseases on earth preventable This new stockpile is an excellent example of solidarity, science and cooperation between international organizations and the private sector to save lives",COVID-19 pandemic,What pandemic reminds us of the incredible power of vaccines to save lives from deadly viruses?,"['Ebola vaccines', 'The COquitoes', 'Vocuses on save lives']"
1227,"”UNICEF manages the stockpile on behalf of the ICG which, as with stockpiles of cholera, meningitis and yellow fever vaccines, will be the decision-making body for its allocation and release The stockpile is stored in Switzerland and ready to be shipped to countries for emergency response The decision to allocate the vaccine will be made within 48 hours of receiving a request from a country; vaccines will be made available together with ultra-cold chain packaging by the manufacturer for shipment to countries within 48 hours of the decision",48 hours,How long after receiving a request from a country will the decision to allocate the vaccine be made?,"['50 days', '20 hours', 'A short time']"
1228," The targeted overall delivery time from the stockpile to countries is seven days“We are proud to be part of this unprecedented effort to help bring potential Ebola outbreaks quickly under control,” said Henrietta Fore, UNICEF Executive Director “We know that when it comes to disease outbreaks, preparedness is key",preparedness,What is key when it comes to disease outbreaks?,"['babies', 'preventing disease outbreaks', 'brought by disease']"
1229," This Ebola vaccine stockpile is a remarkable achievement - one that will allow us to deliver vaccines to those who need them the most as quickly as possible” As Ebola outbreaks are relatively rare and unpredictable, there is no natural market for the vaccine Vaccines are only secured through the establishment of the stockpile and are available in limited quantities",limited quantities,What kind of quantities are the Ebola vaccines available in?,"['the lowest quality vaccine', 'as quickly as possible', 'confused with the vaccine']"
1230," The Ebola vaccine is reserved for outbreak response to protect people at the highest risk of contracting Ebola – including healthcare and frontline workers“This is an important milestone Over the past decade alone we have seen Ebola devastate communities in West and Central Africa, always hitting the poorest and most vulnerable the hardest,” said IFRC Secretary General, Jagan Chapagain",Ebola,What vaccine protects people at the highest risk of contracting Ebola?,"['The Ebola vaccine', 'Thebola vaccine', 'Ebales and healthcare']"
1231," “Through each outbreak, our volunteers have risked their lives to save lives With this stockpile, it is my hope that the impact of this terrible disease will be dramatically reduced”“The creation of an Ebola vaccine stockpile under the ICG is a positive step”, said Dr Natalie Roberts, Programme Manager, MSF Foundation",Dr Natalie Roberts,Who said the creation of an Ebola vaccine stockpile is a positive step?,"['Who is to blame for the Ebola vaccine shortage', 'Drena Anderson', 'Drena Roberts, MSF Foundation']"
1232," “Vaccination is one of the most effective measures to respond to outbreaks of vaccine preventable diseases, and Ebola is no exception An Ebola vaccine stockpile can increase transparency in the management of existing global stocks and the timely deployment of the vaccine where it’s most needed, something MSF has called for during recent outbreaks in the Democratic Republic of Congo”An initial 6890 doses are now available for outbreak response with further quantities to be delivered into the stockpile this month and throughout 2021 and beyond",6890,How many doses are now available for outbreak response?,"['Vaccination', 'The amount of vaccine available', 'Vb vaccinecould be stockable']"
1233," Depending on the rate of vaccine deployment, it could take 2 to 3 years to reach the SAGE-recommended level of 500,000 doses for the emergency stockpile of Ebola vaccines WHO, UNICEF, Gavi and vaccine manufacturers are continuously assessing options to increase vaccine supply should global demand increase-----------------------------Photo gallery:https://whohqphotos","500,000",How many doses of Ebola vaccines could take 2 to 3 years to reach the SAGE-recommended level?,"[' vaccine consumption', 'between 2 to 3 years', '50,000 - 500,000']"
1234,"com/galleries/675/ebola-vaccine-stockpileNote - for media to access and download images from this gallery:1 Fill out theWHO Permissions Request Formmentioning the internal ID number of the image(s), comma separated2 If the request is an urgent media request, send an email to photos@who",com/galleries/675/ebola-vaccine-stockpileNote,What is the name of the gallery that allows media to access and download images from this gallery?,"['Who is the owner of the gallery that allows media to access and download images?', 'Who is the owner of the gallery', 'Something about the gallery']"
1235,"int with the ID number of the request Your request will be prioritized within the dayAbout the International Coordinating Group (ICG) on Vaccine ProvisionThe ICG was established in 1997, following major outbreaks of meningitis in Africa, as a mechanism to manage and coordinate the provision of emergency vaccine supplies and antibiotics to countries during major outbreaks",1997,When was the ICG established?,"['after major disease periods in Africa', 'who was in charge of the operation', 'by the time of the outbreak of Africa']"
1236," The ICG works to improve cooperation and coordination of epidemic preparedness and responseAbout UNICEF UNICEF works in some of the world’s toughest places, to reach the world’s most disadvantaged children Across 190 countries and territories, we work for every child, everywhere, to build a better world for everyone",190,How many countries and territories does UNICEF work to reach the world's most disadvantaged children?,"['20', 'Countries', '50 - plus']"
1237," For more information about UNICEF and its work for children, visit www For more information about COVID-19, visit www Find out more about UNICEF’s work on the COVID-19 vaccines here, or about UNICEF’s work on immunization here",UNICEF’s work on immunization,What is the name of UNICEF's work on vaccines?,"[""UNYF's work on children"", 'UNiceF', ""UNI 't \n work on children as charge is called wsw3. \n F.o.""]"
1238," Follow UNICEF on Twitter and FacebookAbout WHOThe World Health Organization provides global leadership in public health within the United Nations system Founded in 1948, WHO works with194 Member States, across six regions and 150offices,to promote health, keep the world safe and serve the vulnerable","to promote health, keep the world safe and serve the vulnerable",What does the WHO work with?,"['to help poor countries and build up their health system', 'to help the poor, the poor and developed in economy. \n', 'to keep the all the people around the world safe']"
1239," Our goal for 2019-2023 is to ensure that a billion more people have universal health coverage, to protect a billion more people from health emergencies, and provide a further billion people with better health and wellbeingFor updates on COVID-19 and public health advice to protect yourself from coronavirus, visitwwwint and follow WHO onTwitter,Facebook,Instagram,LinkedIn,TikTok,Pinterest,Snapchat,YouTube,Twitch",health emergencies,What is the goal of the WHO in 2019-2023?,"['a billion more people have health insurance', 'the health care', 'a billion more people have health insurance seeds lower anxiety rates---2023.']"
1240,"COVAX now has agreements in place to access nearly two billion doses of several promising vaccine candidates, and laid the groundwork for further doses to be secured through contributions from donorsThese agreements mean that all COVAX’s 190 participating and eligible economies will be able to access doses to protect vulnerable groups in the first half of 20213 billion donor-funded doses will be made available to 92 economies eligible for the Gavi COVAX AMC, targeting up to 20% population coverage by the end of the yearFunding raised in 2020 and early pledges toward 2021 targets, alongside these agreements, offer clearest pathway yet to ending the acute phase of the pandemic globally by the end of 2021Geneva/Oslo, 18 December 2020 – COVAX, the global initiative to ensure rapid and equitable access to COVID-19 vaccines for all countries, regardless of income level, today announced that it had arrangements in place to access nearlytwo billion doses of COVID-19 vaccine candidates, on behalf of 190 participating economies",nearly two billion,How many doses of vaccine candidates did COVAX access?,"['Twelve billion', 'twelve billion', 'about one billion dollars']"
1241," For the vast majority of these deals, COVAX has guaranteed access to a portion of the first wave of production, followed by volume scales as further supplybecomes available The arrangements announced today will enable all participating economies to have access to doses in the first half of 2021, with first deliveries anticipated to begin in the first quarter of 2021 – contingent upon regulatoryapprovals and countries’ readiness for deliveryGiven these are arrangements for 2 billion doses of vaccine candidates which are still under development, COVAX will continue developing its portfolio: this will be critical to achieve its goal of securing access to 2 billion doses of safe and effective,approved vaccines that are suitable for all participants’ contexts, and available by the end of 2021",2 billion,How many doses of vaccine candidates are still under development?,"['3 billion', '5 billion', '1.5 billion.']"
1242," However, today’s announcements offer the clearest pathway yet to end the acute phase of the pandemic by protecting the most vulnerablepopulations around the world This includes delivering at least 13 billion donor-funded doses of approved vaccines in 2021 to the 92 low- and middle-income economies eligible for the COVAX AMC",92,How many low- and middle-income economies are eligible for the COVAX AMC?,"['93 billion donor- funded dose of approved vaccines', 'Low - and middle - income economies', 'The number of low - and middle - income economies is affected by it']"
1243,"The new deals announced today include the signing of an advance purchase agreement with AstraZeneca for 170 million doses of the AstraZeneca/Oxford candidate, and a memorandum of understanding (MoU) with Johnson & Johnson for 500 million doses ofthe Janssen candidate, which is currently being investigated as a single dose vaccine These deals are in addition to existing agreements COVAX has with the Serum Institute of India (SII) for 200 million doses – with options for up to 900 milliondoses more – of either the AstraZeneca/Oxford or Novavax candidates, as well as a statement of intent for 200 million doses of the Sanofi/GSK vaccine candidateIn addition to this, COVAX also has – through R&D partnership agreements – first right of refusal in 2021 to access potentially more than one billion doses (based on current estimates from the manufacturing processes under development)that will be produced, subject to technical success and regulatory approval, by candidates in the COVAX R&D Portfolio",170 million,How many doses of the AstraZeneca/Oxford candidate are there?,[]
1244,"“This commitment is evidence that the world learned an important lesson from the 2009 H1N1 pandemic Our research and development efforts have begun to pay off We now have safe and effective vaccines that can protect against COVID-19 and a clearpathway to securing 2 billion doses for the populations at greatest risk all around the world,” said Dr Richard Hatchett, CEO of the Coalition for Epidemic Preparedness Innovations (CEPI)",Dr Richard Hatchett,Who is the CEO of the Coalition for Epidemic Preparedness Innovations (CEPI)?,"['Mr Richard H1N1 pandemic', 'President of the CambodiaforEpidemic Preparedness vegetations', 'The CEO of the PHD8 Program']"
1245," “Securing the right of first refusal ofsuccessful vaccine production as part of R&D arrangements has helped guarantee equitable access to vaccines, a founding principle of CEPI The challenge of delivering the vaccines that have demonstrated success, of completing the developmentof other promising vaccine candidates to further increase supply, and of ending the acute phase of the pandemic, lies ahead of us”Alongside boosting its pathway to two billion doses of approved vaccines through direct agreements with manufacturers, the COVAX Facility has also opened another potential source of vaccines",COVAX Facility,What has opened another potential source of vaccines?,"['CEPI', ' vaccine candidates', 'CepI vaccine Company']"
1246," Published today, the Principles for Dose-Sharing provide a framework for higher-income economies to make additional volumes secured via bilateral deals available through the Facility primarily to AMC participants, on an equitable basis These principles outline that such doses must be safe and effective,available as early as possible and should be available in substantive volumes as early as possible in 2021 to enable rapid and flexible deployment by the Facility – supporting the overall goal of equitable accessFirst deliveries in Q1 2021Today’s announcements on deals and dose-sharing mean COVAX can plan for the first deliveries of vaccines in the first quarter of 2021, with the first tranche of doses – enough to protect health and social care workers – delivered inthe first half of 2021 to all participating economies who have requested doses in this timeframe",the Principles for Dose-Sharing,What provide a framework for higher-income economies to make additional volumes secured via bilateral deals available through the Facility primarily to AMC participants?,"['the principles for higher-income economies', 'The principles for delivery ofdeals', 'at present : The principles for Dose-Sharing']"
1247," This would be followed by further delivery of doses to all participants in the second half of the year – targeting supply of doses equalling upto 20% of participants’ populations (or a lower amount if requested by the participant) by the end of the year Additional doses to reach higher coverage levels will then be available in 2022 All deliveries are contingent upon several factors,such as regulatory approvals and country readiness",country readiness,What are some factors that determine delivery of doses to reach higher coverage levels?,"['delivering numbers', 'deliver service levels', 'diveries']"
1248,"“The arrival of vaccines is giving all of us a glimpse of the light at the end of the tunnel,” said Dr Tedros Adhanom Ghebreyesus, Director-General of the World Health Organisation (WHO) “But we will only truly end the pandemic if weend it everywhere at the same time, which means it’s essential to vaccinate some people in all countries, rather than all people in some countries And we must remember that vaccines will complement, but not replace, the many other tools wehave in our toolbox to stop transmission and save lives",the light at the end of the tunnel,What does the arrival of vaccines give all of us a glimpse of?,"['the vaccine', 'the medicine to stop transmission', 'the information about vaccine']"
1249," We must continue to use all of them""The COVAX Facility currently has 190 participating economies This includes 98 higher-income economies and 92 low- and middle-income economies eligible to have theirparticipation in the Facility supported via the financing mechanism known as the Gavi COVAX AMC",92,How many low- and middle-income economies are eligible to participate in the COVAX Facility?,"['High - income economies', 'anted - and - low - income businesses', '93 -']"
1250," Of the 92 economies eligible to be supported by the COVAX AMC, 86 have now submitted detailedvaccine requests, offering the clearest picture yet on actual global demand for COVID-19 vaccinesIn addition to gathering detailed information on participating economies’ vaccine requests, COVAX, through Gavi, UNICEF, WHO, the World Bank, and other partners has been working closely with all countries in the Facility, particularly AMC-eligibleparticipants, to help plan and prepare for the widespread roll out of vaccines Conditions that determine country readiness include regulatory preparedness as well as the availability of infrastructure, appropriate legal frameworks, training, andcapacity, among other factors",92,How many economies are eligible to be supported by the COVAX AMC?,"['82.5 % of participating economies', '93', '66 - 64']"
1251,"“Securing access to doses of a new vaccine for both higher-income and lower-income countries, at roughly the same time and during a pandemic, is a feat the world has never achieved before – let alone at such unprecedented speed and scale,”said Dr Seth Berkley, CEO of Gavi, the Vaccine Alliance, which leads on procurement and delivery for COVAX “COVAX has now built a platform that offers the world the prospect, for the first time, of being able to defeat the pandemic on a globalbasis, but the work is not done: it’s critical that both governments and industry continue to support our efforts to achieve this goal”Early pledges towards 2021 fundraising targetsTo achieve this ambitious goal, COVAX currently estimates it needs to raise an additional US$ 6",US$ 6,How much does COVAX estimate it needs to raise to achieve this ambitious goal?,"['US$ 7.', 'college$ 4', 'US$ 5 or more']"
1252,"8 billion in 2021 – US$ 800 million for research and development, at least US$ 46 billion for the COVAX AMC and US$ 14 billion for delivery support",8 billion,How much money was spent on research and development in 2021?,"['7 billion', '$ 80 billion', '50 billion']"
1253,"Support for the COVAX AMC will be critical to ensuring ability to pay is not a barrier to access Thanks to the generous support of sovereign, private sector, and philanthropic donors, the AMC has met its urgent 2020 fundraising target of US$ 2 billion,but at least US$ 46 billion more is needed in 2021 to procure doses of successful candidates as they come through the portfolio",US$ 46 billion,How much more is needed in 2021 to procure doses of successful candidates as they come through the portfolio?,[]
1254,"The last two weeks have seen a number of pledges made to Gavi for the COVAX AMC, bringing the overall amount raised to US$ 24 billion:Norway has signed a new commitment of NOK 1 billion to the International Finance Facility for Immunisation (IFFIm), to be paid from 2021 to 2030 This funding will support the Gavi COVAX AMC and comes on top of earlier commitmentsof NOK 164",NOK 164,What was the previous commitment to the COVAX AMC?,"['NoK 4 billion', 'NoOK 66', 'NoK 98.']"
1255,1 million in direct funding and $625 million in funding transferred from the PCV AMC to support the Gavi COVAX AMCCanada pledged CAD 75 million in funding to support the delivery of COVID-19 vaccines in lower income economies as part of the Gavi COVAX AMC,CAD 75 million,How much did the Gavi COVAX AMCCanada pledge to support the delivery of COVID-19 vaccines in lower income economies?,"['1 million', 'CAD 100 million', '50 million']"
1256," This includes a CAD 5 million investment in the development of a mechanism to equitablyreallocate vaccine doses through the COVAX Facility, either by donation or exchangeKuwait has confirmed a pledge of US$ 10 million to the Gavi COVAX AMCDenmark has announced, subject to parliamentary approval, a commitment of DKK 50 million to Gavi COVAX AMC",US$ 10 million,How much has the Gavi COVAX AMCDenmark pledged?,"['Dade 5 million', 'A total of DUV 50 million', 'US$ 5,000']"
1257,"New Zealand has pledged NZ$ 10 million to the Gavi COVAX AMC, in addition to NZ$ 7 million pledged earlier this year for the AMCNetherlands has signed and paid a commitment of EUR 5 million to the Gavi COVAX AMCSingapore has pledged US$ 5 million to the Gavi COVAX AMCThe King Salman Humanitarian Aid and Relief Center (KSrelief) / Gamers Without Borders have confirmed a pledge of US$ 13 million to the Gavi COVAX AMCEstonia has signed a commitment of EUR 70,000 to the Gavi COVAX AMCIn addition to these pledges, Team Europe confirmed financial support of EUR 500 million, through EUR400 million European Investment Bank loan and EUR100 million grant to Gavi, in support of equitable access through COVAX",NZ$ 10 million,What has New Zealand pledged to the Gavi COVAX AMC?,"['Us$ 9 million', 'Us$ 20 billion', 'AMelaN17 million']"
1258,"The goal of COVAX is to deliver two billion doses of safe, effective vaccines that have passed regulatory approval and/or WHO prequalification by the end of 2021 These vaccines will be offered equally to all participating countries, proportionalto their populations, initially prioritising healthcare workers then expanding to cover vulnerable groups, such as the elderly and those with pre-existing conditions Further doses will then be made available based on country need, vulnerabilityand COVID-19 threat",two billion,"How many doses of safe, effective vaccines will COVAX deliver by 2021?","['Two billion', 'two billion chances of delivering', 'two hundred and forty']"
1259," The COVAX Facility will also maintain a buffer of doses for emergency and humanitarian useQuotes from partnersKarina Gould, Minister of International Development, Government of Canada said: “We know that as long as one country is at risk, we are all at risk The COVAX Facility is the key to ending this pandemic and will only workif we all come together",the key to ending this pandemic,What is the COVAX Facility?,"['the only key of ending this problem is to have a stand in the whole world', 'the way to reducing the number of the panditudes', 'the way to using this kind of facilities']"
1260," Now is the time to make our commitment to equitable access a reality, so that everyone, everywhere has access to a life-saving vaccine”Dr Kwaku Agyeman Manu, Minister of Health for Ghana said: The nearly 2 billion COVID-19 vaccine doses announced today by COVAX is a welcome first step, but our journey is not yet over As we’velearned with routine immunisation vaccines don’t save lives, vaccination does",vaccination,What does the COVID-19 vaccine do?,"['Vaccine', 'Vaccination and health', 'Vaccio vaccine']"
1261," This means we need the health infrastructure in place - from supply chain and logistics to well- trained health workers - to ensure the effective and streamlineddistribution of vaccines For this we call on governments, manufacturers and the private sector to make urgent and necessary investments in COVAX so that no one is left behind; because ultimately no one is safe until everyone is safeDag-Inge Ulstein, Norway’s Minister of International Development and Co-chair of the ACT-A Facilitation Council, said: “The good news is that many countries, foundations and some private companies have already providedsupport to this important collective effort",COVAX,"What do governments, manufacturers and the private sector need to invest in to ensure no one is left behind?","['Health care', 'Healthcare', 'Private companies']"
1262," The bad news is that more is needed We need to look beyond the health sector and the international development sector if we are to find the political and financial resources required to combatthe pandemic and its many different impacts”Wendy Morton, Minister for Global Health at the Foreign, Commonwealth and Development Office of the UK, which also hosted the Global Vaccine Summit in June, said: “The UK has played the leading role in championing globalaccess to coronavirus vaccines, including by being the largest donor to the COVAX Advance Market Commitment",COVAX Advance Market Commitment,What is the largest donor of coronavirus vaccines?,"['Global vaccine Summit', 'Vaccine Summit', 'Virus vaccine']"
1263," No one is safe until we are all safe Along with our international partners, the UK is working hard to ensure vaccines get to everyonewho needs them”Dr John Nkengasong, Director of the Africa Centres for Disease Control and Prevention (Africa CDC) said: “Since the beginning of the COVID-19 pandemic, Africa CDC has established several trusted partnerships across the globe",Africa CDC,What is the name of the Africa Centres for Disease Control and Prevention?,"['Africa AIDS pandemic', 'Africa Disease Control', 'Arica Health']"
1264,"The COVAX partnership is one of such very critical alliances that will allow Africa to secure early access to COVID-19 vaccine needed to start vaccinating our populations across the continent”Henrietta Fore, Executive Director of UNICEF said: “This is an unprecedented undertaking — addressing a global pandemic while ensuring we do not leave the world’s poorest behind UNICEF is bringing the full weightof our experience as the world’s largest single procurer of vaccines to help secure and deliver COVID-19 vaccines, and help countries prepare to receive and administer them",help countries prepare to receive and administer them,What does UNICEF want countries to do to help secure and deliver COVID-19 vaccines?,"['protect people from being hurt', 'encourage countries to get more chances to vaccine', 'help the countries get early access to CODAX vaccine']"
1265,"”Dr Ngozi-Okonjo Iweala, co-chair of the COVAX Coordination Meeting and Gavi Board Chair said: “Nine months ago, it was hard to imagine that we would have more than one promising vaccine candidate and be in a position tomake them available to both high-income countries and lower-income countries simultaneously The global community has rallied, and we now have a platform, COVAX, that will do this It’s time to stop questioning it and give it the supportit needs to bring the pandemic to an end as swiftly as possible",Dr Ngozi-Okonjo Iweala,Who was the co-chair of the COVAX Coordination Meeting?,"['Gavio Board chair and Iweala', 'Gav Board chair', 'Gavio board chair of the CO VirginiaX Coordination meeting']"
1266,"”Jane Halton, co-chair of the COVAX Coordination Meeting and Chair of CEPI said: “Science will give us the tools to fight this pandemic, but equitable access will allow us to beat it Todaymarks a significant moment towards our goal of fair and equitable access to COVID-19 vaccines for those most at risk around the world We now have a clear pathway to our goal of delivering 2 billion doses of vaccine in 2021 - enabled by COVAXR&D investments and deals with manufacturers - which can bring an end to the acute phase of the pandemic globally",2021,In what year did COVAXR&D invest in COVID-19?,"['506', '5020', '50 % of the vaccine will be used in 2020']"
1267," In addition, governments can now demonstrate their continued commitment to this goal by contributing doses to COVAX of vaccinessecured through bilateral deals Equitable access to vaccines is in all of our interests, and we’re now a significant step closer to making this a reality”Mesfin Teklu Tessema, civil society representative of the COVAX Coordination Meeting and Senior Director, Head of Health Unit, International Rescue Committee said: ""The COVAX Facility is our best hope to ending this pandemic asquickly as possible with equity as its grounding force",equity,What is the base force of the COVAX Facility?,"[' CO cancer', 'co quality', 'Cooperation with the government']"
1268," This announcement today is an important milestone and proof that doses are forthcoming to those most in need everywhere""Adar Poonawalla, CEO of the Serum Institute of India (SII) said: ""We are delighted to announce that we have signed for a 100mn doses of Novavax and another 100mn doses of AstraZeneca-Oxford vaccines with COVAX, with an optionof extending it by 900mn doses The advance purchase commitments under COVAX initiative is encouraging as it will further bolster our fight and ensure equitable access at the most affordable price from Serum Institute of India",Adar Poonawalla,Who is the CEO of the Serum Institute of India?,"['serum Institute of India', 'Serum Institute', 'SII']"
1269,", Vice Chairman of the Executive Committee and Chief Scientific Officer, Johnson & Johnson said: “Since we initiated development of our COVID-19 vaccine candidate, Johnson & Johnson has remainedcommitted to ensuring access to vaccines on a not-for-profit basis for emergency pandemic use Equitable global access, inclusive of lower income countries, is critical to helping end the COVID-19 pandemic Cueni, Director General, International Federation of Pharmaceutical Manufacturers (IFPMA) said: The reason why we can mark today as a milestone for COVAX securing 2 billion doses of promising vaccines is because thevaccine makers have pulled out all the stops and have delivered beyond all expectations",thevaccine makers have pulled out all the stops and have delivered beyond all expectations,Why can we mark today as a milestone for COVAX securing 2 billion doses of promising vaccines?,"['the vaccine makers have made great progress', 'the vaccineX has been making great measures', 'the vaccine is being made and we are getting more and more products']"
1270," So let’s indeed mark this important milestone in ensuring fair and equitable access to vaccines which we have committed to from the outsetof the pandemic But let us also remember, that we would not be where we are if science and the innovation ecosystem that allows the biopharmaceutical to develop and manufacture life saving treatments had not risen to the challenge, so thatthere are different types of vaccines that will be manufactured in historic quantities Looking to 2021, it is essential that all COVAX partners and governments focus on getting things done and secure the funds need",the biopharmaceutical,What could be used to develop and manufacture life saving treatments?,"['the production of life saving treatments', 'the production of life saving gifts like vaccine. ks5u', 'a life saving drug']"
1271,"Notes to editorsThe full list of deals that have so far been secured by COVAX on behalf of the Facility is as follows:170 million doses of the AstraZeneca/Oxford candidate, via an advance purchase agreement between Gavi and AstraZeneca, and enabled by a partnership agreement with CEPI to fund scale-out of manufacturing200 million doses (and options for up to 900 million more) of the AstraZeneca/Oxford or Novavax candidates, via an agreement between Gavi, the Serum Institute of India, and the Bill and Melinda Gates Foundation500 million doses of the Janssen candidate, via a memorandum of understanding with Johnson & Johnson200 million doses of the Sanofi/GSK vaccine candidate, via a statement of intent between Gavi, Sanofi and GSKFirst right of refusal for a potential combined total of over 1 billion doses in 2021 (based on current estimates from the manufacturing processes under development) of promising vaccine candidates, via R&D partnership agreements with CEPI - thatwill be produced, subject to technical success and regulatory approval, by candidates in the COVAX R&D PortfolioAs part of the COVAX R&D portfolio, CEPI has invested in 10 vaccine candidates 9 of these candidates are still in development, and 7 are in clinical trials",7,How many doses of the AstraZeneca/Oxford candidate have been secured by COVAX?,"['9', '16', ' coughs']"
1272,"AstraZeneca/ University of Oxford (Phase 3)Clover Biopharmaceuticals, China (Phase 1)CureVac, Germany (Phase 2B/3)Inovio, USA (Phase 2)Institut Pasteur/Merck/Themis, France/USA/Austria (Phase 1)Moderna, USA (Phase 3)Novavax, USA (Phase 3)SK bioscience, South Korea (Preclinical)University of Hong Kong, Hong Kong (Preclinical)University of Queensland/ CSL, Australia (Phase 1, programme discontinued)CEPI is also evaluating additional candidates for support, including ‘next generation’ vaccine candidates to provide additional options for the futureThe latest list of participants in the COVAX Facility (both self-financing and AMC-eligible) is available here, and the latest pledging table of donor contributionsto the COVAX AMC is available hereThe official list of WHO-certified Stringent Regulatory Authorities is available here",WHO-certified Stringent Regulatory Authorities,What is the official list of participants in the COVAX Facility available here?,"['The CO Virginiaexchangeators', 'The COUVace Programme', 'The complete list here is available here.']"
1273,"About COVAXCOVAX, the vaccines pillar of the Access to COVID-19 Tools (ACT) Accelerator, is co-led by CEPI, Gavi and WHO – working in partnership with developed and developing country vaccinemanufacturers, UNICEF, the World Bank, and others It is the only global initiative that is working with governments and manufacturers to ensure COVID-19 vaccines are available worldwide to both higher-income and lower-income countriesCEPI is leading on the COVAX vaccine research and development portfolio, investing in R&D across a variety of promising candidates, with the goal to support development of three safe and effective vaccineswhich can be made available to countries participating in the COVAX Facility",three,"How many safe and effective vaccines can CEPI, Gavi and WHO develop?","['two', 'four', 'two more than CELI-19']"
1274," As part of this work, CEPI has secured first right of refusal to potentially over one billion doses for the COVAX Facility to a number of candidates, and made strategicinvestments in vaccine manufacturing, which includes reserving capacity to manufacture doses of COVAX vaccines at a network of facilities, and securing glass vials to hold 2 billion doses of vaccine CEPI is also investing in the ‘nextgeneration’ of vaccine candidates, which will give the world additional options to control COVID-19in the futureGavi is leading on procurement and delivery for COVAX, coordinating the design and implementation of the COVAX Facility and the COVAX AMC and workingwith Alliance partners UNICEF and WHO, along with governments, on country readiness and delivery",CEPI,Who has secured the first right of refusal to potentially over one billion doses for the COVAX Facility to a number of candidates?,"['COPI', 'VioX will take the place of the COXphasine', 'CepI']"
1275," The COVAX Facility is the global pooled procurement mechanism for COVID-19 vaccines through which COVAX will ensure fair and equitable accessto vaccines for all 190 participating economies, using an allocation framework formulated by WHO The COVAX Facility will do this by pooling buying power from participating economies and providing volume guarantees across a range of promisingvaccine candidates The Gavi COVAX AMC is the financing mechanism that will support the participation of 92 low- and middle-income countries in the Facility, enabling access to donor-funded doses of safe and effective vaccines",donor-funded doses of safe and effective vaccines,What does the Gavi COVAX AMC enable access to?,"['donor - financed vaccine candidates.', 'allow the participation of low - and middle - income countries in the Zoo', 'advanced vaccine candidates']"
1276," UNICEF andthe Pan-American Health Organisation (PAHO) will be acting as procurement coordinators for the COVAX Facility, helping deliver vaccines to all participantsWHO has multiple roles within the COVAX: among other things it supports countries as they prepare to receive and administer vaccines and does so in partnership with UNICEF It provides normative guidance on vaccine policy, regulation, safety,R&D, allocation, and country readiness and delivery",UNICEF andthe Pan-American Health Organisation,Who will be acting as procurement coordinators for the COVAX Facility?,"['UNiceF andthe World Health Organization', ""the World's Health Organization"", ""the World's Organization and the Pan-American Health Organization. \n""]"
1277, Its Strategic Advisory Group of Experts (SAGE) on Immunization develops evidence-based immunization policy recommendations Its Emergency Use Listing (EUL)/prequalification programmesensure harmonized review and authorization across member states It provides global coordination and member state support on vaccine safety monitoring,Strategic Advisory Group of Experts,What is the name of the group that develops evidence-based immunization policy recommendations?,"['A note on Health Management', 'A positions itself on Merging', 'Achieving evidence- based Merization policy']"
1278," It developed the target product profiles for COVID-19 vaccines and provides R&D technicalcoordination Along with COVAX partners, it is developing a no-fault compensation scheme for indemnification and liability issues COVAX is part of the Act accelerator which WHO launched with partners in 2020",2020,What year was the Act accelerator launched?,"['CocoaX', 'aseiroX', 'C virtue -19']"
1279,"About Gavi, the Vaccine AllianceGavi, the Vaccine Alliance is a public-private partnership that helps vaccinate half the world’s children against some of the world’s deadliest diseases Since its inception in 2000, Gavi has helped to immunise a whole generation –over 822 million children – and prevented more than 14 million deaths, helping to halve child mortality in 73 developing countries Gavi also plays a key role in improving global health security by supporting health systems as well asfunding global stockpiles for Ebola, cholera, meningitis and yellow fever vaccines",Vaccine Alliance,What is Gavi?,"['Vaccine Association', 'Gavade', 'Gavine Institute']"
1280," After two decades of progress, Gavi is now focused on protecting the next generation and reaching the unvaccinated children still being left behind, employinginnovative finance and the latest technology – from drones to biometrics – to save millions more lives, prevent outbreaks before they can spread and help countries on the road to self-sufficiencyorgand connect with us onFacebookTwitter and InstagramThe Vaccine Alliance brings together developing country and donor governments, the World Health Organization, UNICEF, the World Bank, the vaccine industry, technical agencies, civil society, the Bill & Melinda Gates Foundation and other privatesector partners",Vaccine Alliance,"What organization brings together developing countries and donor governments, the World Health Organization, UNICEF, the World Bank, the vaccine industry, technical agencies, civil","['the World Bank', 'The World Health organization', 'UNiceF']"
1281," View the full list of donor governments and other leading organizations that fund Gavi’s workhereAbout CEPICEPI is an innovative partnership between public, private, philanthropic, and civilorganisations, launched at Davos in 2017, to develop vaccines to stop future epidemics CEPI has moved with great urgency and in coordination with WHO inresponse to the emergence of COVID-19",COVID-19,What has CEPI moved with great urgency and in coordination with WHO inresponse to the emergence of?,"[' WHO', 'CepI', 'Cepice Goals']"
1282," CEPI has initiatedtenpartnerships to develop vaccines against the novel coronavirus Theprogrammesare leveraging rapid response platforms already supported by CEPI as well as newpartnershipsBefore the emergence of COVID-19, CEPI’s priority diseases included Ebola virus, Lassa virus, Middle East Respiratory Syndrome coronavirus,Nipahvirus, Rift Valley Fever and Chikungunya virus",Theprogrammesare,What is the name of the novel coronavirus?,"['What is a novel virus', 'Virus', 'CepI']"
1283," CEPI also invested in platform technologiesthat can be used for rapid vaccine and immunoprophylactic development against unknown pathogens (Disease X)About WHOThe World Health Organization provides global leadership in public health within the United Nations system Founded in 1948, WHO works with194 Member States, across six regions and from more than 150 offices,to promote health, keepthe world safe and serve the vulnerable","WHO works with194 Member States, across six regions and from more than 150 offices",How does WHO work with 194 Member States?,"['A single country has access to many offices', 'WTO works with fifty member countries', ' WHO works with many countries, including the United Nations system']"
1284," Our goal for 2019-2023 is to ensure that a billion more people have universal health coverage, to protect a billion more people from health emergencies, and provide a further billion people with betterhealth and wellbeingFor updates on COVID-19 and public health advice to protect yourself from coronavirus, visitwwwintand follow WHO onTwitter, Facebook, Instagram, LinkedIn, TikTok, Pinterest, Snapchat, YouTube About ACT-AcceleratorThe Access to COVID-19 Tools ACT-Accelerator, is a new, ground-breaking global collaboration to accelerate the development, production, and equitable access to COVID-19 tests, treatments, and vaccines",a billion,How many people have universal health coverage for 2019-2023?,"['an access to CODA-19', 'an average', 'two people']"
1285," It was set up in response to a call fromG20 leaders in March and launched by the WHO, European Commission, France and The Bill & Melinda Gates Foundation in April 2020The ACT-Accelerator is not a decision-making body or a new organisation, but works to speed up collaborative efforts among existing organisations to end the pandemic It is a framework for collaboration that has been designed to bring key playersaround the table with the goal of ending the pandemic as quickly as possible through the accelerated development, equitable allocation, and scaled up delivery of tests, treatments and vaccines, thereby protecting health systems and restoringsocieties and economies in the near term",March,When was the ACT-Accelerator launched?,"['China', 'April 20 - end Day', 'April 2020. [ : Zxxk. Com ]']"
1286," It draws on the experience of leading global health organisations which are tackling the world’s toughest health challenges, and who, by working together, are able to unlock new and more ambitiousresults against COVID-19 Its members share a commitment to ensure all people have access to all the tools needed to defeat COVID-19 and to work with unprecedented levels of partnership to achieve itThe ACT-Accelerator has four areas of work: diagnostics, therapeutics, vaccines and the health system connector",four,How many areas of work does the ACT-Accelerator have?,"['four areas of work', 'Four areas of the work.', 'Four']"
1287," Cross-cutting all of these is the workstream on Access & AllocationFunding for community programmes, engaging youth in solutions to address COVID-19, and convening Global Youth Summit are key features of this new mobilizationA new ground-breaking global youth mobilization was launched today to invest in and scale up youth-led solutions and engagements in response to COVID-19 The initiative was launched by an alliance of the world’s largest youth movements and organizations, together with the World Health Organization (WHO) and the United Nations Foundation",the workstream on Access & AllocationFunding for community programmes,What is cross-cutting all of these?,"['the covening Global Youth Summit', 'a new ground-breaking global youth harvest', 'the development of youth-led programs']"
1288,"The “Global Youth Mobilization for Generation Disrupted” is being led by the Big 6 Youth Organizations (Young Men’s Christian Association, YMCA; World Young Women’s Christian Association, YWCA; World Organization of the Scout Movement; World Association of Girl Guides and Girl Scouts; International Federation of Red Cross and Red Crescent Societies, IFRC; and The Duke of Edinburgh’s International Award), which together actively involve more than 250 million young people, and aims to support young people to engage in and design efforts to turn around the impact of the pandemicThe Global Youth Mobilization will feature the convening of a Global Youth Summit in April 2021, and a fund of US $5 million to support local and national youth organizations, including grants for youth-led solutions and an accelerator programme to scale up existing response efforts The leadership of the WHO, Big 6 and youth organizations around the world are calling on governments, businesses and policy makers to back the Global Youth Mobilization effort and commit to investing in the future of young people",Global Youth Mobilization for Generation Disrupted,What is the name of the organization that is being led by the Big 6 Youth Organizations?,"['Global Youth Organization', 'Young Youth Motorization', 'The World Organization of the Scout Movement']"
1289,"”While the direct health impacts of the pandemic on young people have been generally less severe, they are disproportionately affected by the long-lasting consequences of the pandemic Such effects include disruptions to education, economic uncertainty, loss or lack of employment opportunities, impacts on physical and mental health, and trauma from domestic violence For example, mental anxiety brought on by COVID-19 has been identified in nearly 90 per cent of young people; more than 1 billion students in almost every country have been impacted by school closures; and 1 in 6 young people worldwide have lost their jobs during the pandemic",1 billion,How many students in almost every country have been affected by school closures?,"['4 billion', '1.4 billion', '1.4 billion \n E. F. F. F. F. loss of jobs is caused by the pandemice']"
1290,"At the same time, young people are also driving change and implementing solutions in response to COVID-19 by taking action through community-based interventions and voluntary service, such as acting as first responders and delivering food and supplies to those in need The Global Youth Mobilization will draw attention to the urgent need for solutions to support young people, and to highlight the critical leadership role young people are playing in their communities to counter the effects of the pandemic“We are proud to team up with the WHO to provide opportunities and funding to help millions of young people across the globe to respond to local challenges related to COVID-19 in their communities,” said the leadership of the Big 6 in a joint statement",the Big 6,Who was the leader of the Global Youth Mobilization?,"['Young people', 'young people', 'Young people. Ks5u']"
1291," “The mobilization will provide direct financial and programmatic support to youth organizations at the national and international level We believe that young people have the solutions to solve their own problems, and by providing a global youth platform, combined with national activation for youth projects, we can unleash the skills, enthusiasm and desire for young people to be a force for good in their communities”Supported by the COVID-19 Solidarity Response Fund for WHO and powered by the United Nations Foundation, the Global Youth Mobilization features a strategic partnership with the WHO and its newly launched Youth Council",the Global Youth Mobilization,What is a strategic partnership with the WHO and its newly launched Youth Council?,"['the WHO', 'the United Nations Foundation', 'the Youth Council']"
1292," It will involve other United Nations agencies, as well as a number of high-profile global partners, brands, and advocates, from FIFA to YOUNGA by BridgingTheGap Ventures, and the creation of a youth council of social media influencers, including the Influential platform The initiative, developed in consultation with young people from across the globe, will be youth-led, community-driven, evidence-based, and inclusive of diverse communities rooted in meaningful youth participation and engagement-----------------------------About the Big 6 Youth OrganizationsFormed in 1996, the Big 6 Youth Organizations are an alliance of leading international youth-serving organizations",the Big 6 Youth Organizations,What organization is the Big 6 Youth Organizations?,"['the Influential platform', 'The Influential platforms', 'the B youth Service Organization']"
1293," The ‘Big 6’ comprises the five largest youth movements in the world: Young Men’s Christian Association (YMCA), World Young Women’s Christian Association (YWCA), World Organization of the Scout Movement (WOSM), World Association of Girl Guides and Girl Scouts (WAGGGS), International Federation of Red Cross and Red Crescent Societies (IFRC) and a leading programme for youth development, The Duke of Edinburgh’s International Award (The Award) Together, the Big 6 actively involve in excess of 250 million young people, contributing to the empowerment of more than 1 billion young people during the last century For more information visit www",World Organization of the Scout Movement,What does WOSM stand for?,"[""Young Women's Christian Association"", 'International Federation of Red Cross and Red Crescent Society', ""YMCA's Association""]"
1294,"orgIn response to the unique challenges facing young people today, and to coincide with the launch of the Global Youth Mobilization, the Big 6 have also published a new policy paper: ‘Young People Championing Post-Pandemic Futures’ The paper is a joint call to action on behalf of 250 million children and young people that make up the Big 6 Youth Organizations and includes recommendations concerning education, employment, mental health and digital inclusion Read the full report and calls to action at bigsix",250 million,How many children and young people make up the Big 6 Youth Organizations?,"['The Big 6', 'How many children and young people make up the Big 6 Youth Organization?', 'The big 6 Youth Organization']"
1295,"About the World Health OrganizationThe World Health Organization provides global leadership in public health within the United Nations system Founded in 1948, WHO works with 194 Member States, across six regions and from more than 149 offices, to promote health, keep the world safe and serve the vulnerable Our goal for 2019-2023 is to ensure that a billion more people have universal health coverage, to protect a billion more people from health emergencies, and provide a further billion people with better health and wellbeing",a billion,How many people have universal health coverage for 2019-2023?,"['a billion more people in the world', 'two billion', 'two billion people with better health']"
1296," For updates on COVID-19 and public health advice to protect yourself from coronavirus, visit wwwint and follow WHO on Twitter, Facebook, Instagram, LinkedIn, TikTok, Pinterest, Snapchat, YouTube, and TwitchAbout the United Nations FoundationThe United Nations Foundation brings together ideas, people, and resources to help the United Nations drive global progress and tackle urgent problems",the United Nations Foundation,What organization is the WHO?,"['the WHO', ""the WHO's website"", 'the World Health Organization']"
1297," Our hallmark is to collaborate for lasting change and innovate to address humanity’s greatest challengesorgAbout the COVID-19 Solidarity Response FundTo support the World Health Organization (WHO) and partners in their global response to COVID-19, the United Nations Foundation helped launch the COVID-19 Solidarity Response Fund, which has raised more than $238 million for lifesaving work around the world to prevent, detect, and respond to COVID-19 Learn more about the COVID-19 Solidarity Response Fund for WHO, powered by the United Nations Foundation at www",the COVID-19 Solidarity Response Fund,What is the name of the COVID-19 Solidarity Response Fund?,"['a charity organization', 'the United Nations Foundation', 'the World Health Organization']"
1298,"Lack of water puts health care workers and patients at higher risk of COVID-19 infectionAround 18 billion people are at heightened risk of COVID-19 and other diseases because they use or work in health care facilities without basic water services, warn WHO and UNICEF“Working in a health care facility without water, sanitation and hygiene is akin to sending nurses and doctors to work without personal protective equipment” said Dr TedrosAdhanom Ghebreyesus, WHO Director-General",18 billion,How many people are at heightened risk of COVID-19?,"['9 billion people are at risk of CODA-19', '7.4 billion', '7.4 dollars risk of \n  diseases']"
1299," “Water supply, sanitation and hygiene in health care facilities are fundamental to stopping COVID-19 But there are still major gaps to overcome, particularly in least developed countries”The report,Fundamentals first: Universal water, sanitation, and hygiene services in health care facilities for safe, quality care, comes as COVID-19 is exposing key vulnerabilities withinhealth systems,including inadequate infection prevention and control",inadequate infection prevention and control,What is one of the key vulnerabilities in health systems that COVID-19 is exposing?,"['more water and air pollution', 'prevention and control of health care facilities', 'prevented disease and good health']"
