,context,answer,question,distractor
2000," This new virus and disease were unknown before the outbreak began in Wuhan, China, in December 2019 Essential information on the COVID-19 pandemic can be found in adedicated WHO siteAbout malariaMalaria is a preventable and treatable disease caused by parasites that are transmitted to people through the bites of infected femaleAnophelesmosquitoes",adedicated WHO site,Where can essential information on the COVID-19 pandemic be found?,"['radio report', 'Malaria', 'Malaria disease in China']"
2001," In 2018, there were an estimated 228 million cases of malaria worldwide and 405 000 malaria-related deaths For more on malaria, visit:wwwGeneva, 23 March 2020: FIFA, the international governing body of football, and the World Health Organization (WHO) have teamed up to combat the coronavirus (COVID-19) by launching a new awareness campaign led by world-renowned footballers, who are calling on all people around the world to follow five key steps to stop the spread of the disease",5,How many malaria-related deaths were there in 2018?,"['How many cases of malaria were there?', 'How many malaria- related deaths there were there in 2017', 'How many people died of malaria in 2018?0W less elephants to pay twice.5k']"
2002,"The “Pass the message to kick out coronavirus” campaign promotes five key steps for people to follow to protect their health in line with WHO guidance, focused on hand washing, coughing etiquette, not touching your face, physical distance and staying home if feeling unwell“FIFA and its President Gianni Infantino have been actively involved in passing the message against this pandemic since the very beginning,” said WHO Director-General Dr Tedros Adhanom Ghebreyesus at the virtual launch of the campaign at WHO headquarters in Geneva, Switzerland “Be it through campaigns or funding, FIFA has stood up to the coronavirus, and I am delighted that world football is supporting WHO to kick out the coronavirus",FIFA,Who has been actively involved in passing the message against this pandemic?,"['Famous football players', 'World football', 'World Health Organization']"
2003," I have no doubt with this type of support that together we will win”“We need teamwork to combat the coronavirus,” said FIFA President Gianni Infantino “FIFA has teamed up with WHO because health comes first",health,What is the first thing that FIFA has teamed up with WHO?,"['teamwork', 'Fifa', 'people with health concerns']"
2004," I call upon the football community worldwide to join us in supporting this campaign to pass the message even further Some of the greatest players to have played the beautiful game have put their names to the campaign and are united in their desire to pass the message to kick out COVID-19” Twenty-eight players are involved in the video campaign, which is being published in 13 languages",Twenty-eight,How many players are involved in the video campaign?,"['Twenty-seven players', 'The football community', 'Playing the video campaign']"
2005," Sami Al Jaber (KSA), Alisson Becker (BRA), Emre Belözoğlu (TUR), Jared Borgetti (MEX), Gianluigi Buffon (ITA), Iker Casillas (ESP), Sunil Chhetri (IND), Youri Djorkaeff (FRA), Han Duan (CHN), Samuel Eto’o (CMR), Radamel Falcao (COL), Laura Georges (FRA), Valeri Karpin (RUS), Miroslav Klose (GER), Philipp Lahm (GER), Gary Lineker (ENG), Carli Lloyd (USA), Lionel Messi (ARG), Mido (EGY), Michael Owen (ENG), Park Ji-sung (KOR) , Carles Puyol (ESP), Célia Šašić (GER), Asako Takakura (JPN), Yaya Touré (CIV), Juan Sebastián Verón (ARG), Sun Wen (CHN) and Xavi Hernández (ESP)A video campaign, which will be published on player and FIFA digital channels, is also being provided as individual localized files to the 211 FIFA member associations and media agencies, together with a graphics toolkit for implementation on social media to further pass the messageHands:“It starts with your hands,” says Alisson Becker, WHO Goodwill ambassador for health promotion, Liverpool FC and Brazil goalkeeper, and The Best FIFA Men's Goalkeeper, 2019",2019,When is the Best FIFA Men's Goalkeeper?,"[""When is the Best Football Men's goalkeeper?"", 'When will we know who is the best soccer Men?', 'How can we make a difference to the readers?']"
2006," “Please wash your hands frequently with soap and water or an alcohol-based solution”Such frequent washing with soap and water, or preferably with an alcohol-based hand solution, kills viruses that may be on your hands It is simple, but it is very important",soap and water,What do you need to wash your hands frequently with?,[]
2007," Elbows:“Cover your nose and mouth with a bent elbow or tissue when you sneeze or cough,” says Carli Lloyd two-time FIFA Women’s World Cup winner from the United States “Dispose of tissue immediately and wash your hands”Droplets spread the coronavirus",a bent elbow or tissue,What do you do when you sneeze or cough?,"['a nose and mouth', 'a straight arm', 'Cover your nose and mouth with a broken spoon or tissue']"
2008," By following respiratory hygiene, you protect the people around you from contracting viruses, such as cold, flu and coronavirus Face:“Avoid touching your face, particularly your eyes, nose or mouth to prevent the virus from entering your body,” adds FC Barcelona and Argentina forward Lionel Messi, The Best FIFA Men’s Player in 2019, and a multiple FIFA Ballon d’Or winnerHands touch too many surfaces and can quickly pick up viruses",can quickly pick up viruses,What can a ballon d'Or winner touch too many surfaces?,"['can touch too many surfaces', 'can prevent the virus from entering your body', 'can stop the infection of the virus entering your body. Ks5u']"
2009," Once contaminated, hands can transfer the virus to your face, from where the virus can move inside your body, making you feel unwell Distance:“In terms of social interaction, take a step back,” says Han Duan, who represented China PR 188 times in an international career that spanned 11 years “Stay at least one metre distance from others",one metre distance,How far away from other countries did Duan represent China PR?,"['onemet distance from others', 'One quarter distance away from other countries', 'two meters distance']"
2010,"”By maintaining such social distancing, you are helping to avoid breathing in any droplets from someone who sneezes or coughs in close proximity Feel – know your symptoms:“If you feel unwell, stay home,” concludes Samuel Eto’o, former FC Barcelona and Cameroon striker, who represented his country 114 times “Please follow all instructions provided by your local health authorities",114,How many times did Eto'o represent his country?,"['105', ""How many times did Eto'o represent his country?"", ""Mr. Eto'o's name.""]"
2011,"”If you have a fever, cough and difficulty breathing, seek medical attention and call in advance Keep informed as local health authorities provide the latest information on the situation in your area Please follow their specific instructions, and call in advance to allow them to direct you to the appropriate local health facility","fever, cough and difficulty breathing",What symptoms do you have?,"['cough or even difficulty breathing in a low voice', 'tever, headache and difficulty walking', 'cough, cough and difficulty flying as well as some serious diseases']"
2012," This serves to protect you and to help prevent the spread of virus and other infections FIFA have also pledged $10 million to support the COVID-19 Solidarity Response Fund for WHOFor more information, please consult @WHO and follow the latest information online",$10 million,How much did FIFA pledge to support the COVID-19 Solidarity Response Fund?,"['$ 100 million [ : WHO ]', 'How much do you know about the COided-19solidarity Fund?', '$7 million']"
2013," Early, bold and effective action will reduce short- term risks to employees and long-term costs to businesses and the economyTo aid this collective effort, ICC will regularly send updated advice to its network of over 45 million businesses so that businesses everywhere can take informed and effective action to protect their workers, customers and local communities and contribute to the production and distribution of essential suppliesICC will also contribute to enhancing information flows on the coronavirus outbreak by surveying its global private sector network to map the global business response",enhancing information flows,What will ICC contribute to to the coronavirus outbreak?,"['increasing short - term risks to employees and long - term costs', 'offering information to customers', ' setting up an international business network.']"
2014," This will both encourage businesses to adopt appropriate precautionary approaches and generate new data and insights to support national and international government effortsAs an immediate priority, businesses should be developing or updating, readying or implementing business continuity plans Business continuity plans should aim to reduce transmission, including by: promoting understanding of the disease, its symptoms and appropriate behavior among employees; setting up a reporting system for any cases and contacts; preparing essentials; limiting travel and physical connectivity; and planning for measures such as teleworking when necessary",teleworking,What type of measures should businesses plan for when necessary?,"['businesscontinuous plans', 'having business continuous plan', 'working']"
2015,Calls to ActionICC strongly endorses WHO’s call on national governments everywhere to adopt a whole-of- government and whole-of-society approach in responding to the COVID-19 pandemic Reducing the further spread of COVID-19 and mitigating its impact should be a top priority for Heads of State and Government Political action should be coordinated with actors in the private sector and civil society to maximize reach of messaging and effectiveness,WHO,Who strongly endorses ActionICC's call on national governments everywhere to adopt a whole-of-government and whole-of-society,"['who strongly endorses ActionICC', 'who is concerned about the CODA pandemic', 'Nations and all people']"
2016,"Governments should commit to making available all necessary resources to combat COVID-19 with the minimum of delay and to ensure that cross-border medical and other essential goods supply chains are able to function effectively and efficientlyICC and the WHO encourage national chambers of commerce to work closely with UN country teams, including WHO country offices where they exist, and to designate mutual focal points to coordinate this collaborationICC encourages its members to support their country’s national response efforts and to contribute to the global response efforts coordinated by the WHO through wwwAs the pandemic evolves, ICC Secretary General John W",ICC Secretary General John W,Who is the WHO's Secretary General?,"['President of the WHO', 'The name of the official body of the WHO', 'CJW IJW']"
2017,"H Denton AO and WHO Director General Dr Tedros Adhanom Ghebreyesus will continue to coordinate their effortsEssential information on the COVID-19 pandemic can be found on the WHO’s  dedicated siteGENEVA and Washington, D","Washington, D",Where can the WHO's dedicated site find information on the COVID-19 pandemic?,"['General Tedros Adhanom', 'Fondzhou, Dnem', 'New York and Beijing']"
2018," – A new coronavirus disease (COVID-19) Solidarity Response Fund will raise money from a wide range of donors to support the work of the World Health Organization (WHO) and partners to help countries respond to the COVID-19 pandemic The fund, the first-of-its-kind, enables private individuals, corporations and institutions anywhere in the world to come together to directly contribute to global response efforts, and has been created by the United Nations Foundation and the Swiss Philanthropy Foundation, together with WHO “We are at a critical point in the global response to COVID-19 – we need everyone to get involved in this massive effort to keep the world safe,” said Dr",COVID-19,What is the name of the new coronavirus disease?,"['A new carnavirus disease', 'A newbull virus disease', 'A new kind ofirus']"
2019," Tedros Adhanom Ghebreyesus, WHO Director-General “We are immensely grateful to the UN Foundation and the Swiss Philanthropy Foundation for coming forward to help us set up this fund A lot of people and institutions have been saying they want to contribute to the fight against the novel coronavirus",the fight against the novel coronavirus,What have many people and institutions been saying they want to contribute to?,"['theUN Foundation', 'the UN Foundation and the Swiss Phil hom foundation', 'the donation for the novel Corvirus']"
2020,"”The fund launches with major support already lined up, including from Facebook and Google who have instituted a matching scheme for funds raised through their platforms, while individual donors are also supporting the fund through www“We can’t ignore the fact that this is a truly global problem – one that requires truly global solutions,” said Elizabeth Cousens, UN Foundation President and CEO “The case for global cooperation could not be clearer – communities everywhere are affected, and people want to contribute",people want to contribute,What does Elizabeth Cousens believe people want to contribute to the UN Foundation?,"['many people want to contribute most first step...,', 'it is an idea to help the UN Foundation', 'people are not sure about the global solutions']"
2021," This new fund will create space for people everywhere, together, to fight this virus” Funds will go towards actions outlined in the COVID-19 Strategic Preparedness and Response Plan to enable all countries – particularly those most vulnerable and at-risk, and with the weakest health systems – to prepare for and respond to the COVID-19 crisis including rapidly detecting cases, stopping transmission of the virus, and caring for those affectedWHO and its partners are seeking financing for protective equipment for frontline health workers; to equip diagnostic laboratories; improve surveillance and data collection; establish and maintain intensive care units; strengthen supply chains; accelerate research and development of vaccines and therapeutics; and take other critical steps to scale up the public health response to the pandemic",COVID-19 Strategic Preparedness and Response Plan,What is the name of the plan that will allow all countries to prepare for and respond to the COVID-19 crisis?,"['A New fund', 'People in the world are in great need of this protection', 'People are facing the risk of being infected four day- end.-oC']"
2022,"The COVID-19 Solidarity Response Fund is hosted by two foundations, the UN Foundation (registered in the United States) and the Swiss Philanthropy Foundation (registered in Switzerland) Both foundations have established relationships with the World Health Organization, allowing for efficient transfer of financial resources to enable COVID-19 response effortsApart from giving online at www",Swiss Philanthropy Foundation,What is the name of the Swiss foundation that hosts the COVID-19 Solidarity Response Fund?,"['A Swiss Philphan', 'A Swiss PhilPhil PhilPhil Foundation', 'The UN Foundation']"
2023,"org, the UN Foundation can also receive donations via check or wire from around the world by contacting COVID19Fund@unfoundationAll donations made to the United Nations Foundation and Swiss Philanthropy Foundation are tax-deductible to the extent allowable by the law, where applicable (UAdditionally, Swiss Philanthropy Foundation has partnered with Transnational Giving Europe to extend tax benefit to certain additional European countries where applicable",Transnational Giving Europe,What organization does the Swiss Philanthropy Foundation partner with to extend tax benefit to?,"[' Swiss Philphany Foundation', ' Swiss Phil philanthropY Foundation', 'The Swiss Philopusy Foundation']"
2024,"WHO resources for protection of health workers and emergency respondersThe protection of health workers is one of the priorities for the response to COVID19 outbreaks Occupational health services in health care facilities have an important role for protecting health workers and ensuring the business continuity of health care servicesCorona Virus Disease (COVID-19) Outbreak: Rights, roles and responsibilities of health workers, including key considerations for occupational safety and health (English only)Health workers exposure risk assessment and management in the context of COVID-19 virusRational use of personal protective equipment for coronavirus disease (COVID-19)WHO, ePROTECT respiratory occupational health and safetyThe COVID-19 risk communication package for healthcare facilitiesWHO and ILO, Occupational safety and health in public health emergencies: A manual for protecting health workers and responders (English)(Chinese)ILO and WHO, Work improvement in health services (English, French, Spanish, Portuguese, Arab, Chinese)WHO resources for non-healthcare workplacesNon-healthcare workplaces, such as businesses and enterprises have also the responsibility to protect the health and safety of their workers and those affected by their operations",health workers,Who are WHO resources for protection of?,"['workers who need protection', ' Health workers', 'those who are health workers']"
2025,"Getting your workplace ready for COVID-19 Business and employees Coronavirus disease (COVID-19) technical guidance: Points of entry and mass gatherings Coronavirus disease (COVID-19) advice for the public Coping with stress during the COVID-19 outbreakTravel and tourismCOVID-19 websiteWHO Travel AdviceInfographicsPrevention COVID-19 at the workplaceWHO calls on industry and governments to increase manufacturing by 40 per cent to meet rising global demandThe World Health Organization has warned that severe and mounting disruption to the global supply of personal protective equipment (PPE) – caused by rising demand, panic buying, hoarding and misuse – is putting lives at risk from the new coronavirus and other infectious diseases Healthcare workers rely on personal protective equipment to protect themselves and their patients from being infected and infecting others",COVID-19,What is the name of the year that the workplace is ready for?,"['corVillavirus disease', 'Business and employee Coronavirus disease', 'coronavirus disease']"
2026,"But shortages are leaving doctors, nurses and other frontline workers dangerously ill-equipped to care for COVID-19 patients, due to limited access to supplies such as gloves, medical masks, respirators, goggles, face shields, gowns, and aprons“Without secure supply chains, the risk to healthcare workers around the world is real Industry and governments must act quickly to boost supply, ease export restrictions and put measures in place to stop speculation and hoarding",COVID-19,"What type of patients are doctors, nurses and other frontline workers ill-equipped to care for?","['Larger supply chains', 'Lack of supply', ' shortage']"
2027," We can’t stop COVID-19 without protecting health workers first,” said WHO Director-General Dr Tedros Adhanom GhebreyesusSince the start of the COVID-19 outbreak, prices have surged Surgical masks have seen a sixfold increase, N95 respirators have trebled and gowns have doubled",N95,What type of respirators have trebled?,"['Surgical masks', '50', 'Why is it necessary to wear gowns?']"
2028,"Supplies can take months to deliver and market manipulation is widespread, with stocks frequently sold to the highest bidderWHO has so far shipped nearly half a million sets of personal protective equipment to 47 countries,* but supplies are rapidly depletingBased on WHO modelling, an estimated 89 million medical masks are required for the COVID-19 response each month",89 million,How many medical masks are required for the COVID-19 response?,"['4 million', '7 million', '90,000 hats and masks are needed']"
2029," For examination gloves, that figure goes up to 76 million, while international demand for goggles stands at 1Recent WHO guidancecalls for the rational and appropriate use of PPE in healthcare settings, and the effective management of supply chainsWHO is working with governments, industry and thePandemic Supply Chain Networkto boost production and secure allocations for critically affected and at-risk countries",76 million,How many examination gloves are there?,"['50 million', '4 million', '50,000']"
2030,"To meet rising global demand, WHO estimates that industry must increase manufacturing by 40 per centGovernments should develop incentives for industry to ramp up production This includes easing restrictions on the export and distribution of personal protective equipment and other medical supplies",40,How much does WHO estimate industry must increase manufacturing by?,"['50', '60', '20']"
2031,"Every day, WHO is providing guidance, supporting secure supply chains, and delivering critical equipment to countries in need***NOTE TO EDITORSSince the start of the COVID-19 outbreak, countries that have received WHO PPE supplies include:Western Pacific region:Cambodia, Fiji, Kiribati, Lao People's Democratic Republic, Mongolia, Nauru, Papua New Guinea, Samoa, Solomon Islands, Tonga, Vanuatu and the PhilippinesSoutheast Asia region:Bangladesh, Bhutan, Maldives, Myanmar, Nepal and Timor-LesteEasternMediterranean region:Afghanistan, Djibouti, Lebanon, Somalia, Pakistan, Sudan, Jordan, Morocco and IranAfrica region:Senegal, Algeria, Ethiopia, Togo, Ivory Coast, Mauritius, Nigeria, Uganda, Tanzania, Angola, Ghana, Kenya, Zambia, Equatorial Guinea, Gambia, Madagascar, Mauritania, Mozambique, Seychelles and ZimbabweUN Humanitarian Chief Mark Lowcock today released US$15 million from the Central Emergency Response Fund (CERF) to help fund global efforts to contain the COVID-19 virus",US$15 million,What did Mark Lowcock release from the Central Emergency Response Fund to help fund global efforts to contain the COVID-19 virus?,"['Western Pacific region', 'China \n s position', 'US$7,000']"
2032,"The announcement came as the World Health Organization (WHO)upgraded the global risk of the coronavirus outbreak to ""very high"" – its top level of risk assessment The WHO has said there isstill a chance of containing the virus if its chain of transmissionisbrokenThe sudden increases of cases in Italy, the Islamic Republic of Iran and the Republic of Korea are deeply concerning",the World Health Organization (WHO),"Who upgraded the global risk of the coronavirus outbreak to ""very high""?","['The World Health Organization', 'the Organization of Health Organization', 'the person who recommended the increased risk assessment']"
2033,"There are now cases linked to Iran in Bahrain, Iraq, Kuwait and Oman, along with cases linked to Italy in Algeria, Austria, Croatia, Germany, Spain and SwitzerlandThe UN funding has been released to the WHO and the United Nations Children’s Fund (UNICEF) It will fund essential activities including monitoring the spread of the virus, investigating cases, and the operation of national laboratories",the operation of national laboratories,What does UNICEF do to monitor the spread of the virus?,"['the study of test cases', 'to monitor the spread of the virus', ""the whole of it to the WHO and the United Nations Children's Fund""]"
2034,"The WHO has called for US$675 million to fund the fight against coronavirus There is a window of opportunity to contain the spread of the virus if countries take robust measures to detect cases early, isolate and care for patients, and trace contactsEmergency Relief Coordinator and Under-Secretary-General for Humanitarian Affairs, Mark Lowcock said: “We do not yet see evidence that the virus is spreading freely",US$675 million,How much has the WHO called for to fund the fight against coronavirus?,"['US$3,500 million', 'How far has he called for', 'How much has the WHO asked for']"
2035," As long as that’s the case, we still have a chance of containing it“But swift and robust action must be taken to detect cases early, isolate and care for patients, and trace contacts We must act now to stop this virus from putting more lives at risk",to stop this virus from putting more lives at risk,"What must be done to detect cases early, isolate and care for patients, and trace contacts?","['to detect this virus early and care for patients', 'to find some medicine to kill this virus', 'to find out the origin of this virus']"
2036,“This grant from the UN’s Emergency Fund will help countries with fragile health systems boost their detection and response operations It has the potential to save the lives of millions of vulnerable people”This is a critical juncture in the outbreak,the UN’s Emergency Fund,Who will help countries with fragile health systems boost detection and response operations?,"[""a UN 'S Emergency Fund."", 'the governments of the countries', 'protecting the lives of thousands of vulnerable people']"
2037," The focus is on containing COVID-19 by strengthening surveillance, conducting thorough outbreak investigations to identify contacts and applying appropriate measures to prevent further spreadTedros Adhanom Ghebreyesus, WHO Director-General, said: “The potential spread of the virus to countries with weaker health systems is one of our biggest concerns These funds will help support these countries get ready for detecting and isolating cases, protecting their health workers, and treating patients with dignity and appropriate care",containing COVID-19,What is the focus of the WHO?,"['---- containing COVillage-19.', 'controling the spreading of the virus', 'designed to stop the spread of the virus']"
2038," This will help us save lives and push back the virus”UNICEF is leading on preventative actions in communities across the affected countries with risk communication, providing hygiene and medical kits to schools and health clinics and monitoring the impact of the outbreak to support continuity of care, education and social services“At this pivotal moment, every effort must be made to push back against the outbreak,” said UNICEF Executive Director Henrietta Fore “These crucial funds will support our global efforts to bolster weaker health systems and inform children, pregnant women and families about how to protect themselves",preventative actions,What is UNICEF leading on in communities across the affected countries with risk communication?,"['continuous care', 'providing hygiene and medical kit', 'providing hygiene assistance']"
2039,"” Since it was launched in 2006, CERF has provided more than $6 billion to over 100 countries and helped hundreds of millions of peopleAs the current outbreak of the Coronavirus Disease (COVID-19) continues to develop, the World Health Organization (WHO) and the World Tourism Organization (UNWTO) are committed to working together in guiding the travel and tourism sectors’ response to COVID-19On 30 January 2020, the Director-General of the World Health Organization (WHO) declared the outbreak of COVID-19 to be a Public Health Emergency of International Concern and issued a set of Temporary Recommendations",2006,When was the outbreak of COVID-19 launched?,"['October 20', 'after the World Health Organization andUNWTO launched', 'When was the outbreak of COVillage-19']"
2040," WHO did not recommend any travel or trade restriction based on the current information available WHO is working closely with global experts, governments and partners to rapidly expand scientific knowledge on this new virus, to track the spread and virulence of the virus, and to provide advice to countries and the global community on measures to protect health and prevent the spread of this outbreakCooperation is keyThe tourism sector is fully committed to putting people and their well-being first",tourism,What sector is committed to putting people and their well-being first?,"['putting people and their well -being first', 'People', 'people']"
2041," International cooperation is vital for ensuring the sector can effectively contribute to the containment of COVID-19 UNWTO and WHO are working in close consultation and with other partners to assist States in ensuring that health measures be implemented in ways that minimize unnecessary interference with international traffic and tradeTourism’s response needs to be measured and consistent, proportionate to the public health threat and based on local risk assessment, involving every part of the tourism value chain – public bodies, private companies and tourists, in line with WHO’s overall guidance and recommendations",WHO,Who is working in close consultation to assist States in ensuring that health measures be implemented in ways that minimize unnecessary interference with international traffic and trade?,"[' international cooperation', ' international traffic and trade', 'International cooperation']"
2042,"UNWTO and WHO stand ready to work closely with all those communities and countries affected by the current health emergency, to build for a better and more resilient future Travel restrictions going beyond these may cause unnecessary interference with international traffic, including negative repercussions on the tourism sectorAt this challenging time, UNWTO and WHO join the international community in standing in solidarity with affected countries",in standing in solidarity with affected countries,What do UNWTO and WHO join the international community at this challenging time?,"['in making efforts to help affected countries', 'in working together with all the countries', 'to work closely in the work of the current health emergency']"
2043,"FIFA has launched #ReachOut, a campaign designed to raise awareness of the symptoms of mental health conditions, encourage people to seek help when they need it, and take actions every day for better mental health With the support of past and current football players, the World Health Organization (WHO) and the Association of Southeast Asian Nations (ASEAN), FIFA is underlining the importance of greater awareness around mental healthIn launching #ReachOut, FIFA President Gianni Infantino, said: “This campaign is very important in raising awareness about mental health conditions and encouraging a conversation which could save a life",World Health Organization (WHO) and the Association of Southeast Asian Nations (ASEAN),Who supports the #ReachOut campaign?,"['Famous football players', 'Athlet and its National Association', 'A long - time football player, Tommy Nattino']"
2044," In FIFA’s Vision 2020-2023, we pledge our commitment to make football work for society, and I thank the players and Ms Enke, who have contributed to this important initiative “Depression and anxiety affect rising numbers of people worldwide, and young people are among the most vulnerable Having a conversation with family, friends or a healthcare professional can be key","Having a conversation with family, friends or a healthcare professional",What can be a key part of FIFA's Vision 2020-2023?,"['Having a good relationship with your cousins under the sun.', 'Having a healthcare professional working for football', 'Having a talk with the football players and MsEnke']"
2045," FIFA is proud to launch this campaign, supported by the World Health Organization and ASEAN to encourage people to #ReachOut”The campaign hears from FIFA Legends Aline, Vero Boquete, Cafu, Laura Georges, Luis García, Shabani Nonda, Patrizia Panico, Fara Williams and Walter Zengacom also speaks with former Bolton Wanderers and Team GB forward, Marvin Sordell, and Sonny Pike, who was labelled the ‘next big thing’ at 14, about their experiences with depression",depression,What was Sonny Pike labelled the ‘next big thing’ at 14?,"[' fame', 'his experiences with depression', 'time']"
2046," Teresa Enke also discusses the pain of losing a loved one to suicide, and her work with the Robert Enke FoundationDepression affects more than 260 million people in the world while around half of all mental health conditions start by age 14 Suicide is the fourth leading cause of death in young people aged 15-29",suicide,What does Teresa Enke discuss the pain of losing a loved one to?,"[' mental health conditions', 'teenager suicide', 'a loved one to death']"
2047," Among active football players, 23 per cent report sleep disturbance, while 9% have reported depression and a further 7% suffer from anxiety Among retired players, these figures increase, with 28% struggling to sleep and depression and anxiety affecting 13% and 11% respectively (source: FIFPRO)Working from home, unemployment, school closures and social isolation have affected people around the world during the COVID-19 pandemic; the challenges for people with mental health conditions, for whom access to treatment has, in many cases, been disrupted, are even greater“As the COVID-19 pandemic continues, it is as important as ever to look after our mental and physical health,” said Dr Tedros Adhanom Ghebreyesus, Director-General of the World Health Organization",23,What percentage of active football players report sleep disturbance?,"['17', '22 per cent', '26']"
2048," “WHO is delighted to support the #ReachOut campaign, spearheaded by FIFA to encourage people to talk about their mental health”The video awareness campaign features Legends, current players and special guests, who have lent their support to this mental health campaign, and at times sharing their lived experience The campaign is being shared on FIFA digital channels, with multimedia toolkits provided to the 211 FIFA member associations and to media agencies to facilitate dissemination and use within Europe and beyond",211,How many FIFA members are involved in the #ReachOut campaign?,"['playing football', 'soccer', 'Famous players']"
2049,"Meanwhile, players from Brunei, Cambodia, Indonesia, Laos, Malaysia, Myanmar, the Philippines, Singapore, Thailand and Vietnam reinforce WHO advice on how to help to keep our minds healthy, as well as our bodies, in the special ASEAN edition of #ReachOut Secretary-General of ASEAN Dato Lim Jock Hoi said, “Mental health and well-being are just as important as physical health and safety Under the Chairmanship of Brunei Darussalam, ASEAN is taking steps to advance cooperation with external partners on mental health, in order to provide the ASEAN Community with the necessary and appropriate mental health and psychosocial support services",the ASEAN Community,Who does ASEAN provide with the necessary and appropriate mental health and psychosocial support services?,"['a mental health center', 'those who help ASEAN to keep their minds healthy', 'the Mental Health']"
2050,”Notes for EditorsThe World Health Organization (WHO) and FIFA signed a four-year collaboration in 2019 to promote healthy lifestyles through football globally More information on the WHO-FIFA memorandum of understanding can be found here The two organisations jointly launched the ‘Pass the message to kick out coronavirus’ campaign in March 2020 to share advice on effective measures to protect people from COVID-19,March 2020,When did the WHO-FIFA launch the ‘Pass the message to kick out coronavirus’ campaign?,[]
2051," This was followed by the #BeActive campaign in April 2020 to encourage people to stay healthy at home during the pandemic, and #SafeHome, a campaign launched to support those at risk from domestic violence, in May 2020 More recently, the two organisations teamed up at the FIFA Club World Cup to #ACTogether to promote the need for fair access to COVID-19 vaccines, treatments and diagnostics, and to encourage people to keep practicing life-saving, everyday public health measures to prevent the spread of the coronavirus and to protect health The global campaign’s contributors include: Aline – former Brazil defender Vero Boquete – AC Milan forward and former Spain forward Cafu – former AC Milan, Roma and Brazil defenderTeresa Enke – CEO of the Robert Enke FoundationLaura Georges – former Lyon, Paris Saint-Germain, Bayern Munich and France defender Luis García - former Liverpool and Spain winger/midfielder Shabani Nonda – former Monaco and DR Congo forward Patrizia Panico – former SS Lazio and Italy forward Sonny Pike – former English footballer who was labeled ‘the next big thing’ at 14 years of ageMarvin Sordell – former Bolton, Watford and Team GB forward Fara Williams – former Reading, England and Team GB midfielder Walter Zenga – former Inter Milan and Italy goalkeeperVideos for downloadVideo 1Video 2FIFA recently partnered with FIFPRO to sign a three-year cooperation agreement to provide health support to hundreds of recently retired professional footballers facing the challenges that come with career transition",April 2020,When was the #BeActive campaign launched?,"['June 20', 'Fifty - four years ago', 'October 2015']"
2052," More information can be found here The ASEAN-FIFA Joint Awareness Raising Campaign on COVID-19, endorsed by the ASEAN Senior Officials Meeting on Sports (SOMS) - a body consisting of national agencies in charge ASEAN sports cooperation - features a series of videos with ASEAN football personalities delivering messages in their local languagesAt the start of this year, governments, donors, civil society and the private sector united to launch the Nutrition for Growth Year of Action",Nutrition for Growth Year of Action,What year did the ASEAN-FIFA Joint Awareness Raising Campaign launch?,"['ASEAN Senior officials meeting on Sports', 'AseAN President signed the ASEAN-F flu vaccine', 'The ASEAN-Fitness Joint awareness']"
2053," The Year of Action is a historic opportunity to transform the way the world tackles the global commitment to eliminate child malnutrition Breastfeeding is central to realising this commitment Initiation of breastfeeding within the first hour of birth, followed by exclusive breastfeeding for six months and continued breastfeeding for up to two years or beyond offer a powerful line of defence against all forms of child malnutrition, including wasting and obesity",The Year of Action,What is a historic opportunity to transform the way the world tackles the global commitment to eliminate child malnutrition?,"['Breastfeeding', 'Breast feeding', 'The Children of the World']"
2054," Breastfeeding also acts as babies’ first vaccine, protecting them against many common childhood illnesses While there has been progress in breastfeeding rates in the last four decades – with a 50 per cent increase in the prevalence of exclusive breastfeeding globally – the COVID-19 pandemic highlights the fragility of those gains In many countries, the pandemic has caused significant disruptions in breastfeeding support services, while increasing the risk of food insecurity and malnutrition",the COVID-19 pandemic,What pandemic highlights the fragility of the gains in breastfeeding support services?,"['the breast milk pandemic', 'the importance of breast feeding', 'Breast feeding']"
2055," Several countries have reported that producers of baby foods have compounded these risks by invoking unfounded fears that breastfeeding can transmit COVID-19 and marketing their products as a safer alternative to breastfeeding This year’s World Breastfeeding Week, under its theme ‘Protect Breastfeeding: A Shared Responsibility’ is a time to revisit the commitments made at the start of this year by prioritizing breastfeeding-friendly environments for mothers and babies This includes: Ensuring the International Code of Marketing of Breastmilk Substitutes – established to protect mothers from aggressive marketing practices by the baby food industry – is fully implemented by governments, health workers and industry",Several countries,How many countries have reported that producers of baby foods have compounded these risks?,"['many countries', 'Many countries', 'Breast milk only']"
2056,"Ensuring health care workers have the resources and information they need to effectively support mothers to breastfeed, including through global efforts such as the Baby-friendly Hospital Initiative, and guidelines on breastfeeding counsellingEnsuring employers allow women the time and space they need to breastfeed; including paid parental leave with longer maternity leave; safe places for breastfeeding in the workplace; access to affordable and good-quality childcare; and universal child benefits and adequate wagesAs we approach the UN Food Systems Summit in September and the Tokyo Nutrition for Growth Summit in December, governments, donors, civil society and the private sector all have an opportunity to make smart investments and commitments to tackle the global malnutrition crisis – including protecting, promoting and supporting breastfeeding – through stronger policies, programmes and actions",the Baby-friendly Hospital Initiative,What is the name of the global effort to help mothers to breastfeed?,"['the UN Food Systems Summit', 'Ensuring health care workers', 'the U.N. for Growth Summit']"
2057," About UNICEFUNICEF works in some of the world’s toughest places, to reach the world’s most disadvantaged children Across more than 190 countries and territories, we work for every child, everywhere, to build a better world for everyone For more information about UNICEF and its work for children visit www",www,Where can you find more information about UNICEF and its work for children?,"['UNiceF', 'www. UNF', 'www. UNiceF.org']"
2058,"org Follow UNICEF onTwitter,Facebook,InstagramandYouTubeAbout WHOThe World Health Organization provides global leadership in public health within the United Nations system Founded in 1948, WHO works with194 Member States, across six regions and from149offices,to promote health, keep the world safe and serve the vulnerable Our goal for 2019-2023 is to ensure that a billion more people have universal health coverage, to protect a billion more people from health emergencies, and provide a further billion people with better health and wellbeing",a billion,How many people have universal health coverage for 2019-2023?,"['a billion people across the world', 'two billion', 'two people']"
2059,"For updates on COVID-19 and public health advice to protect yourself from coronavirus,visitwwwintand follow WHO onTwitter,Facebook,Instagram,LinkedIn,TikTok,Pinterest,Snapchat,YouTube,TwitchNew Global Dashboard onCOVID-19 Vaccine Equity finds low-income countries would add $38 billion totheir GDP forecast for 2021 if they had the same vaccination rate as high-incomecountries",$38 billion,What would low-income countries add to their GDP forecast for 2021?,"['High - income countries would have the same vaccination rate as low - income countries', 'Low - income Countries', '1.4 billion']"
2060," Global economic recovery at risk if vaccines are not equitablymanufactured, scaled up and distributedCOVID-19 vaccine inequity will have a lasting and profound impact on socio-economic recovery in low- and lower-middle income countries without urgent action to boost supply and assure equitable access for every country, including through dose sharing, according to new data released today by the United Nations Development Programme (UNDP), the World Health Organization (WHO) and the University of Oxford An acceleration in scaling up manufacturing and sharing enough vaccine doses with low-income countries could have added $38 billion to their GDP forecast for 2021 if they had similar vaccination rates as high income countries",$38 billion,What would have been added to their GDP forecast for 2021 if they had similar vaccination rates as high income countries?,"['$4 billion', '$5 billion.', ' vaccineequity']"
2061," At a time when richer countries have paid trillions in stimulus to prop up flagging economies, now is the moment to ensure vaccine doses are shared quickly, all barriers to increasing vaccine manufacturing are removed and financing support is secured so vaccines are distributed equitably and a truly global economic recovery can take placeA high price per COVID-19 vaccine dose relative to other vaccines and delivery costs – including for the health workforce surge – could put a huge strain on fragile health systems and undermine routine immunization and essential health services and could cause alarming spikes in measles, pneumonia and diarrhea There is also a clear risk in terms of foregone opportunities for the expansion of other immunization services, for example the safe and effective rollout of HPV vaccines",the safe and effective rollout of HPV vaccines,What is a risk to expand other immunization services?,"['the high cost of recognizing vaccines', 'the high price for key vaccines', 'not enough money for the increase of vaccine production']"
2062," Lower income countries need timely access to sustainably priced vaccines and timely financial supportThese insights come from the Global Dashboard for COVID-19 Vaccine Equity, a joint initiative from UNDP, WHO and the University of Oxford’s Blavatnik School of Government, which combines the latest information on COVID-19 vaccination with the most recent socio-economic data to illustrate why accelerating vaccine equity is not only critical to saving lives but also to driving a faster and fairer recovery from the pandemic with benefits for all “In some low- and middle-income countries, less than 1 per cent of the population is vaccinated – this is contributing to a two-track recovery from the COVID-19 pandemic”, said UNDPAdministrator, Achim Steiner",Achim Steiner,Who is the UNDPAdministrator of COVID-19 Vaccine Equity?,"['Aavatnik School of Government', 'The United Nations \n thdiversity \n : F.V-19 vaccine', 'A chirren [ : Zxxk. Com ]']"
2063," “It’s time for swift, collective action – this new COVID-19 Vaccine Equity Dashboard will provide Governments, policymakers and international organisations with unique insights to accelerate the global delivery of vaccines and mitigate the devastating socio-economic impacts of the pandemic”According to the new Dashboard, which builds on data from multiple entities including the IMF, World Bank, UNICEF and Gavi, and analysis on per capita GDP growth rates from the World Economic Outlook, richer countries are projected to vaccinate quicker and recover economically quicker from COVID-19, while poorer countries haven’t even been able to vaccinate their health workers and most at-risk population and may not achieve pre-COVID-19 levels of growth until 2024 Meanwhile, Delta and other variants are driving some countries to reinstate strict public health social measures",Delta,Which variant of the COVID-19 Vaccine Equity Dashboard is driving some countries to reinstate strict public health social measures?,"[' poorer countries', 'China', 'The countries']"
2064," This is further worsening the social, economic and health impact, especially for the most vulnerable and marginalised people Vaccine inequity threatens all countries and risks reversing hard won progress on the Sustainable Development Goals “Vaccine inequity is the world’s biggest obstacle to ending this pandemic and recovering from COVID-19,” said Dr Tedros Adhanom Ghebreyesus, Director-General of the World Health Organization",Dr Tedros Adhanom Ghebreyesus,Who is the Director-General of the World Health Organization?,"['Vaccineequity is the biggest problem in the world', 'The World Health Organization', 'A man called Dr Tedros Adhanom Ghebreyesus']"
2065," “Economically, epidemiologically and morally, it is in all countries' best interest to use the latest available data to make lifesaving vaccines available toall”Designed to empower policy makers and development partners to take urgent action to reduce vaccine inequity, the Global Dashboard breaks down the impact of accessibility against a target for countries to vaccinate their at-risk populations first to reduce mortality and protect the health system and then move on to vaccinating larger shares of the population to reduce disease burden and re-open socio-economic activity The Dashboard is facilitated by the Global Action Plan for Healthy Lives and Well-being for All (SDG3 GAP), which aims to improve collaboration across the multilateral system to support an equitable and resilient recovery from the pandemic and drive progress towards the health-related SDGs",the Global Action Plan for Healthy Lives and Well-being for All,What is the SDG3 GAP?,"['the plan for WorldSocial Policy makers and Development partners', 'the plan for solving the Health Problem', 'the GlobalAP for health and Well -being']"
2066,"Notes to editors https://dataorg/vaccine-equity/ ABOUT UNDP:UNDP is the leading United Nations organization fighting to end the injustice of poverty, inequality, and climate change Working with our broad network of experts and partners in 170 countries, we help nations to build integrated, lasting solutions for people and planet",170,How many countries does UNDP work with?,"['20', 'UNDP', 'UNDP. \n :']"
2067,"ABOUT WHO:The World Health Organization provides global leadership in public health within the United Nations system Founded in 1948, WHO works with 194 Member States across six regions, to promote health, keep the world safe and serve the vulnerable Our goal for 2019-2023 is to ensure that a billion more people have universal health coverage, to protect a billion more people from health emergencies, and provide a further billion people with better health and well-being",the United Nations system,Where does the World Health Organization provide global leadership in public health?,"['the world Health', 'the World Health Organization', 'the United Nations Health Organization.']"
2068,"For updates on COVID-19 and public health advice to protect yourself from coronavirus, visitwwwintand follow WHO onTwitter,Facebook,Instagram,LinkedIn,TikTok,Pinterest,Snapchat,YouTube,TwitchABOUT THE BLAVATNIK SCHOOL, UNIVERSITY OF OXFORD:The Blavatnik School of Government at the University of Oxford exists to inspire and support better government and public policy around the world Its Oxford COVID-19 Government Response Tracker, launched in early 2020, systematically tracks and compares policy measures that governments around the world have taken to tackle COVID-19",coronavirus,What do you need to protect yourself from?,"['Oxford COide-19', 'Alibaba', 'Oxford University']"
2069,"“Closing the vaccine gap is required to put this pandemic behind us The dashboard can help scale up and accelerate global delivery of vaccines by providing accurate, up-to-date information on not just how many vaccines have been given, but also the policies and mechanisms through which we get them into arms,” said Dr Thomas Hale, Associate Professor of Global Public Policy, Blavatnik School of Government, University of Oxford",Dr Thomas Hale,Who is the Associate Professor of Global Public Policy at the Blavatnik School of Government?,"['Dr ThomasMobile', 'Dr Thomasale.', 'A Professor of Global Public Policy, Blavatnik School of Government']"
2070," The Dashboard will be updated in real-time as new data becomes available, filling a critical gap to help guide the international community's understanding of what can be done to achieve vaccine equity Users are able and encouraged to download all data sets in full from the websiteFollowing the recent G20 side event co-hosted by the Italian Government and the United Nations World Food Programme (WFP) focusing on the role of logistics in current and future health emergencies, WFP and the World Health Organization (WHO) are launching INITIATE2, a joint project to bring together emergency actors, research and academic institutions, and international and national partners to promote knowledge sharing and skills transfer for improved emergency response to health crises",the World Health Organization,Who launched INITIATE2?,"['the World Food Programme', 'the United Nations World Food Programme2Poinvative (WTO )', 'the United Nations World Food Programme *.China ww.k.s']"
2071,"“Health emergencies like the West Africa Ebola response and the current COVID-19 pandemic have shown just how crucial working together as a humanitarian community is, and so we’re extremely pleased to be able to further cement our role as an enabler of humanitarian response through this collaboration with WHO,” said Alex Marianelli, WFP Director of Supply Chain“The WHO-WFP-led COVID-19 Supply Chain System has already illustrated an end-to-end integration of technical and operational capacities for impact,” said Dr Ibrahima Soce-Fall, Assistant Director-General for Emergencies Response, WHO “With INITIATE2, WFP and WHO are now extending the collaboration to build synergies among different actors and foster innovation in this critical field, to quickly respond to health emergencies and create a conducive environment for knowledge sharing and skills transfer",WHO,Who collaborated with WHO to further cement our role as an enabler of humanitarian response?,"["" WHO's"", 'The West Africa Ebola response', 'WTO']"
2072,"Follow us on Twitter @wfp_media@wfplogisticsThe World Health Organization provides global leadership in public health within the United Nations system Founded in 1948, WHO works with 194 Member States across six regions, to promote health, keep the world safe and serve the vulnerable Our goal for 2019-2023 is to ensure that a billion more people have universal health coverage, to protect a billion more people from health emergencies, and provide a further billion people with better health and well-being",a billion,How many people have universal health coverage for 2019-2023?,"['a billion more chances of health care', 'two billion', 'two billion people from health emergencies']"
2073,"For updates on COVID-19 and public health advice to protect yourself from coronavirus, visit wwwint and follow WHO on Twitter, Facebook, Instagram, LinkedIn, TikTok, Pinterest, Snapchat, YouTube, TwitchThe initiative will combine WFP and WHO’s technical expertise and will leverage the existing infrastructure of the United Nations Humanitarian Response Depot in Brindisi, the first in a network of six strategically located hubs around the world which store and dispatch relief items on behalf of the humanitarian community INITIATE2 will capitalise on these facilities and experience: the Brindisi hub is regularly used to organize large-scale emergency simulations and hosts the UNHRD Lab, where innovative emergency response products are developed and tested",the UNHRD Lab,What is the Brindisi hub where innovative emergency response products are developed and tested?,"['the UN HRD Lab', 'the UN Humanitarian Response Home', 'the Brind Sphinx']"
2074,"On 26 May 2021, the COVID-19 subcommittee of the WHO Global Advisory Committee on Vaccine Safety (GACVS) issued a statement reviewing initial reports of mild myocarditis following COVID-19 mRNA vaccines Myocarditis is an inflammation of the heart muscle and pericarditis is an inflammation of the lining that surrounds the heart While they can lead to serious illness, they are often mild and respond well to conservative treatment",pericarditis,What is an inflammation of the lining that surrounds the heart?,"['injuries of the heart muscle which comeoame from the inside.', ' Myanmar', 'Myopia of heart muscle']"
2075," More data have become available since the GACVS statement of 26 May 2021, with more countries reporting myocarditis and pericarditis in individuals who received COVID-19 mRNA vaccines The reported cases have typically occurred within days of vaccination, more commonly among younger males and more often following the second dose the of COVID-19 mRNA vaccines A strong signal of myocarditis/pericarditis has been reported recently with mRNA COVID-19 vaccines in the United States (US)",26 May 2021,When was the GACVS statement released?,[]
2076," However, the US Advisory Committee on Immunization Practices (ACIP) has concluded that the benefits of mRNA COVID-19 vaccines continue to outweigh the risks of myocarditis and pericarditis even among young people According to the data in the US Vaccine Adverse Events Reporting System (VAERS), approximately 406 cases of myocarditis per million second doses among males and 4",4,How many cases of myocarditis per million second doses are there in the US Vaccine Adverse Events Reporting System?,"[' vaccine \n COIP-19', 'The number of mysingers per million second chances among males and females.', 'How many cases of mysingeness per million second dose are there in the US vaccineine Adverse Events reporting System.']"
2077,"2 cases per million among females have been reported as of 11 June 2021 in persons 12-29 years of age who received the mRNA COVID-19 vaccines For persons over 30 years of age, the reporting rates were 20 per million second doses, respectively, for males and females",20 per million,How many second doses were reported for males and females?,"['15 per million per million for females', '20 %', '20 per million o f.000']"
2078,"The Pharmacovigilance Risk Assessment Committee (PRAC) of the European Medicines Agency (EMA) at its recent meeting on 5-8 July 2021 reviewed the latest data from Europe and has confirmed that there is a plausible causal relationship between myocarditis and the mRNA vaccinesThe GACVS COVID-19 subcommittee has reviewed all available information to date, and notes the following: The benefits of mRNA COVID-19 vaccines outweigh the risks in reducing hospitalizations and deaths due to COVID-19 infectionsVery rare cases of myocarditis and pericarditis have been observed following vaccination with the mRNA COVID-19 vaccines",mRNA COVID-19 vaccines,What vaccines outweigh the risks in reducing hospitalizations and deaths due to COVID-19 infections?,"['mDNA COIP-19 vaccine', 'Risks of the vaccine are increased', 'Roles of both vaccine and the present']"
2079," These cases occurred more often in younger men and after the second dose of the vaccine, typically within few days after vaccination Current evidence suggests a likely causal association between myocarditis and the mRNA vaccinesAvailable data suggest that the immediate course of myocarditis and pericarditis following vaccination is generally mild and responds to conservative treatment (e rest, treatment with nonsteroidal anti-inflammatory drugs etc)",mRNA vaccines,What is the likely causal association between myocarditis and myocarditis?,"['mradio vaccines', 'Vaccine vaccines', 'Myanmar vaccine and my cardboard']"
2080, Follow-up is ongoing to determine long term outcomes More rigorous studies using alternative data sources and more robust study designs including comparison of vaccinated and unvaccinated populations as well as investigations monitoring for longer term follow up are underway; the GACVS subcommittee will continue to review this signal as more data become available The US Food and Drug Administration (FDA) and the EMA have provided updates to the Product Information for the mRNA vaccines (Comirnaty and Spikevax),mRNA vaccines,What do the US Food and Drug Administration and the EMA provide updates to the Product Information for?,"['FDA and the EMA', 'the product Information', ' vaccine']"
2081," These and other agencies have issued advisories and various communication materials, to the public and healthcare professionals, with guidance or actions to take following vaccinations with mRNA vaccines Vaccinated individuals should be instructed to seek immediate medical attention if they develop symptoms indicative of myocarditis or pericarditis such as new onset and persisting chest pain, shortness of breath, or palpitations following vaccinationClinicians should be aware of the risk of myocarditis and pericarditis with mRNA vaccines and those most likely to be affected",Vaccinated individuals,Who should be instructed to seek immediate medical attention if they develop symptoms of myocarditis or pericarditis?,"['Vaccine individuals', 'Vaccinated patients', 'Vaccinating people']"
2082," They should be alert to presentations such as acute chest pain, shortness of breath and palpitations that may be suggestive of myocarditis after vaccination, especially in adolescent or young males Coronary events are less likely to be the source of such symptoms among younger people Where possible, suspected cases should be evaluated, provided guidance and be followed up with cardiologist consultation",cardiologist,What type of consultation should suspected cases be followed up with?,"[' cardiologists', ' cardiology', 'cardiologists and vaccine']"
2083," It is important to rule out other potential causes of myocarditis and pericarditis, including COVID-19 infection and other viral etiologies An infectious disease specialist and/or rheumatologist may need to be consulted to assist in this evaluationWhile acknowledging the clear benefits of the mRNA vaccines in reducing deaths and hospitalizations due to COVID-19 infections, the subcommittee encourages all health professionals to report all events of myocarditis and other adverse events observed with these and other vaccines",COVID-19 infection and other viral etiologies,What are some potential causes of myocarditis and pericarditis?,"['Because theradio vaccines can reduce deaths and hospitalizations', 'Myopia and other viral ediologist', 'Myopia \n  ly, eating too much and microfotor \n icardice']"
2084," The WHO COVID-19 vaccine safety surveillance manual provides guidance to countries on the safety monitoring and adverse events data sharing for the new COVID-19 vaccinesThe GACVS COVID-19 subcommittee will continue to review the safety data from all COVID-19 vaccines and update any advice as necessary Open, transparent, and evidence-based communication about the potential benefits and risks to recipients and the community is essential to maintain trust",WHO COVID-19 vaccine safety surveillance manual,What guide provides guidance to countries on the safety monitoring and adverse events data sharing for new COVID-19 vaccines?,"['Because the safety data from all CO pet -19 vaccines is not available', 'A guide on the safety of the new vaccine', 'What we can do with the new CODA-19 vaccine safety protection manual']"
2085," WHO is carefully monitoring the rollout of all COVID-19 vaccines and will continue to work closely with countries to manage potential risks, and to use science and data to drive response and recommendationsUseful referencesWHO COVID-19 Vaccine Safety Surveillance Manual GACVS statement on myocarditis from 26 May 2021: https://wwwint/news/item/26-05-2021-gacvs-myocarditis-reported-with-covid-19-mrna-vaccineshttps://brightoncollaboration",WHO,Who monitors the rollout of all COVID-19 vaccines?,"['who is responsible for the nationwide evolution of vaccine', "" WHO's officials"", 'Vaccine Safety Manual']"
2086,"us/myocarditis-case-definition-update/Interim Clinical Considerations for Use of COVID-19 Vaccines | CDC Marshall M, Ferguson ID, Lewis P, et al Symptomatic acutemyocarditis in seven adolescents following Pfizer-BioNTech COVID-19 vaccination Published online June 4, 2021","June 4, 2021",When was COVID-19 Vaccines published online?,[]
2087,"2021-052478https://wwwgov/media/144413/download (FACT SHEET FOR HEALTHCARE PROVIDERS ADMINISTERING VACCINE (VACCINATION PROVIDERS) EMERGENCY USE AUTHORIZATION (EUA) OF THE PFIZER-BIONTECH COVID-19 VACCINE TO PREVENT CORONAVIRUS DISEASE 2019 (COVID-19)Gargano JW, Wallace M, Hadler SC, et al Use of mRNA COVID-19 vaccine after reports of myocarditis among vaccine recipients: update from the Advisory Committee on Immunization Practices – United States, June 2021",Advisory Committee on Immunization Practices – United States,Who updated COVID-19 vaccine after reports of myocarditis among vaccine recipients?,"[""A letter of thanks to the patient's mother"", 'Aided by the Council on Infection Control', 'Aspirations on preventing myopia and vaccine']"
2088," Early release; vol 7 Published online July 6, 2021 Surveillance of myocarditis (inflammation of the heart muscle) cases between December 2020 and May 2021",December 2020 and May 2021,When was the Surveillance of myocarditis?,[]
2089," Patients with acute myocarditis following mRNA COVID-19 vaccination Published online June 29, 20212828Montgomery J, Ryan M, Engler R, et al","June 29, 20212828Montgomery J, Ryan M, Engler R, et al",When was the online publication of mRNA COVID-19?,"['June 29, 200 vote28', 'April 29, 17 campuses', 'June 28, 2012 --- 22,000']"
2090," Myocarditis following immunization with mRNA COVID-19 vaccines in members of the US military Published online June 29, 20212833Centers for Disease Control and Prevention","June 29, 20212833",When was the Centers for Disease Control and Prevention published?,"['June 29, 200 belong to the US military', 'June 29 and May, 21', ' June 29, Domingome, Texas']"
2091," Myocarditis and pericarditis considerations Accessed July 7, 2021eu/en/news/comirnaty-spikevax-possible-link-very-rare-cases-myocarditis-pericarditis","July 7, 2021eu",When is myocarditis and pericarditis considered?,[]
2092,"In the context of the coronavirus disease (COVID-19) pandemic response, WHO identifies young people as a priority target audience with specific concerns, experiences and behaviours This policy brief provides relevant insights from behavioural evidence and a set of behavioural considerations for those promoting COVID-19 preventive behaviours among young people Designers of programmes and initiatives targeting youth may find it helpful to refer to the youth-specific barriers and drivers identified in this policy brief and to prioritize these for testing when planning initiatives targeted at young people",behavioural,What type of evidence does this policy brief provide relevant insights from?,"[' Behaviors', ' Behavioural', 'young people']"
2093," For more information, please contactbehaviouralDownload infographicHealthcare professionals and public health authorities have a central role in discussing vaccination against COVID-19 with their patients",COVID-19,What type of vaccine does public health authorities have a central role in discussing vaccination with patients?,"['Vaccine', 'Vaccination against CODA-19', 'Public health authorities']"
2094," Vaccines play a critical role in preventing deaths, hospitalisation caused by infectious diseases Emerging data on effectiveness indicates that licenced COVID-19vaccines are contributing to controlling the spread of the disease Until widespread vaccination has been achieved, both vaccinated and unvaccinated people need to be aware of the additional protective behaviours required to control the pandemic locally",Vaccines,What type of vaccines play a critical role in preventing deaths and hospitalisation caused by infectious diseases?,"['Vaccine', 'Vaccination and non - vaccine', 'Vaccines and infectious diseases']"
2095,The global impact of the COVID-19 pandemic has resulted in an unprecedented level of public interest in vaccines This includes a focus on the development of vaccines and their regulatory review and safety monitoring Much of this coverage has taken place through mass and social media,mass and social media,How has the coverage of the COVID-19 pandemic taken place?,"['vaccational review', 'Vaccine review', 'vaccine and safety monitoring']"
2096," Reports of adverse events (side effects) have led some people to express concerns about getting vaccinated, delay getting vaccinated or even be strongly opposed to vaccination There are also differences in individual confidence in national safety monitoring systems Another challenge in communicating the importance of COVID-19 vaccination is that younger adults are typically less clinically affected by COVID-19 infection and so may see limited value in getting vaccinated, including until further data confirms that vaccines prevent transmission and that vaccines are effective against variants",vaccines are effective against variants,What is the effect of COVID-19 vaccines on younger adults?,"['Vaccins are safe for younger adults', 'Vaccine can keep people away from disease', 'Few people are affected by CODA-19 infection']"
2097," Clear and consistent communication is therefore essential to support people in making the choice to be vaccinated We appreciate that you, your colleagues and your patients may have a number of questions around the development, regulatory review and ongoing safety monitoring of COVID-19 vaccinesPurposeThis joint International Coalition of Medicines Regulatory Authorities (ICMRA)* and WHO statement aims to help healthcare professionals answer questions about the role of regulators in the oversight of COVID-19 vaccines",the role of regulators in the oversight of COVID-19 vaccines,What does ICMRA aim to help healthcare professionals answer questions about?,"['regulations of COide-19 vaccines', 'the importance of educating consumers about CODA-19 vaccines', 'how to make the right choice to be vaccine']"
2098," It explains how vaccines undergo robust scientific evaluation to determine their safety, efficacy and quality and how safety is closely and continually monitored after approvalVaccination has been shown to contribute to reducing deaths and severe illness from COVID-19, and to reduce the transmission of COVID-19 Vaccinating as many people as possible and reducing the spread of disease is important",reducing the spread of disease,What is important about vaccines?,"['reducing deaths and severe illness', 'Saving death and disease', 'vaccination as many people as possible']"
2099," Vaccination of a significant proportion of the population also protects vulnerable people, including those who cannot receive vaccines, or the small proportion of people who might remain at risk of infection after vaccination Failure to vaccinate widely also enables continued circulation of the virus and the generation of variants, including some that may pose a greater risk Widespread vaccination will help prevent people from having to go to hospital and contribute to fewer people getting sick, ultimately alleviating the burden of COVID-19 on healthcare systems",COVID-19,What is the burden of Widespread vaccination on healthcare systems?,"['Vaccination of a large number of the population', 'Failure to vaccination', 'Vaccination of many people']"
