,context,answer,question,distractor
1100,"The ACT-Accelerator is not a decision-making body or a neworganisation, butworks to speed up collaborative efforts among existing organisations to end the pandemic It is a framework for collaboration that has been designed to bring key players around the table with the goal of ending the pandemic as quickly as possible through the accelerated development, equitable allocation, and scaled up delivery of tests, treatments and vaccines, thereby protecting health systems and restoring societies and economies in the near term It draws on the experience of leading global health organisations which are tackling the world’s toughest health challenges, and who, by working together,are able tounlock new and more ambitious results against COVID-19",COVID-19,Who is the ACT-Accelerator able to unlock new and more ambitious results against?,"['Necessary release of tests, treatments and vaccines', ' ending the pandemic', 'End the pandemaking']"
1101," Its members share a commitment to ensure all people have access to all the tools needed to defeat COVID-19 and to work with unprecedented levels of partnership to achieve itThe ACT-Accelerator has four areas of work: diagnostics, therapeutics, vaccines and the health system connectorCross-cuttingall of these is the workstream on Access & Allocation",Access & Allocation,What is the workstream of the ACT-Accelerator?,"['Diseases, comedies, vaccines and the health system', ' access & Allocate', 'The Workclass on access & Allocate.']"
1102,"COVAX announces 600000 doses of the AstraZeneca/Oxford vaccine licensed to Serum Institute of India have arrived in Accra, Ghana; further deliveries to Abidjan, Cote d’Ivoire are expected this weekFinal first round of allocations for doses of AstraZeneca/Oxford and Pfizer-BioNTech vaccines, to the majority of countries and economies participating in the COVAX Facility, anticipated to be published in coming daysBeginning of global rollout means that, as readiness criteria are met and doses produced, vaccines will be shipped to Facility participants on a rolling basis",600000,How many doses of the AstraZeneca/Oxford vaccine are announced by COVAX?,"['1,000', '50,000 to 200,000', '50,000 or so']"
1103,"Today, Ghana became the first country outside India to receive COVID-19 vaccine doses shipped via the COVAX Facility This is a historic step towards our goal to ensure equitable distribution of COVID-19 vaccines globally, in what will be the largestvaccine procurement and supply operation in history The delivery is part of a first wave of arrivals that will continue in the coming days and weeks",Ghana,What country received COVID-19 vaccines via the COVAX Facility?,"['India', 'The country', 'Vio1s']"
1104,"On 23 February, COVAX shipped 600000 doses of the AstraZeneca / Oxford vaccine, from the Serum Institute of India (SII) from Pune, India to Accra, Ghana, arriving on the morning of 24 February The arrival in Accra is the first batch shipped and deliveredin Africa by the COVAX Facility as part of an unprecedented effort to deliver at least 2 billion doses of COVID-19 vaccines by the end of 2021 COVAX is co-led by Gavi, the Vaccine Alliance, the World Health Organization (WHO) and the Coalition for Epidemic Preparedness Innovations (CEPI), working in partnership with UNICEF as well as the World Bank, civil society organisations, manufacturers,and others",23 February,On what date did COVAX ship 600000 doses of the AstraZeneca / Oxford vaccine?,"['24 January', '16 December', 'As early as January']"
1105,"“COVAX’s mission is to help end the acute phase of the pandemic as quickly as possible by enabling global equitable access to COVID-19 vaccines Today’s delivery takes us another step closer to this goal and is something the whole worldcan be proud of Over the coming weeks, COVAX must deliver vaccines to all participating economies to ensure that those most at risk are protected, wherever they live",COVID-19,What type of vaccines does COVAX deliver?,"[' COideX', ' COvinX', 'Vaccuses']"
1106," We need governments and businesses now to recommit their support for COVAX andhelp us defeat this virus as quickly as possible,” said Dr Seth Berkley, CEO of Gavi, the Vaccine Alliance""We will not end the pandemic anywhere unless we end it everywhere,"" said Dr Tedros Adhanom Ghebreyesus, WHO Director-General ""Today is a major first step towards realizing our shared vision of vaccine equity, but it's just the beginning",Vaccine Alliance,What is Gavi's CEO?,"['Vaccine Association', 'VioX', 'Gaveine Association']"
1107," We still havea lot of work to do with governments and manufacturers to ensure that vaccination of health workers and older people is underway in all countries within the first 100 days of this year""Dr Richard Hatchett, CEO of CEPI said: “This is a landmark moment in our efforts to get life-saving vaccine to the world The fact that we now have multiple safe and effective vaccines against COVID-19 developed in record time is testament to thescientific community and industry rising to the challenge of this pandemic",thescientific community and industry,What is the testament to the fact that we have multiple safe and effective vaccines against COVID-19 developed in record time?,"['Vaccination of health workers and older people', 'government and manufacturers', 'Countries taking steps to get life-saving vaccine']"
1108," With this shipment we also see the global community, through COVAX, responding to the challenge of delivering these vaccines to those who need them most Let us celebratethis as a moment of global solidarity in the struggle against the pandemic But there is still much to do",COVAX,What is the name of the global community that responds to the challenge of delivering vaccines to those who need them most?,"['A global community', 'A global organization called CO Virginia', ' deliver the vaccines for those who are in need']"
1109," With the increased spread of COVID-19 variants, we have entered a new and less predictable phase of the pandemic It is crucial that the vaccineswe have developed are shared globally, as a matter of the greatest urgency, to reduce the prevalence of disease, slow down viral mutation, and bring the pandemic to an end” “Today marks the historic moment for which we have been planning and working so hard",COVID-19 variants,What type of vaccines have increased in the pandemic?,"['The vaccine is shared worldwide', 'The growth of the pandemic', 'Why is the pandemic spread fast?']"
1110," With the first shipment of doses, we can make good on the promise of the COVAX Facility to ensure people from less wealthy countries are not left behind in therace for life-saving vaccines,” said Henrietta Fore, UNICEF Executive Director “In the days ahead, frontline workers will begin to receive vaccines, and the next phase in the fight against this disease can begin – the ramping upof the largest immunization campaign in history Each step on this journey brings us further along the path to recovery for the billions of children and families affected around the world",the COVAX Facility,What does the first shipment of vaccines promise?,"['the biggest vaccine campaign in history', 'the largest vaccine production in history in the world', 'the health care in the world']"
1111,"”The vaccines arrived on a flight from Mumbai, via Dubai, where the flight also collected a shipment of syringes from a Gavi-funded stockpile at UNICEF’s regional Supply HubOver the past several months, COVAX partners have been supporting governments and partners, particularly for AMC-eligible participants, in readiness efforts, in preparation for this moment This includes assisting with the development of national vaccinationplans, support for cold chain infrastructure, as well as stockpiling of half a billion syringes and safety boxes for their disposal, masks, gloves and other equipment to ensure that there is enough equipment for health workers to start vaccinatingpriority groups as soon as possible",vaccinatingpriority groups,What do health workers need to start as soon as possible?,"['vaccinating Important groups', 'Vaccinating priority groups', 'protecting health workers from being injured']"
1112," In order for doses to be delivered to Facility participants via this first allocation round, several critical pieces must be in place, including confirmation of national regulatory authorisation criteria related to the vaccines delivered, indemnificationagreements, national vaccination plans from AMC participants, as well as other logistical factors such as export and import licenses As participants fulfil the above criteria and finalise readiness preparations, COVAX will issue purchase orders to the manufacturer and ship and deliver doses via an iterative process This means deliveries for this first round of allocation will takeplace on a rolling basis and in tranches",in tranches,What will deliveries for the first round of allocation take place on a rolling basis?,"['by delivery', 'on arrival', 'on delivery basis']"
1113," Building on the interim distribution forecast published earlier this month, final information on the first round allocations, covering the majority of Facility participants, is expected to be communicated in the coming days COVAX has built a diverse portfolio of vaccines suitable for a range of settings and populations, and is on track to meet its goal of delivering at least 2 billion doses of vaccine to participating countries around the globe in 2021, including at least13 billion donor-funded doses to the 92 lower-income Facility participants supported by the Gavi COVAX AMC",Gavi COVAX AMC,Who supported at least 13 billion donor-funded doses to the 92 lower-income Facility participants?,"['Who would provide donation - funded vaccine to the animals? \n Gav COUVXAM', 'Came back to the low -income earners', 'CameVile Xile 2']"
1114,"Quotes from partners and donorsPresident Ursula von der Leyen, European Commission said: “I am delighted that today we have the first delivery of COVAX Vaccines in Accra, Ghana This is the moment when the long days and nights of hard work finallyshow with tangible results on the ground I want to pay tribute to the tireless efforts of our partners, Gavi, WHO and UNICEF","Gavi, WHO and UNICEF",Who are the partners of COVAX Vaccines?,"['who are the partners of CO VirginiaX vaccine', 'VioX vaccineines and Accra, Ghana', 'Guang X tide, WHO']"
1115," Team Europe will continue to stand by the people of Africa” Prime Minister Jacinda Ardern, New Zealand said: “Working towards broad global coverage of Covid-19 vaccines is both the right thing to do and the path to ending the pandemic New Zealand acknowledges the remarkablework of GAVI, CEPI, the WHO and the COVAX Facility to get to this point”",Team Europe,Who will continue to stand by the people of Africa?,"['A New Zealand government', 'The people of Africa', 'A Zealand']"
1116,"President Pedro Sánchez, Spain said: “Spain has been from the beginning at the core of the ACT Accelerator and other international initiatives to fight the virus, because only by steppingup can we be successful No one will be safe until everyone is safe”Senator the Hon Marise Payne, Minister for Foreign Affairs Minister for Women, Australia said: “In this pandemic we know no-one is safe until we all are, and to achieve that everyone must have access to safe andeffective COVID 19 vaccines",COVID 19 vaccines,What vaccines must everyone have access to?,"['AIDS vaccine', 'Coided 19 vaccine', 'Everyone can have access to the vaccine']"
1117," With the first doses now distributed, Australia is proud to support the COVAX Advance Market Commitment as it delivers access to vaccines that will protect the world’s most vulnerable” Belgian Minister of Development Cooperation Meryame Kitir welcomes the delivery of the first vaccine doses with the Covax Facility in Africa: “This is great news Belgium supports COVAX AMC because it will allowa number of countries to get access to COVID-19 vaccines",Australia,What country is proud to support the COVAX Advance Market Commitment?,"['Belgium', 'Alibaba', 'The UK']"
1118," I hope this is the beginning of a fast roll-out to reach the goal of 2 billion doses delivered this year to the participating countries all over the world”Karina Gould, Minister of International Development, Government of Canada and Gavi COVAX AMC co-chair said: “Canada has supported the COVAX Facility from the start It will bring countries together, regardless oftheir income levels, to speed up the development, manufacture and distribution of COVID-19 vaccines",2 billion,How many doses did the COVAX Facility deliver this year?,"['4 billion', '3 billion', '2.4 billion this year']"
1119," Today, we celebrate as COVAX kick starts its delivery ofthe first vaccines to Ghana This brings us one step closer to achieving coverage forall high-risk populations, including health care workers, around the world This is truly a milestone for us all",COVAX kick,What is Ghana's first vaccine?,"[' Ghanaian health care workers', ' Ghana has the first vaccine', ' Ghana']"
1120,""" Retno Marsudi, Minister of Foreign Affairs for Indonesia and Gavi COVAX AMC co-chair said: ""I am encouraged by the significant progress made by the COVAX Facility for equitable access to vaccines This first arrival ofvaccines shows that global solidarity and multilateralism work and deliver results As one of the co-chairs of the AMC Group, I welcome this milestone achievement",Retno Marsudi,Who was the Minister of Foreign Affairs for Indonesia and Gavi COVAX AMC co-chair?,"['Gav COUVXAM co-chair', 'G tsunami COVXAM Co-chair.', 'Gavio CO-chair']"
1121," I urge all countries to ensure greater access and ascertain that no one is left behind""Alessandro Rivera, Director General of the Treasury, Ministry of Economy and Finance, Italy said: “Italy is glad to see that COVAX will begin its vaccine rollout in AMC-eligible Countries in the coming days This represents a landmarkevent, since we successfully allowed poorest Countries to get access to safe and effective vaccine within months from their approval in High Income Countries",High Income Countries,Where did poorest countries get access to safe and effective vaccines within months from their approval?,"['China', 'Countries with low income', 'China and India']"
1122," Italy has supported the COVAX AMC since its inception in June 2020, and has pledged to datemore than US$ 100 million Our aim is to keep investing in multilateralism, international cooperation and solidarity, and as the current G20 Presidency we will ensure that these themes will remain at the heart of the global debate”Keiichi ONO, Ambassador of Japan for Global Issues said: “We welcome the commencement of the delivery of vaccines through the COVAX Facility as an important first step",June 2020,When did the COVAX AMC begin?,"['When did the COUVenceAM begin?', 'Before the commencement of the commencement of the vaccines', ""China's first commencement of the CO VirginiaXAM""]"
1123," Since the launch of the COVAX Facility lastJune, Japan has been contributing to the designing of unprecedented mechanism and the funding to the AMC Japan is committed to supporting to ensure equitable access to safe, effective and quality-assured vaccines” Per Olsson Fridh, Swedish Minister for International Development Cooperation, Sweden said: “Today is a hopeful day in the fight against the devastating pandemic, and a hopeful day for multilateral collaboration",the COVAX Facility,What has Japan been contributing to the design of unprecedented mechanism since the launch of?,"['the government of Japan', 'theAMC Japan', 'the PandaX Programme']"
1124," Sweden remains firmlycommitted to equitable global access to safe and effective vaccines”Foreign Secretary Dominic Raab, United Kingdom said: “Today’s rollout of vaccines to the world’s most vulnerable countries is a huge step forward in ending this pandemic As one of the biggest donorsto COVAX the UK is ensuring that more than one billion vaccine doses will be sent to 92 countries so that no one is left behind in this global fight",92,How many countries will COVAX send vaccines to?,"[' Kyoto', ' vaccine supply', '93']"
1125," We will only save lives and reduce the risk of future infections if we prevent the virus spreadingin the world’s developing countries”Dr John Nkengasong, Director, Africa Centres for Disease Control and Prevention said: ""These first deliveries of COVID-19 vaccines through COVAX are a critical moment in Africa's fight against the virus Thanks to thisglobal collaboration, additional members of key groups such as health workers and other vulnerable groups will have access to COVID-19 vaccines in the weeks to come",COVAX,What is a critical moment in Africa's fight against the virus?,"['Virus', 'Vaccuses', 'Virus-19']"
1126," This is an important step towards our continental goal of immunising at least 60%of Africa's population with safe and efficacious vaccines against COVID-19, to ease the strain on our health systems and economies and continue our work towards our continental development agenda""Thomas Cueni, Director General, International Federation of Pharmaceutical Manufacturers and Associations (IFPMA) said: “It is the first time in the history of pandemics that you will have vaccinesrolled out in a coordinated manner to LMICs in less than three months of the very first Covid vaccine being granted the go ahead by the WHO Just as the scaling up of the manufacturing from zero to millions in a matter of months is a historicachievement, the roll out to the last mile is an important milestone to mark",the roll out to the last mile,What is an important milestone to mark?,"['the vaccine being granted the go ahead', 'the ability to get the vaccine', 'the first date when the first vaccine was granted']"
1127," Manufacturers were among the founding partners of ACT-A and COVAX We have fully played our role in not only scaling up manufacturing through an amazing number of collaborationsbut also in delivering on the shared goal of fair and equitable access to vaccines But there are going to be challenges, whether in manufacturing or in delivery",ACT-A and COVAX,Manufacturers were among the founding partners of which two countries?,"['AMERICAN and CO Virginia', 'AM-A, CO Virginia,and ACT-A. CO Virginia. Ks5u', ' ACT-A and COV West side-NuV - A']"
1128, We must work together to find solutions This is how we have gotten so far in such ashort time Finger pointing and singling out manufacturers as not delivering will be counter productive,short time,How long have we gotten so far?,"['Long time', 'long time', 'long - term time for them']"
1129,"”Notes to EditorsList of donor pledges to the Gavi COVAX AMC is available hereAbout COVAX COVAX, the vaccines pillar of the Access to COVID-19 Tools (ACT) Accelerator, is co-led bythe Coalition for Epidemic Preparedness Innovations (CEPI), Gavi, the Vaccine Alliance Gavi) and the World Health Organization (WHO) – working in partnership with developed and developing country vaccine manufacturers, UNICEF, the World Bank,and others It is the only global initiative that is working with governments and manufacturers to ensure COVID-19 vaccines are available worldwide to both higher-income and lower-income countries",COVID-19 Tools,What is the ACT Accelerator?,"['Gavio COVXAM', 'GaveVX COKEX', 'Gavio CO VirginiaX']"
1130," CEPI is focused on theCOVAX vaccine research and development portfolio: investing in R&D across a variety of promising candidates, with the goal to support developmentof three safe and effective vaccines which can be made available to countries participating in the COVAX Facility As part of this work, CEPI has secured first right of refusal to potentially over one billion doses for the COVAX Facility to a numberof candidates, and made strategic investments in vaccine manufacturing, which includes reserving capacity to manufacture doses of COVAX vaccines at a network of facilities, and securing glass vials to hold 2 billion doses of vaccine CEPI is alsoinvesting in the ‘next generation’ of vaccine candidates, which will give the world additional options to control COVID-19 in the future",COVID-19,What is the next generation of vaccine candidates that CEPI is investing in?,"['Vaccine manufacturing', 'VioX vaccine research', 'Varian X vaccine research']"
1131," Gavi is focused on procurement and delivery for COVAX: coordinating the design, implementation and administration of theCOVAX Facilityand theGaviCOVAX AMCand working with its Alliance partners UNICEF and WHO, along with governments, on country readiness and delivery The COVAX Facility isthe global pooled procurement mechanism for COVID-19 vaccines through which COVAX will ensure fair and equitable access to vaccines for all 190 participating economies, using an allocation framework formulated by WHO The COVAX Facility will do thisby pooling buying power from participating economies and providing volume guarantees across a range of promising vaccine candidates",global pooled procurement mechanism,What is the COVAX Facility?,"['cooperation with WHO', 'the COV-19 vaccines', 'the COTAX ideal for all the countries']"
1132," The Gavi COVAX AMC is the financing mechanism that will support the participation of 92 low- and middle-income countriesin the Facility, enabling access to donor-funded doses of safe and effective vaccines Gavi is fundraising for the COVAX AMC, and funding UNICEF procurement of vaccines as well as partners’ and governments work on readiness and delivery, includingsupport cold chain equipment, technical assistance, syringes, vehicles, and other aspects of the vastly complex logistical operation for delivery UNICEF and the Pan-American Health Organisation (PAHO) will be acting as procurement coordinators forthe COVAX Facility, helping deliver vaccines to COVAX AMC participants and others",92,How many low- and middle-income countries participate in the Gavi COVAX AMC?,"['Low - and middle - income countries', '50 - 60 low - income countries', '92 - and - AXAM']"
1133,"WHO has multiple roleswithinCOVAX: It provides normative guidance on vaccine policy, regulation, safety, R&D, allocation, and country readiness and delivery Its Strategic Advisory Group of Experts(SAGE) on Immunization develops evidence-based immunization policy recommendations Its Emergency Use Listing (EUL) / prequalificationprogrammesensureharmonized review and authorization across member states",WHO,Who has multiple roles in COVAX?,"['who has the most important role in CO Virginia', 'Who has the largest role in COUVX?', 'coaches and bodies of experts']"
1134," It provides global coordination and member state support on vaccine safety monitoring It developed the target product profiles for COVID-19 vaccines and provides R&D technical coordination WHOleads, together with UNICEF, theCountry Readiness and Delivery workstream, which provides support to countries as they prepare to receive and administer vaccines",WHOleads,What does it provide R&D technical coordination?,"['It provides global covenanted vaccine safety monitoring. ks5u', 'A&D vaccine', 'It provides official support on vaccine safety']"
1135," Along with Gavi and numerous other partners working at the global, regional, and country-level,the CRD workstream provides tools, guidance, monitoring, and on the ground technical assistance for the planning and roll-out of thevaccines Along with COVAX partners, WHO hasdevelopedano-fault compensation schemeas part of the time-limited indemnification and liability commitmentsUNICEF is leveraging its experience as the largest single vaccine buyer in the world and working with manufacturers and partners on the procurement of COVID-19 vaccine doses, as well as freight, logistics and storage",the CRD workstream,"What provides tools, guidance, monitoring, and on the ground technical assistance for the planning and roll-out of vaccines?","['the COVax compensation scheme', 'as part of the compensation scheme', 'the Vast number of working parties']"
1136," UNICEF is alsoplaying a lead role in efforts to foster trust in vaccines, delivering vaccine confidence communications and tracking and addressing misinformation around the worldAbout CEPICEPI is an innovative partnership between public, private, philanthropic, and civil organisations, launched at Davos in 2017, to develop vaccines to stop future epidemics CEPI has moved with great urgency and in coordination with WHO in response to theemergence of COVID-19",COVID-19,What is the name of the vaccine that CEPI has moved with great urgency and in coordination with WHO in response to?,"['CEPI', 'COPEI', 'CepI']"
1137," CEPI has initiated ten partnerships to develop vaccines against the novel coronavirus The programmes are leveraging rapid response platforms already supported by CEPI as well as new partnerships Before the emergence of COVID-19, CEPI’s priority diseases included Ebola virus, Lassa virus, Middle East Respiratory Syndrome coronavirus, Nipah virus, Rift Valley Fever and Chikungunya virus",ten,How many partnerships have CEPI initiated to develop vaccines against the novel coronavirus?,"['three', 'Virus', 'Ebola virus']"
1138," CEPI also invested in platform technologies that canbe used for rapid vaccine and immunoprophylactic development against unknown pathogens (Disease X)About GaviGavi, the Vaccine Alliance is a public-private partnership that helps vaccinate half the world’s children against some of the world’s deadliest diseases Since its inception in 2000, Gavi has helped to immunise a whole generation – over822 million children – and prevented more than 14 million deaths, helping to halve child mortality in 73 developing countries",Vaccine Alliance,What is GaviGavi?,"['CEPI', ""How to save the world's children"", 'How does Gaviation work?']"
1139," Gavi also plays a key role in improving global health security by supporting health systems as well as funding globalstockpiles for Ebola, cholera, meningitis and yellow fever vaccines After two decades of progress, Gavi is now focused on protecting the next generation and reaching the unvaccinated children still being left behind, employing innovative financeand the latest technology – from drones to biometrics – to save millions more lives, prevent outbreaks before they can spread and help countries on the road to self-sufficiencyorgand connect with us onFacebookandTwitter",supporting health systems,What does Gavi do to improve global health security?,"['supporting global stockpiles', 'raisinging global stockpiles for Ebola', 'preventing diseases']"
1140,"The Vaccine Alliance brings together developing country and donor governments, the World Health Organization, UNICEF, the World Bank, the vaccine industry, technical agencies, civil society, the Bill & Melinda Gates Foundation and other privatesector partners View the full list of donor governments and other leading organizations that fund Gavi’s workhereAbout WHOThe World Health Organization provides global leadership in public health within the United Nations system",WHOThe World Health Organization,Who provides global leadership in public health within the United Nations system?,"[' WHO', 'The vaccine industry', ""The Organization of OrganizationActionable \n  Gavio's work""]"
1141," Founded in 1948, WHO works with 194 Member States, across six regions and from more than 150 offices, to promote health, keep the world safe andserve the vulnerable Our goal for 2019-2023 is to ensure that a billion more people have universal health coverage, to protect a billion more people from health emergencies, and provide a further billion people with better health and wellbeingFor updates on COVID-19 and public health advice to protect yourself from coronavirus, visitwww",a billion,How many people have universal health coverage for 2019-2023?,"['two billion', 'A billion', 'two hundred and forty']"
1142,"intand follow WHO onTwitter,Facebook,Instagram,LinkedIn,TikTok,Pinterest,Snapchat,YouTubeAbout UNICEFUNICEF works in some of the world’s toughest places, to reach the world’s most disadvantaged children Across 190 countries and territories, we work for every child, everywhere, to build a better world for everyone For moreinformation about UNICEF and its work for children, visit www",www,Where can you find more information about UNICEF and its work for children?,"['UNiceF', 'www. UNiceF.org', 'www. UNiceF Inc / Facebook. it']"
1143," For more information about COVID-19, visit www Find out more about UNICEF’s work on the COVID-19 vaccines here, or about UNICEF’s work on immunization here Follow UNICEF on Twitter and Facebook",Twitter and Facebook,Where does UNICEF follow UNICEF?,"['UNicyF', ""UNiceF's work on tobacco"", 'UNF only on tobacco']"
1144," About the ACT-AcceleratorThe Access to COVID-19 Tools ACT-Accelerator, is a new, ground-breaking global collaboration to accelerate the development, production, and equitable access to COVID-19 tests, treatments, and vaccines It was set up in response to a call from G20 leadersin March and launched by the WHO, European Commission, France and The Bill & Melinda Gates Foundation in April 2020The ACT-Accelerator is not a decision-making body or a new organisation, but works to speed up collaborative efforts among existing organisations to end the pandemic",ACT-Accelerator,What is The Access to COVID-19 Tools ACT-Accelerator?,"['AIDS', ' ACT-Ac accelerationator', 'AIDS and malaria']"
1145," It is a framework for collaboration that has been designed to bring key players aroundthe table with the goal of ending the pandemic as quickly as possible through the accelerated development, equitable allocation, and scaled up delivery of tests, treatments and vaccines, thereby protecting health systems and restoring societies andeconomies in the near term It draws on the experience of leading global health organisations which are tackling the world’s toughest health challenges, and who, by working together, are able to unlock new and more ambitious results againstCOVID-19 Its members share a commitment to ensure all people have access to all the tools needed to defeat COVID-19 and to work with unprecedented levels of partnership to achieve it","accelerated development, equitable allocation, and scaled up delivery of tests, treatments and vaccines",What is the goal of the framework for collaboration?,"['set up delivery of tests, treatment and vaccines and other things', 'decided development and fair share of tests, treatments and vaccines', 'accelerated development, equal weighting, and creasure']"
1146,"The ACT-Accelerator has four areas of work: diagnostics, therapeutics, vaccines and the health system connector Cross-cutting all of these is the workstream on Access & AllocationUpdated 21 April 2021The COVID-19 pandemic has seen unprecedented demand for COVID-19 R&D around the world, and the number of information sources and volume of information has made it hard to find relevant, comprehensive information",the number of information sources and volume of information,"What has made it hard to find relevant, comprehensive information?","['the rapidly growing number of information resources', 'the amount of technology and information available', 'the information in the world']"
1147,"To facilitate finding such information (and related resources), the WHOGlobal Observatory on Health Research & Development(hereafter called ‘R&D Observatory’) is compiling a list of COVID-19 related linksThis list is not meant to be exhaustive It aims to cover main areas relating to COVID-19 R&D, providing links to the most comprehensive and globally relevant sources of which the Observatory is aware",WHOGlobal Observatory on Health Research & Development,What is the name of the R&D Observatory?,"['A&D Health Research & Developing', 'R&D University', 'The R&d Institute on Health Research and Development']"
1148, It comprises information and resources from WHO as well as from external sources* In each case the source is given in bracketsThe list will be updated regularly,brackets,Where is the source given?,"[' sources', 'How does the source come from sources', 'where is the sources']"
1149," To suggest information or resources for consideration, please contactrd-observatory@who*Disclaimer on third party websitesInformation is organized under the following sections:WHO response to R&D for COVID 19clinical trialshealth productsfundingpublications (research)research (projects)clinical dataWHO response to R&D for COVID 19R&D Blueprint and COVID-19 (WHO)Latest information on WHO-led COVID-19 R&D Blueprint initiatives – including vaccines, therapeutics, ethics and social science",WHO,What is the WHO response to R&D for COVID 19clinical trials?,"['R&DBlue', 'R&Dblue and COffe-19', 'The R&Daniel Blueprint']"
1150, (The R&D Blueprint allows the rapid activation of R&D activities during epidemics)Clinical trialsInternational Clinical Trials Registry Platform (ICTRP) (WHO)Information on clinical trials and trial registration Clinical trials registered with the ICTRP platform can be searched and details of COVID-19 clinical trials can be downloaded in csv and xml formats,csv and xml,What formats can you download details of COVID-19 clinical trials?,"['coided andasters', ' COforet andstrina', ' dialectical and whites']"
1151,"Mapping and systematic review of Covid-19 trials (COVID-19 - living NMA initiative)A real-time monitoring and mapping of new evidence for treating and preventing COVID-19, with living mapping of trials and living synthesis of published trialsGlobal Coronavirus COVID-19 Clinical Trial Tracker (Cytel)An interactive dashboard of clinical trials on COVID-19 that can be explored by type of product, trial status and countryHealth productsVarious productsCOVID-19 products in the pipeline (WHO R&D Observatory, based on the AdisInsight database from Springer Nature)An interactive visualization and analysis by the R&D Observatory on “Health products in the pipeline … for all diseases”",COVID-19,What is the living NMA initiative?,"['C recvid-19 and COide-19', ""Vioid-19's trials"", 'Living NMA']"
1152," To see information on COVID-19 health products, scroll down to “Type of disease” in the top section of the visualization and click on the button for “R&D Blueprint pathogens” Then explore the data further by clicking on the bar for COVID-19 in chart B3COVID-19 Pipeline Tracker (Policy Cure Research)An interactive dashboard of COVID-19 therapeutics, vaccines and diagnostics in the pipeline for COVID-19 globally since January 2020",January 2020,"When was the interactive dashboard of COVID-19 therapeutics, vaccines and diagnostics in the pipeline?","['April 20', 'as soon as it appeared', 'on November-19, 2013']"
1153," Data can be explored by product type, developer and R&D development stageVaccinesCovid-19 tracker (Milken Institute)An interactive tracker of Covid-19 vaccines Data sourced from FasterCures, a centre of the Milken Institute",FasterCures,What is the centre of the Milken Institute?,"['Vaccines', 'Vaccine', 'A data tracker of learner-19']"
1154,"DiagnosticsSARS COV-2 Diagnostic Pipeline (FIND)A continually updated searchable database providing an overview of (SARS-COV2) tests that are commercially available or in development for the diagnosis of COVID-19 The information provided is submitted voluntary by thediagnostic test suppliersMedicinesCOVID-19 Dashboard (Drugsbank)An information dashboard that includes lists of experimental unapproved treatments, potential drug targets as well as information on clinical trials for COVID-19 and publications",Diagnostics,What is the name of the Diagnostic Pipeline?,"['SARS COV-2', 'A company providing test information', 'A name']"
1155,"COVID-19 Therapeutic Development Tracker (BIO)A set of interactive dashboards of the Covid-19 pipeline data from BioCentury and Biomedtracker, reviewed and annotated by BIO’s Industry Analysis Team This includes visualizations on phase/strategy, originating company headquarters, industry response, new and repurposed treatment, antiviral and vaccine candidates, and emergency use authorizationsFundingCOVID-19 R&D Tracker(Policy Cures Research)An interactive dashboard of COVID-19 funding commitments since 1 January 2020",1 January 2020,When was COVID-19 funded?,"['About half a month ago', 'before it was put into use', 'When did the funding be made']"
1156," It covers public, philanthropic & industry funding commitments and shows a number of visualizations including funding flowsCOVID Mapping (Universities Allied for Essential Medicines)An interactive dashboard and downloadable data tracking public investment in international COVID-19 R&D for medicines, vaccines and diagnosticsResearch Funding (The OECD Global Science Forum (GSF))An information resource on Covid-19 research funding initiatives/schemes, including an Excel spreadsheet on research funding worldwide available for download",an Excel spreadsheet,What is an information resource on Covid-19 research funding available for download?,"['an tables of information on research funds worldwide', 'a data tracking public investment', 'an data tracking']"
1157,"Publications (research)Global research on coronavirus disease (COVID-19)(WHO)A comprehensive multilingual, searchable database of global literature on COVID-19, which is updated dailyCOVID-19 Open Research Dataset (CORD-19) (Semantic Scholar)A free resource of scholarly articles on COVID 19 that can be downloaded, queried or set as a regular research feedResearch (projects)COVID-19 Research Project Tracker(UKCDR & GloPID-R)An interactive database of funded research projects across the world related to COVID-19, as part of the COVID CIRCLE initiative",COVID-19,What is the name of the global research on coronavirus disease?,"[' COQ-18', 'Study on COQ-19', ""Citizens'disease""]"
1158,"Clinical dataStandardized database of COVID-19 clinical data (IDDO and ISARIC)An international initiative for standardized COVID-19 clinical data collection Researchers can request access to the data held in the repositoryStar footballers, competing team captains will promote equitable global access to vaccines, treatments and diagnosticsMonday 1 February 2021, Geneva: FIFA is teaming up with the World Health Organization (WHO) to promote the need for fair access to COVID-19 vaccines, treatments and diagnostics, and to encourage people to keep practicing life-saving, everyday public healthmeasures to prevent the spread of the coronavirus and to protect health",COVID-19,What type of clinical data is ISARIC?,"['IsARIC', 'IsARic data', 'CHronic data']"
1159,"In conjunction with the FIFA Club World Cup 2020, being held in Qatar from 4 to 11 February 2021, FIFA and WHO are launching a public awareness campaign involving star footballers, through TV and in-stadium messaging, to further promote the Access to COVID-19 Tools (ACT) Accelerator initiative launched in April 2020, and to urge people to practice mask wearing, physical distancing and hand hygiene “We all have to play our part in the battle against the coronavirus We are also calling on the international community to #ACTogether to ensure a level playing field in relation to access to vaccines, treatments and diagnostic tests across theglobe,” FIFA President Gianni Infantino said during a video conference prior to the kick-off of the FIFA Club World Cup",FIFA and WHO,Who are launching a public awareness campaign in conjunction with the FIFA Club World Cup 2020?,"['Famous footballers', 'The footballers', 'Fifi, awareness and football']"
1160,"Dr Tedros Adhanom Ghebreyesus, WHO Director-General, thanked FIFA and the players for helping raise awareness on life saving interventions that all people can follow, and of the importance of intensified global support for the ACT Accelerator to ramp up development and equitable allocation of vaccines, treatments and tests to reduce severe disease and deaths caused by the coronavirus pandemic “Fairness is the foundation of football and all other sports, and this also must be the same when it comes to health,” said Dr Tedros Adhanom Ghebreyesus “The rules of the COVID-19 challenge are simple: all people at risk from the coronavirusin all countries must have equitable access to life-saving vaccines, treatments and diagnostics",WHO Director-General,Who was Dr Tedros Adhanom Ghebreyesus?,"['World Health Organization', 'Famous WHO President', 'Teddyros Adhanom Ghebreyesus']"
1161," In just nine months, the world has established these three powerful lines of defense against COVID-19 But our goal now is to ensure equitable accessand continued refinement of these tools”Dr Tedros added: “WHO is grateful to FIFA for teaming up with health partners around the world to promote the need for the fair distribution of the tools needed to defeat the coronavirus",the need for the fair distribution of the tools needed to defeat the coronavirus,What was the goal of FIFA teaming up with health partners around the world?,"['The need for the fair share of the tools', 'the need to develop the tools needed to defeat thebullvirus', 'The need to promote the fair sharing of the tools. [ : Zxxk. Com ]']"
1162,"”The new FIFA-WHO collaboration will amplify life-saving messages to a global audience with a series of promotional videos being broadcast during the FIFA Club World Cup In the videos, competing club captains reiterate the key steps for everyone to followin order to tackle and defeat the coronavirus by focusing on hands, elbow, face, distance, symptoms, masks and opening windows “It is important that we do not forget that health comes first,” said the FIFA President",FIFA Club World Cup,What event will the new FIFA-WHO collaboration broadcast?,"['Famous Club captain', 'Famous World Cup', 'Famous Global Festival']"
1163," “Only by following the advice of our medical professionals will we be able to eliminate the threat posed by COVID-19, and I call upon everyoneto follow these steps in their daily lives This advice not only protects you, but also protects your loved ones and those around you In delivering these messages during the FIFA Club World Cup, I appreciate the support given by the participatingteams and their players, coaching staff and other officials in respecting the protocols that need to be followed in order to play this tournament, and to ensure that we keep the football flame flickering brightly during these challenging times",FIFA Club World Cup,During what tournament did I appreciate the support given by the participating teams and their players?,"['The support given by the participating teams and their players', 'playing the football', 'The support of the participating teams.']"
1164,"”The video awareness campaign will feature players and head coaches from the competing teams at the FIFA Club World Cup Qatar 2020 together with FIFA Legends, and will be published on various FIFA, WHO and club digital channels, with the support of broadcastersworldwide----------------------------------Editors notes:WHO and FIFA signed a four-year collaboration in 2019 to promote healthy lifestyles through football globally More information on the WHO-FIFA memorandum of understanding can be found here",FIFA Club World Cup Qatar 2020,What event will the video awareness campaign feature players and head coaches from?,"[' WHO and soccer', 'How the video awareness campaign will be organized', 'The WHO and its digital channel']"
1165," The two organisations jointly launched the “Pass the message to kick out coronavirus” campaign in March 2020 to share advice on effective measures to protect people from COVID-19 This was followed by the #BeActive campaign in April 2020 to encourage people to stay healthy at home during the pandemic Subsequently, the global #SafeHome campaign was published in May 2020 to support women and children at risk of domestic violence, and was followed by additional follow-up messaging in August and November 2020",March 2020,When was the Pass the message to kick out coronavirus campaign launched?,[]
1166," Update hyperlinks per language (or remove link if information is not availablein that language)In April 2020, WHO and partners launched the Access to COVID-19 (ACT) Accelerator initiative to support what has become the fastest, most coordinated, and successful globaleffort in history to develop tools to fight a disease Its goal is to end the pandemic as quickly as possible by reducing COVID-19 death and severe disease through the accelerated development, equitable allocation, and scaled-up delivery of vaccines,therapeutics and diagnostics to reduce mortality and severe disease The financing gap for the ACT-Accelerator for 2021 is US$26 billion, a fraction of the projected global economic cost of up to US$9",US$26 billion,What is the financing gap for the ACT-Accelerator for 2021?,"['US$7.5 billion', 'US$7', 'US$4 million']"
1167,2 trillion if governments do not ensure developing economies have equitable access to COVID-19 vaccines Update hyperlinks per language (or remove link if information is not available in that language)COVAX announced the signing of an advance purchase agreement for up to 40 million doses of the Pfizer-BioNTech vaccine; rollout to commence with successful execution of supply agreements,2 trillion,How many COVID-19 vaccines are there?,"['2 percent', '50,000', '50 million']"
1168,"Additionally, COVAX announced that, pending WHO emergency use listings, nearly 150 million doses of the AstraZeneca/Oxford candidate are anticipated to be available in Q1 2021, via existing agreements with the Serum Institute of India (SII) and AstraZenecaCOVAX is therefore on track to deliver at least 2 billion doses by the end of the year, including at least 13 billion doses to 92 lower income economies in the Gavi COVAX AMC",at least 13 billion doses to 92 lower income economies,What is the Gavi COVAX AMC on track to deliver at least 2 billion doses by the end of the year?,"['at least 3 dollars to treat diabetes', 'at less 2 million daily courses to reach the end of the year', 'at less 2 than 3 billion daily exercises in both the Gator andAME']"
1169,"Click here for the latest COVAX supply forecastGeneva/Oslo 22 January 2021 – COVAX, the global initiative to ensure rapid and equitable access to COVID-19 vaccines for all countries, regardless of income level, today announced the signing of an advance purchase agreement withPfizer for up to 40 million doses of the Pfizer-BioNTech vaccine candidate, which has already received WHO emergency use listing Rollout will commence with the successful negotiation and execution of supply agreementsIn further support of its mission to expedite early availability of vaccines to lower-income countries and help bring a rapid end to the acute stage of the COVID-19 pandemic, COVAX also confirmed today that it will exercise an option – via an existing agreement with Serum Institute of India (SII) – to receive its first 100 million doses of the AstraZeneca/Oxford University-developed vaccine manufactured by SII",100 million,How many doses of the AstraZeneca/Oxford University vaccine will COVAX receive?,"['40 million', '85 million', '85,000']"
1170,"Of these first 100 million doses, the majority are earmarked for delivery in the first quarter of the year, pending WHO Emergency Use Listing The WHO review process, which is currently underway, follows approval for restricted use in emergency situationsby the Drugs Controller General of India earlier this month, and is a critical aspect of ensuring that any vaccine procured through COVAX is fully quality assured for international use According to the latest WHO update, a decision on this vaccine candidate is anticipated by the middle of February",February,When is a decision on the vaccine candidate expected to be made?,"['when is a vaccine candidate due to be made against,..Who comes thirdfast : d earlier (say ) or later', 'When is a decision on the vaccine candidate', 'When is the changeable date for the vaccine development']"
1171," COVAX also anticipates that, via an existing agreement with AstraZeneca, at least 50 millionfurther doses of the AstraZeneca/Oxford vaccine will be available for delivery to COVAX participants in Q1 2021, pending emergency use listing by WHO of the COVAX-specific manufacturing network for these doses A decision on this candidate is alsoanticipated by WHO in February“Today marks another milestone for COVAX: pending regulatory approval for the AstraZeneca/Oxford candidate and pending the successful conclusion of the supply agreement for the Pfizer-BioNTech vaccine, we anticipate being able to begin deliveriesof life-saving COVID-19 vaccines by the end of February",at least 50 millionfurther doses of the AstraZeneca/Oxford vaccine,How many doses of the AstraZeneca/Oxford vaccine will be available for delivery to COVAX participants in Q1 20,"['as far as the price of theAstraffico/ Oxford vaccine is', 'as much as 50 millionfurther dose of both theAstro bio / Oxford vaccine', 'at less than 50 million the present price of the ApraX']"
1172," This is not just significant for COVAX, it is a major step forward for equitable access to vaccines, and an essential part of the global effort to beat this pandemic We will only be safe anywhereif we are safe everywhere,” said Dr Seth Berkley, CEO of Gavi, the Vaccine Alliance, which leads COVAX procurement and deliveryPreparations, led by WHO, UNICEF and Gavi, are already well under way for COVAX to deliver vaccines to economies eligible for support via the COVAX AMC, with Gavi making US$ 150 million available from its core funding as initial, catalytic support forpreparedness and delivery",global effort to beat this pandemic,What is an essential part of COVAX?,"['global efforts to deliver vaccines to economies', 'global campaign to save the pandemic', 'college - selling and delivery of COX']"
1173,"“The urgent and equitable rollout of vaccines is not just a moral imperative, it’s also a health security, strategic and economic imperative,” said Dr Tedros Adhanom Ghebreyesus, Director-General of the World Health Organization “Thisagreement with Pfizer will help to enable COVAX to save lives, stabilize health systems and drive the global economic recovery”Building on the work of the past months supporting country readiness efforts, a “Country Readiness Portal” will be launched by WHO this month, which will allow AMC participants to submit final national deployment and vaccination plans (NDVPs)",WHO,Who will launch a “Country Readiness Portal”?,"['China', 'The World Health Organization', 'The World Health Party [ : Z otherwise ]']"
1174,”The COVAX Facility intends to provide all 190 participating economies with an indicative allocation of doses by the end of this month This indicative allocation will provide interim guidance to participants – offering a minimum planning scenarioto enable preparations for the final allocation of the number of doses each participant will receive in the first rounds of vaccine distributionSupply updateCOVAX now has agreements in place to access just over two billion doses of several promising vaccine candidates,two billion,How many doses of vaccine candidates does COVAX access?,"['Twelve billion', 'twenty percent', 'twelve dollars and two billion.']"
1175," Negotiations continuefor further doses to be secured through existing R&D agreements by COVAX co-lead the Coalition for Epidemic Preparedness Innovations (CEPI), through evaluations of new products with promising results and through contributions from donorsBased on this, COVAX anticipates being able to provide participating economies doses of safe and effective vaccines – enough to protect health care and other frontline workers as well as some high-risk individuals – beginning in Q1 2021 Theaim is to protect at least 20% of each participating population by the end of the year – unless a participant has requested a lower percentage of doses",unless a participant has requested a lower percentage of doses,What does COVAX expect to protect at least 20% of each participating population by the end of the year?,"['unless the participant asks for more vaccine', 'unless a member wears a lower amount of vaccine', 'unless the number of the participants is decreased']"
1176,"3 billion of these doses will be made available to the 92 economies eligiblefor the Gavi COVAX AMC by the end of 2021To meet its goal of securing two billion safe and effective vaccines in 2021, COVAX has built a diverse portfolio of vaccine candidates which mitigates the risk of a product failing development, production or regulatory processes, and ensures availabilityof products suitable for various contexts and settings This work will continue at pace to enable further supply of vaccines suitable for use across a wide range of populations and settings in 2021 and beyond",3 billion,How many vaccines will be available to the 92 economies eligible for the Gavi COVAX AMC by the end of 2021?,"['2 billion', '4 billion', '9 billion']"
1177,"“The progress in vaccine development so far has been extraordinary, and it is clear that we are now assembling the tools we need to bring the acute phase of the pandemic to an end But we cannot afford to slow our efforts given the speed with whichthis pandemic continues to wreak havoc,” said Dr Richard Hatchett, CEO of CEPI “The emergence of new variants of COVID-19 puts into sharp focus the need for us to be one step ahead of the virus by continuing to invest in vaccine R&D- specifically for next-generation vaccine candidates and to be ready for strain changes in existing vaccines - to ensure we have the tools to meet the needs of all populations in all countries for the long term",the needs of all populations in all countries for the long term,What is the need for vaccine R&D to meet?,"['the vaccine candidates', 'the needs of vaccine R&D in the near term', 'virus changes in existing vaccines']"
1178,"”Notes to editorsAbout COVAXCOVAX, the vaccines pillar of theAccess to COVID-19 Tools (ACT) Accelerator,is co-led by CEPI, Gavi and WHO – working in partnership with developed and developing country vaccine manufacturers, UNICEF, the World Bank, and others It is the only global initiative that is working with governments and manufacturers toensure COVID-19 vaccines are available worldwide to both higher-income and lower-income countriesCEPI is leading on theCOVAX vaccine research and development portfolio, investing in R&D across a variety of promising candidates, with the goal to support developmentof three safe and effective vaccines which can be made available to countries participating in the COVAX Facility",COVAXCOVAX,What is the vaccines pillar of theAccess to COVID-19 Tools Accelerator?,"[' COUV - 19', 'VioXVX', 'AT present']"
1179," As part of this work, CEPI has secured first right of refusal to potentially over one billion doses for the COVAX Facility to a numberof candidates, and made strategic investments in vaccine manufacturing, which includes reserving capacity to manufacture doses of COVAX vaccines at a network of facilities, and securing glass vials to hold 2 billion doses of vaccine CEPI is alsoinvesting in the ‘next generation’ of vaccine candidates, which will give the world additional options to control COVID-19 in the future Gavi is leading on procurement and delivery for COVAX, coordinating the design and implementation of theCOVAX Facilityand theCOVAX AMCand working with Alliance partners UNICEF and WHO, along with governments, on country readiness and delivery",CEPI,Who has secured the first right of refusal to potentially over one billion doses for the COVAX Facility to a number of candidates?,"['COPI', 'CEPI.', ' COVX facilities']"
1180," The COVAX Facility is the global pooled procurement mechanism for COVID-19vaccines through which COVAX will ensure fair and equitable access to vaccines for all 190 participating economies, using an allocation framework formulated by WHO The COVAX Facility will do this by pooling buying power from participating economiesand providing volume guarantees across a range of promising vaccine candidates The Gavi COVAX AMC is the financing mechanism that will support the participation of 92 low- and middle-income countries in the Facility, enabling access to donor-fundeddoses of safe and effective vaccines",WHO,Who created the allocation framework for COVID-19vaccines?,"['The COcaX Programme', 'The CO VirginiaX Company', 'The COV Xavier Company']"
1181," UNICEF and the Pan-American Health Organisation (PAHO) will be acting as procurement coordinators for the COVAX Facility, helping deliver vaccines to all participantsWHO has multiple roles within the COVAX: among other things it supports countries as they prepare to receive and administer vaccines and does so in partnership with UNICEF It provides normative guidance on vaccine policy, regulation, safety, R&D,allocation, and country readiness and delivery",UNICEF and the Pan-American Health Organisation,Who will be acting as procurement coordinators for the COVAX Facility?,"['UNiceF and the World Health Organization', 'The Pan-American Health Organization', ""The World's Organization and the Pan-American Health Organization. \n""]"
1182, Its Strategic Advisory Group of Experts (SAGE) on Immunization develops evidence-based immunization policy recommendations Its Emergency Use Listing (EUL)/prequalification programmes ensure harmonizedreview and authorization across member states It provides global coordination and member state support on vaccine safety monitoring,Strategic Advisory Group of Experts,What is the name of the group that develops evidence-based immunization policy recommendations?,"['Achieving evidence- based Merization Policy', 'A positions itself on Merging', 'A New type of Security Policy']"
1183," It developed the target product profiles for COVID-19 vaccines and provides R&D technical coordination Alongwith COVAX partners, it is developing a no-fault compensation scheme for indemnification and liability issues COVAX is part of the Act accelerator which WHO launched with partners in 2020",2020,What year was the Act accelerator launched?,"['olve in CODAX', 'Aided by COUV-19 partners', 'whose first product was offered']"
1184,"About Gavi, the Vaccine AllianceGavi, the Vaccine Alliance is a public-private partnership that helps vaccinate half the world’s children against some of the world’s deadliest diseases Since its inception in 2000, Gavi has helped to immunise a whole generation – over822 million children – and prevented more than 14 million deaths, helping to halve child mortality in 73 lower-income countries Gavi also plays a key role in improving global health security by supporting health systems as well as funding globalstockpiles for Ebola, cholera, meningitis and yellow fever vaccines",Vaccine Alliance,What is Gavi?,"['Vaccine Association', 'Gavade', 'Gavio']"
1185," View the full list of donor governments and other leading organizations that fund Gavi’s workhereAbout CEPICEPI is an innovative partnership between public, private, philanthropic, and civil organisations, launched at Davos in 2017, to develop vaccines to stop future epidemics CEPI has moved with great urgency and in coordination with WHO in response to theemergence of COVID-19",COVID-19,What is the name of the vaccine that CEPI has moved with great urgency and in coordination with WHO?,"['CepI', 'Cepi', 'CepI and WHO']"
1186," CEPI has initiated 11 partnerships to develop vaccines against the novel coronavirus The programmes are leveraging rapid response platforms already supported by CEPI as well as new partnershipsBefore the emergence of COVID-19, CEPI’s priority diseases included Ebola virus, Lassa virus, Middle East Respiratory Syndrome coronavirus, Nipah virus, Rift Valley Fever and Chikungunya virus",11,How many partnerships have CEPI initiated to develop vaccines against the novel coronavirus?,"['16', '9', '7']"
1187," CEPI also invested in platform technologies that canbe used for rapid vaccine and immunoprophylactic development against unknown pathogens (Disease X)About WHOThe World Health Organization provides global leadership in public health within the United Nations system Founded in 1948, WHO works with 194 Member States, across six regions and from more than 150 offices, to promote health, keep the world safe andserve the vulnerable",WHO,What organization is the WHO responsible for providing global leadership in public health?,"['The World Health Organization', "" WHO's responsibility"", "" WHO 'S duty""]"
1188," Our goal for 2019-2023 is to ensure that a billion more people have universal health coverage, to protect a billion more people from health emergencies, and provide a further billion people with better health and wellbeing For updates on COVID-19 and public health advice to protect yourself from coronavirus, visitwwwintandfollow WHO onTwitter,Facebook,Instagram,LinkedIn,TikTok,Pinterest,Snapchat,YouTubeAbout ACT-AcceleratorThe Access to COVID-19 Tools ACT-Accelerator, is a new, ground-breaking global collaboration to accelerate the development, production, and equitable access to COVID-19 tests, treatments, and vaccines",a billion,How many people have universal health coverage for 2019-2023?,"['A billion people', 'a billion people with better health', 'an average']"
1189," It was set up in response to a call from G20 leadersin March and launched by the WHO, European Commission, France and The Bill & Melinda Gates Foundation in April 2020The ACT-Accelerator is not a decision-making body or a new organisation, but works to speed up collaborative efforts among existing organisations to end the pandemic It is a framework for collaboration that has been designed to bring key players aroundthe table with the goal of ending the pandemic as quickly as possible through the accelerated development, equitable allocation, and scaled up delivery of tests, treatments and vaccines, thereby protecting health systems and restoring societies andeconomies in the near term",April 2020,When was the ACT-Accelerator launched?,[]
1190," It draws on the experience of leading global health organisations which are tackling the world’s toughest health challenges, and who, by working together, are able to unlock new and more ambitious results againstCOVID-19 Its members share a commitment to ensure all people have access to all the tools needed to defeat COVID-19 and to work with unprecedented levels of partnership to achieve itThe ACT-Accelerator has four areas of work: diagnostics, therapeutics, vaccines and the health system connector",four,How many areas of work does the ACT-Accelerator have?,"['four areas of work', 'Four areas of the work.', 'Four']"
1191," Cross-cutting all of these is the workstream on Access & AllocationThesixth meeting of the Emergency Committee convened by the WHO Director-General under the International Health Regulations (2005) (IHR) regarding the coronavirus disease (COVID-19) took place onThursday, 14 January 2021 from 12:15to16:45Geneva time (CEST)Proceedings of the meetingMembers and Advisors of the Emergency Committeewere convened by videoconference",videoconference,What was the name of the conference that was organized by the members and advisors of the Emergency Committee?,"['came out at 12:15to16:45Genev time', 'The Emergency committee', 'The meeting of the Emergency committee of the World']"
1192,"The Director-General welcomed the Committee, expressed the need for global solidarity in addressing the challenges posed by the pandemic, and emphasized the need for protection of the most vulnerable He thanked the Committee for their continued supportand adviceRepresentatives of the legal department and the Department of Compliance, Risk Management, and Ethics (CRE) briefed the members on their roles and responsibilities",the Committee,Who did the Director-General welcome?,"['the Director- General', 'The members of the meeting', 'a legal department']"
1193," The Ethics Officer from CRE provided the Members and Advisers with an overview of theWHO Declaration of Interest process The Members and Advisers were made aware of their individual responsibility to disclose to WHO, in a timely manner, any interests of a personal, professional, financial, intellectual or commercial nature that maygive rise to a perceived or direct conflict of interest They were additionally reminded of their duty to maintain the confidentiality of the meeting discussions and the work of the Committee",the Committee,Who was reminded of their duty to maintain the confidentiality of meeting discussions and the work of?,"[' WHO', 'the members and their President', 'the members of the board']"
1194," Each member who was present was surveyed and noconflicts of interest were identifiedThe Secretariat turned the meeting over to the Chair, Professor Didier HoussinProfessor Houssin also welcomed the Committee and reviewed the objectives and agenda of the meeting",the Chair,Who did the Secretariat turn the meeting over to?,"['Professor Didier Houssin', 'The Minister', 'the chair of this meeting']"
1195,"The WHO Director of the Health Emergency Information and Risk Assessment Department provided an overview of the evolution of the pandemic and the progress made on the implementation of the 30 October 2020 Temporary Recommendations WHO continues to monitorthe global risk level of the COVID-19 pandemic WHO assessed the global risk level as very high due, in part, to recent reports of new SARS-CoV-2 variants",30 October 2020,What date did the WHO Director of the Health Emergency Information and Risk Assessment Department give an overview of the evolution of the pandemic?,[]
1196,A representative of the United Kingdom of Great Britain and Northern Ireland presented on the new SARS-CoV-2 variant which is causing increased transmission but not severity of COVID-19 A representative of Denmark presented on the SARS-CoV-2 mink variantsand their response which has resulted in these variants no longer circulating in human populations The WHO Technical Lead for COVID-19 Response and an Emergency Committee Member from South Africa provided an overview of the variant detected by SouthAfrica,the new SARS-CoV-2 variant,What is causing increased transmission but not severity of COVID-19?,"['the change ofCoided-1 variant', 'the old S&ARS- CoV-2 model', 'all the three kinds of \n CO bonds']"
1197," The WHO Technical Lead then shared a global overview of SARS-CoV-2 mutations and variants as well as plans to develop and implement standard nomenclature for variants that does not reference a geographical locationThe WHO Director of the Immunization, Vaccines and Biologicals Department presented the current status of the COVID-19 vaccine landscape and introduction The Chair of the Strategic Advisory Group of Experts on Immunization (SAGE) noted available guidanceincluding WHO SAGE Roadmap for Prioritizing Uses of COVID-19 Vaccines in the Context of Limited Supply and the Interim Recommendations for Use of the Pfizer-BioNTech COVID-19 Vaccine (BNT162b2) under Emergency Use Listing",WHO Technical Lead,Who shared a global overview of SARS-CoV-2 mutations and variants?,"['Who shared a global description of SARS-CoV-19 vaccine', 'SARS-CoV-2 vaccine', ""The WHO's technical Group""]"
1198,"The Director of Air Transport Bureau of the International Civil Aviation Organization (ICAO) shared their COVID-19 activities related to testing and vaccination, including the Manual on Testing and Cross Border Risk Management Measures (Doc 10152) which provides countries with risk management strategies for international travel The WHO Unit Head of the IHR Secretariatprovided an overview of the legal provisions as well as the scientific, ethical and technological considerations for vaccination certificates related to international travelThe Committee recognized the challenges posed by some manufacturers’ delayed submission of vaccine data to WHO",the Manual on Testing and Cross Border Risk Management Measures,What document provides countries with risk management strategies for international travel?,"['the Information on examinations and vaccination ( Guinness 10052 )', 'the Information on testing and vaccination', 'the Information about Important Information']"
1199," These data delays impact WHO’s ability to provide emergency use listing which ultimately affect equitable vaccine access The Committeestrongly encourages manufacturers to provide data to WHO as rapidly as possibleThe Committee unanimously agreed that the COVID-19 pandemic still constitutes an extraordinary event, a public health risk to other States through international spread, and continues to require a coordinated international response",COVID-19 pandemic,"What pandemic still constitutes an extraordinary event, a public health risk to other States through international spread?","[' WHO', "" WHO's ability to provide information"", 'World Health risk']"
