,context,answer,question,distractor
500," Then dispose of it immediately and wash hands again;Routinely clean and disinfect surfaces after touching them Even if mothers do not have a medical mask, they should follow all the other infection prevention measures listed, and continue breastfeeding Notes to editors Download photos and b-roll from UNICEF and WHO",UNICEF and WHO,Who did download photos and b-rolls from?,"['UNYF and WHO.', 'Mothers', 'Mothers and their children']"
501," Download the report here Related links:FAQs on Breastfeeding and COVID-19About the World Health OrganizationThe World Health Organization provides global leadership in public health within the United Nations system Founded in 1948, WHO works with194 Member States, across six regions and from more than 150 offices,to promote health, keep the worldsafe and serve the vulnerable","WHO works with194 Member States, across six regions and from more than 150 offices",How does WHO work with 194 Member States?,"['It works with195 member States, all over the world', 'The World Health Organization provides global leadership in public health', ' WHO has about fifty working areas']"
502," Our goal for 2019-2023 is to ensure that a billion more people have universal health coverage, to protect a billion more people from health emergencies, and provide a further billion people with better health and wellbeingAbout UNICEFUNICEF works in some of the world’s toughest places, to reach the world’s most disadvantaged children Across 190 countries and territories, we work for every child, everywhere, to build a better world for everyone",190,How many countries and territories does UNICEFUNICEF work for?,"['2023', 'All the countries and territories.', ""200 - world's most disadvantaged children""]"
503," For more information aboutUNICEF and its work for children, visit www For more information about COVID-19, visit www Follow UNICEF on Twitter and Facebook",Twitter and Facebook,On what social networks does UNICEF follow?,[]
504,"FIFA, WHO, and the European Commission have joined forces, to launch the #SafeHome campaign to support women and children at risk of domestic violence The campaign is a joint response from the three institutions to the recent spikes in reports of domesticviolence as stay-at-home measures to prevent the spread of COVID-19 have put women and children experiencing abuse at greater riskAlmost one in three women worldwide experience physical and/or sexual violence by an intimate partner or sexual violence by someone else in their lifetime",one in three,How many women worldwide experience physical and/or sexual violence by an intimate partner or sexual violence by someone else in their lifetime?,"['one in three women worldwide experience physical and/or childhood violence', 'One in three of the women worldwide experience physical dating from experiences the survey. ks5u', 'two in three men']"
505," In a majority of cases, that violence is committed by a partner in their home - indeed, up to 38%of all murders of women are committed by an intimate partner It is also estimated that one billion children aged between two and seventeen years (or half the world’s children) have experienced physical, sexual, or emotional violence or neglectin the past yearThere are many reasons why people perpetrate domestic violence, including gender inequality and social norms that condone violence, childhood experiences of abuse or exposure to violence and coercive control growing up",one billion,"How many children have experienced physical, sexual, or emotional violence in the past year?","['seven billion', ""one billion of the world's children"", ""one fourth of the world's violence is committed by an adult""]"
506,"“Just as physical, sexual or psychological violence has no place in football, it has no place in the home” said Dr Tedros Adhanom Ghebreyesus, Director-General of the World Health Organization “We are so pleased that our partners todayare joining us to draw attention to this critical issue",Dr Tedros Adhanom Ghebreyesus,"Who said that physical, sexual or psychological violence has no place in football?","['Who said that physical, physical or psychological violence has no place in football?.', 'It is important to stop physical, psychological violence', 'DrTedrosAdhanom Fheb Space']"
507," As people are isolated at home because of COVID-19, the risks of domestic violence have tragically been exacerbated“Together with the World Health Organization and the European Commission, we are asking the football community to raise awareness to this intolerable situation that threatens particularly women and children in their own home, a place where theyshould feel happy, safe and secure,” said FIFA President Gianni Infantino “We cannot stay silent on this issue that negatively affects so many people",World Health Organization and the European Commission,What organizations have exacerbated the risks of domestic violence?,"['soccer players in their home', 'soccer fans', 'National Health Organization and the European Education ( Parents ). [ : )']"
508," Violence has no place in homes, just as it has no place in sports Football has thepower to relay important social messages, and through the #SafeHome campaign, we want to ensure that those people experiencing violence have access to the necessary support services they need”“Violence has no place in our societies,”said Mariya Gabriel, Commissioner for Innovation, Research, Culture, Education and Youth",Violence,What has no place in homes?,"['Violence. Not sports', 'Football', 'Football has the power to relay important social messages']"
509," “Women’s rights are human rights and should be protected Often abused women and childrenare afraid to talk because of fear or shame This ‘window’ to speak-up and seek help is, during confinement, even more restricted",women,What are children afraid to talk because of fear or shame?,"['children', 'Women', ""women's rights""]"
510," This is the purpose of this joint campaign which I am honoured to be part of”“We call upon our member associations to actively publish details of national or local helplines and support services that can help victims and anyone feeling threatened by violence in their locality,” added the FIFA President “We alsocall upon our members to review their own safeguarding measures using the FIFA Guardians toolkit to ensure that football is fun and safe for everyone in our game, especially the youngest members of the football family",the youngest members of the football family,What is the FIFA Guardians toolkit for?,"['those who are not interested in football', 'those who are no longer members of the football family', 'only the youngest members in the football family. ks*u']"
511,"”The five-part video awareness campaign features 15 past and present footballers - Álvaro Arbeloa, Rosana Augusto, Vítor Baía, Khalilou Fadiga, Matthias Ginter, David James, Annike Krahn, Marco Materazzi, Milagros Menéndez,Noemi Pascotto, Graham Potter, Mikaël Silvestre, Kelly Smith, Óliver Torres and Clementine Touré - who have stressed their support to addressing this critical issue The campaign is being published on various FIFA digital channels,with#SafeHomealso being supported with multimedia toolkits for the 211 FIFA member associations and for various media agencies to help facilitate additional localisation and to further amplify the message worldwideVideo 1: Survivor advice 1 Video 2: Survivor advice 2Video 3: Survivor supportVideo 4: Perpetrator adviceVideo 5: Government adviceWHO, the United Nations’ specialised health agency, and FIFA, football’s world governing body, collaborate closely to promote healthy lifestyles,which includes being free of violence,through football globally",15,How many past and present footballers are featured in the five-part video awareness campaign?,"['16', '17', '16 past and past football players']"
512," The two organisationsjointly launched the “Pass the message to kick out coronavirus” campaign in March 2020 to share advice on effective measures to protect people from COVID-19 This was followed by the#BeActivecampaign in April 2020 to encourage people to stay healthy at home during the pandemicFactsheetAccording to WHO, violence is a pervasive public health and human rights problem around the world",the “Pass the message to kick out coronavirus” campaign,What campaign did the two organisations jointly launch in March 2020 to share advice on effective measures to protect people from COVID-19?,"['the two agencies launched their first campaign', 'the "" Passthe message "" to start out awareness', 'their ""Pass on the message "" to protect people from CODA1']"
513," It affects women, men, boys and girls in all countries and cuts across boundaries of age, race, religion, ethnicity, disability, culture and wealth Statistically,women and children (both boys and girls) are most affected by violence in the home and it is often perpetrated by men they know and trustData (Source: WHO and others)Almost one in three women worldwide have experienced physical and/or sexual violence by an intimate partner or sexual violence, not including sexual harassment, by any perpetratorGlobally, 30% of women have experienced physical and/or sexual violence by an intimate partner in their lifetimeGlobally up to 38% of murders of women are committed by intimate partnersAdolescent girls, young women, women belonging to ethnic and other minorities, transwomen, and women with disabilities face a higher risk of different forms of violenceThe majority (55% to 95%) of women survivors of intimate partner violence or sexual violence do not disclose or seek any type of help or servicesBeing abused as a child or exposed to violence in the family when growing up, attitudes accepting of violence and gender inequality including gender norms increase the risk of perpetrating violence against a partner; in some settings violence is associatedwith excessive use of alcoholGlobally, over one billion children – over half of all boys and girls aged 2–17 years – experience some form of emotional, physical or sexual violence every yearThe lifetime prevalence of childhood sexual abuse is 18% for girls and 8% for boysHomicide is among the top five causes of death in adolescents, with boys comprising over 80% of victims and perpetratorsRegional statistics also exist",over 80%,What percentage of victims and perpetrators are boys?,"['4 %', '20 %', '85 %']"
514," For example in Europe, it is estimated that one in five (20%) children have experienced sexual abuse, and in the WHO European region, a quarter of women (15-49 years) have experienced intimate partner violence in theirlifetime In Latin America and the Caribbean, it is estimated that 58% of children experience sexual, physical or emotional violence each year, and 30% of women have experienced intimate partner violence in their lifetimeResourcesCOVID-19 and violence against women: What can the health sector/system do?WHO, LSHTM, SAMRC",58%,"What percentage of children experience sexual, physical or emotional violence each year?",[]
515, Global and regional estimates of violence against women: prevalence and health effects of intimate partner violence and non-partner sexual violenceWHO: Respect women: Preventing violence against womenSeven strategies to prevent violence against women - infographicsWHO: Inspire: Seven strategies for ending violence against children End Violence Against Children: Global partnership Editors Note:The World Health Organization and FIFA signed in 2019 a four-year collaboration to promote healthy lifestyles through football globally More information on the WHO-FIFAmemorandum of understandingcan be found here: https://wwwint/news-room/detail/04-10-2019-who-and-fifa-team-up-for-health,Respect women,What is the name of the WHO-FIFAmemorandum of understanding?,"['Prevent violence against children', 'Violent against children', 'Violence against women']"
516,"The Kingdom of Saudi Arabia and the World Health Organization (WHO) are working together to combat novel coronavirus (COVID-19) In support of this effort, the Kingdom of Saudi Arabia has provided US$10 million to the World Health Organization for the implementation of urgent measures to minimize the spread of the disease and to support countries with vulnerable health infrastructures Director General, Dr",the Kingdom of Saudi Arabia,Who has provided US$10 million to the World Health Organization?,"['the World Health Organization', 'The World Health organization', 'a World Health Network']"
517," Tedros Adhanom Ghebreyesus on behalf of WHO greatly appreciates this generous humanitarian gesture from the Custodian of the Two Holy Mosques, King Salman bin Abdulaziz, and Crown Prince Mohammed bin Salman, which will contribute significantly to efforts to safeguard global healthCOVID 19 is disrupting life-saving immunization services around the world, putting millions of children – in rich and poor countries alike – at risk of diseases like diphtheria, measles and polio This stark warning comes from the World HealthOrganization, UNICEF and Gavi, the Vaccine Alliance ahead of the Global Vaccine Summit on 4 June, at which world leaders will come together to help maintain immunization programmes and mitigate the impact of the pandemic in lower-income countries","World HealthOrganization, UNICEF and Gavi",Who is the Vaccine Alliance ahead of the Global Vaccine Summit?,"['The vaccineine network, UNiceF and Gchildren', 'Global vaccineine Association', 'Vacineashi']"
518,"According to data collected by the World Health Organization, UNICEF, Gavi and the Sabin Vaccine Institute, provision of routine immunization services is substantially hindered in at least 68 countries and is likely to affect approximately 80 millionchildren under the age of 1 living in these countriesSince March 2020, routine childhood immunization services have been disrupted on a global scale that may be unprecedented since the inception of expanded programs on immunization (EPI) in the 1970s More than half (53%) of the 129 countries where datawere available reported moderate-to-severe disruptions, or a total suspension of vaccination services during March-April 2020",68,How many countries are affected by routine immunization services?,"['75', '70', '50 % of the countries']"
519,"“Immunization is one of the most powerful and fundamental disease prevention tools in the history of public health,” said Dr Tedros Adhanom Ghebreyesus, WHO Director-General “Disruption to immunization programmes from the COVID-19 pandemicthreatens to unwind decades of progress against vaccine-preventable diseases like measles”“At the 4 June Global Vaccine Summit in London, donors will pledge their support to Gavi, the Vaccine Alliance, to sustain and accelerate this lifesaving work in some of the most vulnerable countries",Immunization,What is one of the most powerful and fundamental disease prevention tools in public health?,"['Vaccine', 'Vaccine vaccine', ' vaccine-preventable']"
520," From the bottom of my heart, I urge donors tofully fund the Alliance These countries, these children especially, need vaccines, and they need Gavi”The reasons for disrupted services vary",vaccines,What does the Alliance need?,"['donors', 'gave money to the network', 'Gavio']"
521," Some parents are reluctant to leave home because of restrictions on movement, lack of information or because they fear infection with the COVID-19 virus And many health workers are unavailable because of restrictionson travel, or redeployment to COVID response duties, as well as a lack of protective equipment“More children in more countries are now protected against more vaccine-preventable diseases than at any point in history,” said Dr",more vaccine-preventable diseases,What are children in more countries now protected against?,"['more disease - prevention sites', 'less disease', 'Less disease']"
522," Seth Berkley, Gavi CEO “Due to COVID-19 this immense progress is now under threat, risking the resurgenceof diseases like measles and polio Not only will maintaining immunization programmes prevent more outbreaks, it will also ensure we have the infrastructure we need to roll out an eventual COVID-19 vaccine on a global scale",global,What scale will the vaccine roll out on?,"['as long as the vaccine is developed', 'asides of COided-19', 'on the scale']"
523,"”Transport delays of vaccines are exacerbating the situation UNICEF has reported a substantialdelay in planned vaccine deliveries due to the lockdown measures and the ensuing decline in commercial flights and limited availability of charters To help mitigate this, UNICEF is appealing to governments, the private sector, the airline industry,and others, to free up freight space at an affordable cost for these life-saving vaccines",freight space,"What is UNICEF appealing to governments, the private sector, the airline industry, and others to free up?","['vaccine delivery', 'transport delays', 'commercial flights']"
524," Gavi recently signed an agreement with UNICEF to provide advance funding to cover increased freight costs for delivery of vaccines, in light of the reducednumber of commercial flights available for transport“We cannot let our fight against one disease come at the expense of long-term progress in our fight against other diseases,” said Henrietta Fore, UNICEF Executive Director “We have effective vaccines against measles, polio and cholera","vaccines against measles, polio and cholera",What vaccines do UNICEF Executive Director Henrietta Fore have?,"['vaccines to prevent polio and choler', 'vaccines to prevent polio and choleducase1nion scale.ks5u', 'Vaccines against polio and polio']"
525,"While circumstances may require us to temporarily pause some immunization efforts, these immunizations must restart as soon as possible, or we risk exchanging one deadly outbreak for another”Next week, WHO will issue new advice to countries on maintaining essential services during the pandemic, including recommendations on how to provide immunizations safelyMass immunization campaigns temporarily disruptedMany countries have temporarily and justifiably suspended preventive mass vaccination campaigns against diseases like cholera, measles, meningitis, polio, tetanus, typhoid and yellow fever, due to risk of transmission and the need to maintain physicaldistancing during the early stages of the COVID-19 pandemic",physicaldistancing,What do countries need to maintain during the early stages of the COVID-19 pandemic?,"['visit care', ' mass vaccination campaigns', ' massaccization']"
526,"Measles and polio vaccination campaigns, in particular, have been badly hit, with measles campaigns suspended in 27 countries and polio campaigns put on hold in 38 countries At least 24 million people in 21 Gavi-supported lower-income countries are atrisk of missing out on vaccines against polio, measles, typhoid, yellow fever, cholera, rotavirus, HPV, meningitis A and rubella due to postponed campaigns and introductions of new vaccinesIn late March, concerned that mass gatherings for vaccination campaigns would enflame transmission of COVID-19 WHO recommended countries to temporarily suspend preventive campaigns while assessments of risk, and effective measures for reducing COVID virus transmission were established",27,How many countries have measles and polio vaccination campaigns been suspended?,"['30', '32', '34']"
527,"WHO has since monitored the situation and has now issued advice to help countries determine how and when to resume mass vaccination campaigns The guidance notes that countries will need to make specific risk assessments based on the local dynamics of COVID-19 transmission, the health system capacities, and thepublic health benefit of conducting preventive and outbreak response vaccination campaignsBased on this guidance, and following growing concerns about increasing transmission of polio, the Global Polio Eradication Initiative (GPEI), is advising countries to start planning for the safe resumption of polio vaccination campaigns, especially in polio high-risk countries",WHO,Who has since monitored the situation and issued advice to help countries determine how and when to resume mass vaccination campaigns?,"['GpeI', 'G ProtocolI', 'G Protocoliadication Initiative']"
528,"Despite the challenges, several countries are making special efforts to continue immunization Uganda is ensuring that immunization services continue along with other essential health services, even funding transportation to ensure outreach activitiesAnd in Lao PDR, despite a national lockdown imposed in March, routine immunization in fixed sites continued with physical distancing measures in place",physical distancing measures,What kind of measures did routine immunization continue in fixed sites in Lao PDR?,"['email and social security', 'animals \n  _ untemail', ' routine rechecking in fixed sites in Lao P DR']"
529,"Notes to editorsDownload photos and broll from UNICEF and WHO New polio guidance available hereAbout the Analysis Vaccination campaignsTotal # of countries with postponed campaigns as of 15 May*Measles/ Measles Rubella/ Measles Mumps Rubella (M/MR/MMR)27Polio (IPV)7Bivalent oral poliovirus vaccine (bOPV)26Monovalent Oral Poliovirus Type 2 (mOPV2)13Meningitis A (MenA)2Yellow Fever (YF)4Typhoid (TCV)2Cholera (OCV)5Tetanus (Td)7The online immunization pulse survey was conducted with over 800 immunization experts, including representatives of Ministries of Health and global health organizations across 107 countries",107,How many countries were involved in the online immunization pulse survey?,"['1,200', '70 countries in all', '70 countries, which were participating in the survey.']"
530," 53 of these were lower-income countries supported by Gavi, theVaccine Alliance The data on campaigns is based on data reported to WHO by member states as of 15 May 2020 Data on reasons for the disrupted services also came from regions and a survey on the training platform Scholar with 1600 respondents",600,How many respondents were on the training platform Scholar?,"['50', '50,000', '50 - 50 % of the participants']"
531,"On 4 June the UK government will host the Global Vaccine Summit, which will aim to raise at least US$74 billion for Gavi, the Vaccine Alliance to protect 300 million children in 68 lower-income countries against deadly diseases from 2021-25 This funding will help support the mass vaccination campaigns and rebuilding of health systems needed overthe coming years to help address the damage done by the COVID-19 pandemic",the COVID-19 pandemic,What was the cause of the Global Vaccine Summit?,"['the mass vaccination campaigns', ""Vaccine Association's efforts"", 'the lack of health systems in many countries']"
532,"The World Health Organization provides global leadership in public health within the United Nations system Founded in 1948, WHO works with194 Member States, across six regions and from more than 150 offices,to promote health,keep the world safe and serve the vulnerable Our goal for 2019-2023 is to ensure that a billion more people have universal health coverage, to protect a billion more people from health emergencies, and provide a further billion people with betterhealth and wellbeing",a billion,How many people have universal health coverage for 2019-2023?,"['two billion', 'two people', 'two million']"
533,"The Global Polio Eradication Initiative is a public-private partnership led by national governments with six partners – the World Health Organization (WHO), Rotary International, the US Centers for Disease Control and Prevention(CDC), the United Nations Children’s Fund (UNICEF), Bill &Melinda Gates Foundation and Gavi, the vaccine alliance Its goal is to eradicate polio worldwideGavi, the Vaccine Alliance is a public-private partnership that helps vaccinate half the world’s children against some of the world’s deadliest diseases",Vaccine Alliance,What is the name of the vaccine alliance that helps vaccinate half of the world's children against some of the world's deadliest diseases,"['The Global Polidication Er virus', 'The Global Polio Eradication Initiative', 'Global polio Eradication Initiative organized nowhere theaggeworked \n :']"
534," Since its inception in 2000, Gavi has helped to immunise a whole generation– over 760 million children – and prevented more than 13 million deaths, helping to halve child mortality in 73 developing countries Gavi also plays a key role in improving global health security by supporting health systems as well asfunding global stockpiles for Ebola, cholera, meningitis and yellow fever vaccinesThe Vaccine Alliance brings together developing country and donor governments, the World Health Organization, UNICEF, the World Bank, the vaccine industry, technical agencies, civil society, the Bill & Melinda Gates Foundation and other private sectorpartners View the full list of donor governments and other leading organizations that fund Gavi’s workhere",73,How many developing countries have Gavi helped to halve child mortality?,"['70', '71', ' vaccine industry']"
535,"UNICEF works in some of the world’s toughest places, to reach the world’s most disadvantaged children Across 190 countries and territories, we work for every child, everywhere, to build a better world for everyone For moreinformation about UNICEF and its work for children, visit www",www,Where can you find more information about UNICEF and its work for children?,"['UNiceF', 'www. UNiceF. website', 'www.UNicyF']"
536," For more information about COVID-19, visit www Follow UNICEF onTwitter and FacebookThe Smithsonian Science Education Center, in collaboration with the World Health Organization(WHO) and the InterAcademy Partnership (IAP)—a partnership of 140 national academies of science, engineering and medicine—has developed “COVID-19!How can I protect myself and others?,” a new rapid-response guide for youth ages 8–17",a new rapid-response guide,What is COVID-19?,"['A partnership of feed the national oils of science, engineering and medicine. I', 'a good thing for children', 'an old and useful book']"
537," The guide, which is based on the UN Sustainable Development Goals, aims to help young people understand the science and social science of COVID-19 aswell as help them take actions to keep themselves, their families and communities safeThrough a set of seven cohesive student-led tasks, participants engage in the activities to answer questions previously defined by their peers The questions explore the impact of COVID-19 on the world, how to practice hand and respiratory hygiene andphysical distancing, and how to research more information about COVID-19",UN Sustainable Development Goals,What is the purpose of the guide?,"['UNscientific Goals.', 'Students and their families', ""UN's goals""]"
538," The final task teaches youth how they can take action on the new scientific knowledge they learn to improve their health and the health of others Each task is designed to becompleted at homeThe guide includes updated research, activities, quotes from scientists and frontline public health officials, and physical and emotional safety tips on COVID-19",COVID-19,What is a physical and emotional safety guide for youth?,"[""Youth's health"", 'Youth can learn everything on CO study', 'Talks about physical and emotional safety']"
539," It also integrates inquiry-based science education with social and emotional learning andcivic engagement“We are immensely grateful to WHO, the IAP, our colleagues at the Smithsonian and other senior project advisors and translators for their perspectives and technical support in ensuring the science is accurate,” said Carol O’Donnell,director of the Smithsonian Science Education Center “We are also grateful to the Gordon and Betty Moore Foundation for their support during the development of this module",the Gordon and Betty Moore Foundation,Who is the Smithsonian Science Education Center also grateful for?,"['the IAP, the Google University and the Gordon and Betty Moore Foundation', 'the IAP', 'the government and the IAP Research']"
540," This work represents the power of collaboration and working closelywith others across the globe, even during a time of physical distancing”“Through this project, the Smithsonian Science Education Center makes science exciting and approachable for children and youth all over the world and encourages them to learn by doing” said Dr Soumya Swaminathan, chief scientist atWHO",Dr Soumya Swaminathan,Who is the chief scientist at WHO?,"['The chief scientist of WHO', 'A scientist in the USA', 'A scientist at WHO']"
541," “With all the myths and misconceptions out there, it is important for children and youth to understand the nature of this pandemic and what can be done to prevent future pandemics from happening,”“It is so important for children—wherever they are in the world—to develop their scientific understanding and rational thinking,” said Professor Volker ter Meulen, president of IAP “Only by being able to make rationaldecisions based on the best science and evidence can any of us adjust our behavior to keep ourselves and our families safe from infections such as COVID-19”The Smithsonian Science Education Center will disseminate the information to youth worldwide in collaboration with WHO, IAP, educators, and museum and research center networks",IAP,Who is Professor Volker ter Meulen president of?,"['Children', 'T society', 'Theumers and IAP']"
542," The guide is free, will be available to youth in more than 15 languages, particularlyAfrican and Asian languages, and can be found at https://ssec About the Smithsonian Science Education CenterThe Smithsonian Science Education Center (SSEC) is transforming K–12 Education Through Science in collaboration with communities across the globe The SSECis nationally and internationally recognized for the quality of its programs and its impact on K–12 science education",Smithsonian Science Education Center,What is the name of the SSEC?,"['The Reason for its transforming K -12 Education', 'The Sphinx Science Education Center. KsEC', 'K-12 Education']"
543,"About the World Health OrganizationThe World Health Organization provides global leadership in public health within the United Nations system Founded in 1948, WHO works with194 Member States, across six regions and from more than 150 offices,to promote health, keep the worldsafe and serve the vulnerable Our goal for 2019–2023 is to ensure that a billion more people have universal health coverage, to protect a billion more people from health emergencies and provide a further billion people with better health andwell-being",a billion,How many people have universal health coverage?,"['a lot', 'two billion', 'two billion people with better health']"
544," For updates on COVID-19 and public health advice to protect yourself from coronavirus, visitwwwint and follow WHO onTwitter, Facebook, Instagram, LinkedIn, TikTok, Pinterest, Snapchat,YouTube About the InterAcademy PartnershipUnder the umbrella of the InterAcademy Partnership (IAP), more than 140 national, regional and global member academies work together to support the vital role of science in seeking evidence-based solutions to the world’s most challenging problems",COVID-19,What is the name of the document that contains information about the InterAcademy Partnership?,"['InterAcademy partnership', 'Academy partnership', 'Internet About the InterAcademy partnership']"
545,"In particular, IAP harnesses the expertise of the world’s scientific, medical and engineering leaders to advance sound policies, improve public health, promote excellence in science education and achieve other critical development goalsorg and follow IAP on Twitter https://twittercom/IAPartnership and YouTube https://www",IAP,"Who harnesses the expertise of scientific, medical and engineering leaders to advance sound policies, improve public health, promote excellence in science education and achieve other critical","[""IAP's leader"", 'whose leaders are from IAP', 'IAP and its leaders']"
546,"com/channel/UCZl-b7akbFF81bKBZsc8YbQThe World Health Organization (WHO) and UNHCR, the UN Refugee Agency today signed a new agreement to strengthen and advance public health services for the millions of forcibly displaced people around the worldThe agreement updates and expands an existing 1997 agreement between the two organizations",1997,What year did the UN Refugee Agency sign a new agreement?,"['2012', 'October 20', 'by early 1980s ( )']"
547," A key aim this year will be to support ongoing efforts to protect some 70 million forcibly displaced people from COVID-19 Around 26 million of these are refugees, 80 per cent of whom are sheltered in low and middle-income countries with weak health systems Another 40 million internally displaced people also require assistance",40 million,How many internally displaced people need assistance?,"['26 million', 'accomplished people', '26.000']"
548,"For more than 20 years, UNHCR and WHO have worked together worldwide to safeguard the health of some of the world’s most vulnerable populations They have collaborated to provide health services to refugees in every region - from the onset of an emergency and through protracted situations, consistently advocating for the inclusion of refugees and stateless people in the national public health plans of host countriesToday, the two organizations are working side by side to curb the spread of the COVID-19 pandemic and ensure that forcibly displaced people can access the health services they need, to keep safe from COVID-19 and other health challenges",UNHCR and WHO,Who have worked together to protect the health of some of the world's most vulnerable populations?,"[' refugees and stateless people', ""who have worked together to protect the health of some of the world's most vulnerable populations"", 'Overseas UN']"
549,"“UNHCR’s long-term partnership with WHO is critical to curb the coronavirus pandemic and other emergencies – day in, day out, it is improving and saving lives of millions of people forced to flee their homes,” said UN High Commissioner for Refugees, Filippo Grandi “Our strengthened partnership will directly benefit refugees, asylum seekers, internally displaced people, and those who are stateless It leads to better emergency response and will make the best use of the resources of both our two organizations for public health solutions across all our operations globally",public health solutions,What is the purpose of UNHCR's partnership with WHO?,"['build up new public health solutions', 'Better emergency response', 'uniforms and people']"
550,"”""The principle of solidarity and the goal of serving vulnerable people underpin the work of both our organizations,"" said Dr Tedros Adhanom Ghebreyesus, WHO Director-General ""We stand side by side in our commitment to protect the health of all people who have been forced to leave their homes and to ensure that they can obtain health services when and where they need them The ongoing pandemic only highlights the vital importance of working together so we can achieve more",working together,What does the ongoing pandemic highlight?,"['protecting the health of all people', 'helping the people in need', 'being side by side with vulnerable people']"
551,"""During Thursday’s signing UNHCR also joined the COVID-19 Solidarity Response Fund The Fund was launched on 13 March and has so far raised $214m to date The Fund, first-of-its-kind, allows individuals, companies, and organizations all over the world to directly contribute to the global response being led by WHO to help countries prevent, detect and respond to COVID-19",13 March,When was the COVID-19 Solidarity Response Fund launched?,"['8 March', '20 March', '16 November']"
552,"A $10 million contribution from the Solidarity Response Fund will support UNHCR’s work on urgent needs such as risk communication and community engagement around hygiene practices; provision of hygiene and medical supplies and the establishment of isolation units in countries such as Jordan, Kenya, Lebanon, South Sudan and UgandaThe funds will also support innovative global preparedness activities“By joining forces with the Solidarity Response Fund, UNHCR can work together on the ground with WHO to better ensure that the preparedness, prevention and public health response measures to COVID-19 are in place and that much-needed aid can reach refugees, displaced people and their host communities,” said Grandi",$10 million,How much does the Solidarity Response Fund contribute to UNHCR?,"['$ 7 million', '$5 million, including the development of social activities', '$ 7 million, including risk communication']"
553,"For more information on UNHCR's COVID-19 operationsFor information about WHO's COVID-19 operations and work on Refugee and Migrant HealthSolidarity Response FundThe Fund was launched at WHO’s request by the UN Foundation and the Swiss Philanthropy Foundation in mid-March and it is only way for companies and individuals to contribute directly to the work of WHO and partners on the ground, and the fastest way to get resources where they are needed most urgently More than $100m from the Fund has already been disbursed, ensuring early vital work in the long fight against the pandemicUNHCRUNHCR, the UN Refugee Agency, leads international action to protect people forced to flee their homes because of conflict and persecution",UNHCR,WHO's COVID-19 operationsFor more information about WHO's COVID-19 operations and work on Refugee and Migrant HealthS,"['the UN Foundation', 'helping people to fled their homes', 'the Swiss Philanthropy Foundation']"
554," We deliver life-saving assistance like shelter, food and water, help safeguard fundamental human rights, and develop solutions that ensure people have a safe place to call home where they can build a better future We also work to ensure that stateless people are granted a nationalityUNHCR is taking measures to help respond to the COVID-19 public health emergency and prevent further spread",prevent further spread,What does the UNHCR do to help respond to the COVID-19 public health emergency?,"['deliver life-saving assistance', 'help safeguard human rights', 'prevent stateless people suffering from bad health']"
555," Working together with governments, UNHCR ensures refugees are included in national health response plans and are well-informed on how to prevent the spread of COVID-19, have access to soap and clean water, and continue to receive the life-saving aid and assistance they needThe World Health OrganizationThe World Health Organization provides global leadership in public health within the United Nations system Founded in 1948, WHO works with194 Member States, across six regions and from more than 150 offices,to promote health, keep the world safe and serve the vulnerable",the world safe and serve the vulnerable,What is the purpose of the WHO's work?,"['people can get the life-saving aid and assistance', 'people should take good care of their children', 'the world safe but not safe']"
556," Our goal for 2019-2023 is to ensure that a billion more people have universal health coverage, to protect a billion more people from health emergencies, and provide a further billion people with better health and wellbeingFor updates on COVID-19 and public health advice to protect yourself from coronavirus, visitwwwintand follow WHO onTwitter,Facebook,Instagram,LinkedIn,TikTok,Pinterest,Snapchat,YouTube",health emergencies,What is the goal of COVID-19?,"['health insurance', 'people with better health', ""people's health insurance""]"
557,"Message from Dr Tereza Kasaeva, Director, WHO Global TB ProgrammeWHO / Elena LongariniDear colleagues, partners and friends, The current COVID-19 crisis has been a test for countries, health systems, key stakeholders, and those delivering health services at the front line In the presence of new health threats like COVID-19,it has become even more critical to protect those most vulnerable and ensure continuity of care for those grappling with ongoing epidemics like tuberculosis (TB) This is a time for resilience, rapid learning and urgent action to save lives",a test,"What has the current COVID-19 crisis been for countries, health systems, key stakeholders and those delivering health services at the front line?","['a health problem', 'a health risk.', 'a health threat-19']"
558," At theforefront of these efforts are the health heroes: nurses, doctors and other health workers Today on International Nurses Day I would like to salute their tireless dedication to alleviate suffering and save lives, at the risk of their ownAs we look forward to the easing of lockdown measures across many countries over this week and the coming weeks, we need to take the opportunity to build on lessons learned and put in place measures to mitigate future crises and disruptionof health services for those in need",the risk of their own,"What do nurses, doctors and other health workers do today on International Nurses Day?","['their work is great', 'their duty is to cure suffering and save lives', 'their duty is to service the people in need']"
559,"Since January 2020, when Dr Tedros Adhanom Ghebreyesus, WHO Director-General declared the novel coronavirus outbreak (2019-nCoV) a Public Health Emergency of International Concern, the WHO Global TBProgramme with Regional and Country Offices, in close collaboration with partners and civil society has been monitoring the impact of the COVID-19 pandemic and providing guidance and technical support to countries We are also collating data and experiencesof COVID-19 patients with concurrent or previous history of TB to document the natural history of disease and outcomes in these patients Here are a few highlights:January onwards (still ongoing): Regular coordination with WHO Regional and Country Offices, partners and civil society to monitor impact of COVID-19 on TB services",January,When was the novel coronavirus outbreak declared a Public Health Emergency of International Concern?,"['October 20th', 'April 20', 'September 20, 2020']"
560," Technical assistance, guidance and support is being provided tocountries on service delivery, infection control, and drug and diagnostics supply managementMarch: On 20 March, WHO issued an information note on considerations for TB services during the COVID-19 crisis The note was developed with inputs from WHO regional and country offices, key partners and civil society including, USAID,Stop TB Partnership, Global Fund and the WHO Civil Society Taskforce on TB",WHO Civil Society Taskforce on TB,What was the name of the group that developed the information note?,"[' WHO regional offices', 'The information note on TB', 'What is known about TB?']"
561," On 24 March, WHO organized an Online Talk Show on World TB Day, with a keynote speech delivered by Dr Tedros Adhanom Ghebreyesus, WHO Director-General Dr Tedros highlightedthe importance to continue efforts to tackle longstanding health problems, including TB during global outbreaks such as COVID-19 He said, “COVID-19 is highlighting just how vulnerable people with lung diseases and weakened immune systemscan be",24 March,On what date did WHO organize a Talk Show on World TB Day?,[]
562," The world committed to end TB by 2030; improving prevention is key to making this happen Millions of people need to be able to take TB preventive treatment to stop the onset of disease, avert suffering and save lives"" Following the TalkShow a joint virtual townhall was organized with Stop TB Partnership on TB and COVID",2030,By what year did the world commit to end TB?,"['506', '1630', 'by the year 2010']"
563,April: Scientific Brief on BCG vaccination and COVID-19 was released on 12 April Two webinars were organized at the end of April jointly by WHO and the Stop TB Partnership on TB and COVIDMay: WHO modelling and analysis on impact of COVID-19 on TB mortality was published on 4 May,12 April,When was the Scientific Brief on BCG vaccination released?,"['4 May', 'April', '7 May']"
564," Modelling is being used to inform planning and budgeting for TB prevention and care and to provide a basis for funding requirements Ananalysis was also undertaken across 6 WHO Regions on the impact of COVID-19 on the implementation of National TB ProgrammesIn parallel with these efforts to tackle TB and COVID-19, continue our core functions for the global TB response",TB prevention and care,What is modelling being used to inform planning and budgeting?,"[' TB planning and budgeting', 'Planning and budgeting', 'B TB planning']"
565," This includes the development and roll out of new guidelines, in March we released new guidelines on TB preventive treatment Countries continueto be supported to, build their capacity, implement new guidelines, ensure continuity of care and strengthen accountability We are also working on the finalization of the Global TB Strategy for TB Research and Innovation and the UN Secretary General2020 Progress Report on TB",the UN Secretary General2020 Progress Report on TB,What is the finalization of the Global TB Strategy for TB Research and Innovation?,"['the first day of the formal TB Days', 'the plan of the Global TB Days for TB Research and Innovation of its true necessityfinding Time 4 Office to Mark on TB. on TB. \n', 'the report on the Global TB strategy for Research and Innovation']"
566," The coming months will be critical for all of us, especially for those affected by both TB and COVID-19 We need to focus on the following key actions:Ensure effective infection prevention and control measures, to protect the health and safety of health workers, staff, and patients Personal protective equipment should be provided for all health staff involved in care delivery forboth TB and COVID-19",Personal protective equipment,What should be provided for all health staff involved in care delivery for both TB and COVID-19?,"['Ensure effective infection prevention and control measures', ' TB and COID-19', 'When and where they will use their protection equipment']"
567,"Stand against stigma and discrimination and promote the human rights of the most vulnerable Stigma and fear around communicable diseases like TB and COVID-19 hamper the public health response Governments, citizens, media and communitieshave an important role to play in preventing and stopping stigma",TB and COVID-19,What diseases hamper the public health response?,"['Stamina and fear around Communicative diseases', ' TB and coli-19, and TB-O-19', 'Albert, TB, TB and TB are all present']"
568,"Scale up simultaneous testing for TB and COVID-19, taking into consideration similarity of symptoms (cough, fever and difficulty breathing), and based on exposure or presence of risk factors As countries prepareto share existing molecular platforms for COVID-19 testing, it will be essential to maintain current molecular diagnostic services for TB patientsPromote access to people-centered prevention and care services",TB patients,What type of patients will need to maintain current molecular diagnostic services?,"['B TB patients. Ks5u', 'B patients', 'only TB and TB.']"
569," Home-based and community-based prevention and care should be strongly preferred over hospital treatment for TB patients (unless serious conditions requirehospitalization) to reduce opportunities for transmission This includes WHO recommended, all-oral TB treatments for multidrug-resistant TB and extensively drug-resistant TB Digital adherence technologies can help bridge the gap in communication",unless serious conditions requirehospitalization,What does TB patients need to be treated with home-based and community-based prevention and care?,"['unless serious conditions require hospital treatment', 'unless there are serious TB conditions', 'unless it is necessary for them to receive hospital treatment']"
570,"TB preventive treatment should be ensured for household contacts, especially given increased risk of exposureBuild and strengthen community, youth and civil society engagement to close gaps in care Community health workers, youth volunteers and civil society can be engaged in reaching those at risk or those affected byTB and/or COVID-19 with care",TB preventive treatment,What should be ensured for household contacts?,"['Family members', 'thousands of household contacts', 'oring of the family']"
571," We need to harness the potential of these groups while ensuring effective infection control and protective measures for them Please do read the touching story from China below about Xu Xinghua- a TB survivor whois now working as a volunteer and peer consultant for TB patients through an online peer-to-peer support group in China With the outbreak of COVID-19 in the beginning of 2020, Xu has had to go beyond the line of duty to ensure that people withTB get uninterrupted treatment",Xu Xinghua,Who is a TB survivor who is now working as a volunteer and peer consultant for TB patients through an online peer-to-,"['a TB survivor', 'A TB survivor who is now working as a volunteer and peer consultant for TB patients', 'A volunteer']"
572,"Dear colleagues, partners and friends; the COVID-19 pandemic has highlighted the need for more preparedness and solidarity to ensure access to health care in times of crisis We must learn from this experience and emerge victorious The commitments made,and targets set by Heads of State and other leaders to accelerate action to end TB must be kept even in crisis, backed by adequate investments",backed by adequate investments,What do Heads of State and other leaders want to keep in crisis?,"['brought up with new measures', 'bought more preparedness andarity to ensure access to health care in times of crisis', 'followed the path of end TB']"
573," We need to do this to protect the lives of millions of people struggling with TB each day, and to sustainthe gains we have made in the fight against TBThe time is now for solidarity and action Let us join forces and step up the fight to end TB and COVID-19 – only united will we succeed",to protect the lives of millions of people struggling with TB each day,What do we need to do to protect the lives of millions of people struggling with TB each day?,"['to join forces and step up the fight to end TB', 'to support the gains we have made in the fight against TB', 'for all the people to fight against TB']"
574,"Dr Tereza KasaevaDirectorGlobal TB ProgrammeWorld Health Organization#ThanksHealthHeroesThe caretaker buddy: Peer-to-peer support for TB patientsXu Xing-hua (Yunnan, China)WHO / Xu ZixiangXu Xinghua is a volunteer and peer consultant for tuberculosis (TB) patients for 57 Zone, an online peer-to-peer support group in China With the outbreak of COVID-19 in the beginning of 2020, Xu has had to go beyond the line of duty to ensure thatpeople with TB get uninterrupted treatmentRead moreWHO Information Note and Q&Aon TBand COVID-19New WHO recommendations to prevent tuberculosis aim to save millions of livesThe WHO Global TB Programme, along with WHO regional and country offices, has developed an Information Note, in collaboration with stakeholders",WHO Global TB Programme,What organization has developed an Information Note in collaboration with stakeholders to prevent tuberculosis?,"['Xu Xinghua', 'The Information Note', 'The information note']"
575," This note is intended to assist national TB programmes and health personnel to urgently maintain continuityof essential services for people affected with TB during the COVID-19 pandemic, driven by innovative people-centred approaches, as well as maximizing joint support to tackle both diseasesRead the Information NoteAccess the new Q&A  on TB & COVID-19WHO Modelling analysis: Predicted impact of the COVID-19 pandemic on global deaths in 2020WHO has released results of modelling work undertaken on the predicted short-term impact of the COVID-19 pandemic on TB deaths in 2020",2020,What year did WHO release results of modelling work on the predicted short-term impact of the COVID-19 pandemic on TB deaths?,"[' 2014', '20th December', 'by the end of the pandemine']"
576," Results indicate that TB mortality will significantly increase in 2020 and will primarily affect the mostvulnerable TB patients If global TB case detection decreases by an average 25% over a period of 3 months (as compared to the level of detection before the pandemic), an additional 190 000 TB deaths are predicted (a 13% increase), bringingthe total to 166 million TB deaths in 2020",166 million,How many TB deaths are predicted in 2020?,"['22 billion', '195,000.', '200,000 TB deaths']"
577," This number is near the global level of TB mortality of the year 2015, a serious setback in the progress towards the targets of the UN High-Level Meeting on TB and WHO End TB StrategyRead the analysisCommunity-based health care, including outreach and campaigns,in the context of the COVID-19 pandemicCommunity-based health care is an essential part of primary care at all times; in the context of the COVID-19 pandemic, the distinct capacity of trusted community members for social engagement and delivering care where it is needed is evermore critical This joint WHO, UNICEF and IFRC guidance addresses the role of community-based health care in the pandemic context",2015,What year is the global level of TB mortality near the global level?,"['October 20', 'China and WHO', 'October 20 - 19']"
578," These include a slow-down of routine and facility-based case finding and diagnosis across all WHO regions; human resources for TB increasingly engaged in COVID-19 response efforts; drop in TBcase notifications in several high burden countries; lack of real-time TB surveillance data that hampers countries’ ability to assess the situation in terms of decrease in case notifications and access; various levels of disruption in all6 WHO regions concerning procurement and supply of medicines and diagnostics Stock-out situations and stock shortages are noted in in several regions and a decline in routine, facility-based TB treatment services is observed in all regions Countrieshave been advised by WHO to shift to the provision of outpatient, community-based TB treatment and care services",COVID-19,What type of response efforts are human resources for TB increasingly engaged in?,"['Lack of real-time TB cross - country data', 'Larger TB window', 'ases in TB cases.']"
579,"However, in parallel, positive steps have been taken by countries, with some implementing innovative, people-centered case finding strategies Different approaches are being used in countries to dispense medications to patients at home, includingthrough greater engagement of community and civil society actors in service deliveryJoint WHO and Stop TB Partnership Webinars:Coping with TB during the COVID-19 crisisAccess the webinar and presentationshere",COVID-19 crisis,When did WHO and Stop TB Partnership Webinars:Coping with TB during the crisis?,"[' WHO and Stop TB partnership Webinars.', 'When was the time?', 'When did stop TB partnership Webinars']"
580,"Scientific Brief:Bacille Calmette-Guérin (BCG) vaccination and COVID-19There is no evidence that the Bacille Calmette-Guérin vaccine (BCG) protects people against infection with COVID-19 virus Two clinical trials addressing this question are underway, and WHO will evaluate the evidencewhen it is available In the absence of evidence, WHO does not recommend BCG vaccination for the prevention of COVID-19",BCG vaccination,WHO does not recommend what for the prevention of COVID-19?,"['Bacille Calmette-Guancerin vaccine', 'coided vaccine', 'VacilleCalmettey-Guiceregard-19 virus']"
581,"Close to 400,000 Libyans have been displaced since the start of the conflict nine years ago – around half of them within the past year, since the attack on the capital, Tripoli, startedDespite repeated calls for a humanitarian ceasefire, including by the United Nations Secretary-General, hostilities continue unabated, hindering access and the delivery of critical humanitarian supplies Humanitarian workers face significant challenges every day to carry on with their mission",humanitarian ceasefire,What did the United Nations Secretary-General call for?,"['the delivery of critical humanitarian supplies', 'the situation of the situation', 'humani supplies']"
582," In March 2020, humanitarian partners reported a total of 851 access constraints on movement of humanitarian personnel and humanitarian items within and into LibyaThe situation for many migrants and refugees is especially alarming Since the start of this year, more than 3,200 people have been intercepted at sea and returned to Libya","3,200",How many people have been intercepted at sea since the start of this year?,"['851 access rules on movement of humanitarian goods', '751 access limitation', '851']"
583, Many end up in one of the eleven official detention centers Others are taken to facilities or unofficial detention centers to which the humanitarian community does not have access The United Nations has repeatedly reiterated that Libya is not a safe port and that persons rescued at sea should not be returned to arbitrary detention,eleven,How many official detention centers are there?,"['set up by the government', 'Eleven', 'Some of them']"
584,"Women and children continue to bear the brunt of the ongoing armed conflict in Libya: over the past year, the United Nations verified 113 cases of grave violations, including killing and maiming of children, attacks on schools, and health facilities Hospitals and health facilities have been targeted by shelling, further disrupting Libya’s fragile health system Since the beginning of the year, at least 15 attacks have damaged health facilities and ambulances and injured health care workers",15,How many attacks have damaged health facilities and ambulances?,"['18', '26', '10']"
585," These attacks are a blatant violation of international humanitarian law and even more egregious during the COVID-19 pandemicThe onset of the coronavirus in Libya poses yet another strain on the already overstretched health system, and further threatens the most vulnerable people in the country As of May 13, there were 64 confirmed cases of COVID-19, including three deaths, in different parts of the country",three,How many deaths were there in Libya as of May 13?,"['four times', 'one person died of CODA-19 in Libya as of May 13', 'four']"
586," This shows that local/community transmission is taking place The risk of further escalation of the outbreak is very highFood security, already a challenge, is being compromised by the spread of COVID-19 and its socioeconomic impact on Libyan families",COVID-19,What is the name of the outbreak that is being compromised by the spread of food security?,"['Warm food security', 'Food security', ' donation security']"
587," Latest market assessments show that most cities are facing shortages of basic food items coupled with an increase in prices Limited market availability of goods and higher prices are impacting plans, as are supply chain disruptions Continued support to food security inside the country is essential so that this health crisis does not worsen by becoming a food crisis",food crisis,What is a health crisis that does not worsen by continuing support to food security in the country?,"['food supply', 'food supply shortage.,', ""food supply shortage health crisis's effects""]"
588,"We urge all parties to the conflict to protect vital water supply facilities We are acutely alarmed that water facilities have been deliberately targeted or indiscriminately attacked This affects thousands of women and children and impedes efforts to implement basic virus prevention measures, such as hand-washing",hand-washing,What is one of the basic virus prevention measures?,"['virus prevention measures', 'Water facilities', 'water facilities being used in the conflict']"
589,"We support the Secretary-General’s call for a global ceasefire and a humanitarian pause to save lives and enable the Libyan authorities and their partners to devote their energies to stopping the spread of COVID-19 The international community must not turn a blind eye to the conflict in Libya and its catastrophic effect on civilians, including migrants and refugees, across the countryDespite enormous challenges, the UN and our humanitarian partners have continued to reach the most vulnerable people in Libya",humanitarian pause,What does the Secretary-General call for to save lives?,"['a globalcelebice', 'human rights increase', 'human rights movement in Libya through guitararrife \n stopping']"
590," Funds are urgently required, including for vital enabling services such as the United Nations Humanitarian Air Service, if we are to continue meeting emergency needs We look forward with anticipation to the pledged financial support to the Humanitarian Response Plan for Libya, as announced by the Government of National Accord Donors have been supportive",Government of National Accord Donors,Who has been supportive of the Humanitarian Response Plan?,"['The United Nations Humanhua Air Service', 'The National Health Council', 'The Humanities Humanitarian Response Plan']"
591, We ask that they continue to show their generosity and stand by the people of Libya in their quest for peace and in this moment of great needSignatories:UN Under-Secretary-General for Humanitarian Affairs Mark LowcockUN High Commissioner for Refugees Filippo GrandiExecutive Director of UNICEF Henrietta ForeExecutive Director of UN Population Fund Dr Natalia KanemExecutive Director of the World Food Programme David BeasleyDirector-General of World Health Organization Dr,David Beasley,Who is the Director General of World Health Organization Dr Natalia Kanem?,"['Nappal Kanem', 'David Ndisem', 'Nanny Kanom']"
592," Tedros Adhanom GhebreyesusDirector General of International Organization for Migration António VitorinoDespite the human suffering caused by COVID-19, this health emergency and our efforts to contain it are turning our attention to some of the more fundamental, systemic, causes of ill health related to the ways in which we organize our societies and interact with the environmentAs terrible and unwelcome as the current situation is, with so many people suffering and the world economy paralyzed, it is up to all of us to emerge stronger and more resilient than ever before",the environment,What is one of the causes of ill health?,"[""people's suffering"", 'the people who are suffering', 'the human suffering']"
593,"That is why we would like to ask you to join us in collecting “clean, healthy memories"" to build back betterPlease share the experiences you are havingduring the coronavirus lockdown (good or bad) to inspire us in the green and healthy recovery we needSend us pictures of the blue skies, the clean waters, the vibrant nature blooming around you",coronavirus lockdown,What type of lockdown is good or bad?,"['coronavirus Ebola', 'coronavirus shortage', 'Coronav virus shortage']"
594," Send us pictures of acts of kindness from neighbors and friends, of the ways in which you have found comfort and mental and physical well-being in these difficult times Send us pictures of your city turned more people-friendlyThis photo collection will become part of our Manifesto for a healthier and greener recovery to inspire us to imagine a ""new normal"" and call on global leaders to build the future we needYou do not need to be a professional photographer or have a special camera, and anyone can participate, as long as you are the owner of the photos and give us permission to use and share them",Manifesto for a healthier and greener recovery,What will this photo collection become part of to inspire us to imagine a new normal?,"['Send us pictures of acts of kindness', 'Gestures of kindness from neighbors and friends', 'send people pictures of their city']"
595," Please send us your picture/s at carbonfootprint@whoint, using the title ""Healthy Memories"" and including the sentence "" I confirm I am the author of these pictures and I give permission to WHO to use and display these pictures""Cities have provided more space for cyclists and pedestrians during lockdown, encouraging physical activity and reducing air pollution",carbonfootprint,What is the name of the picture sent to WHO?,"[' photos', ' Healthy Memories', ' Healthy memories ( carbonfootprint )']"
596," (Credit: Jackman Chiu)With lockdown measures in place in many parts of the world to limit the spread of COVID-19, many people are re-appreciating the need for green spaces and infrastructure for cycling and walking within their citiesTobacco kills more than 8 million people globally every year More than 7 million of these deaths are from direct tobacco use and around 1",1,How many people are re-appreciating the need for green spaces and infrastructure for cycling and walking within their cities?,"['Why many people are re -appreciating the need for building up their cities.', '7', ' 7 million people are killed by direct tobacco use']"
597,"2 million are due to non-smokers being exposed to second-hand smoke Tobacco smoking is a known risk factor for many respiratory infections and increases the severity of respiratory diseases A review of studies by public health experts convened by WHO on 29 April 2020 found that smokers are more likely to develop severe disease with COVID-19, compared to non-smokers",2 million,How many non-smokers are exposed to second-hand smoke?,"['3 million', 'Non - smokers', '2-hand smoke']"
598," COVID-19 is an infectious disease that primarily attacks the lungs Smoking impairs lung function making it harder for the body to fight off coronaviruses and other diseases Tobacco is also a major risk factor for noncommunicable diseases like cardiovascular disease, cancer, respiratory disease and diabetes which put people with these conditions at higher risk for developing severe illness when affected by COVID-19",COVID-19,What is an infectious disease that primarily attacks the lungs?,"['Cancer of the lung', 'obesity', 'obesity and other diseases']"
599," Available research suggests that smokers are at higher risk of developing severe disease and death  WHO is constantly evaluating new research, including research that examines the link between tobacco use, nicotine use, and COVID-19 WHO urges researchers, scientists and the media to be cautious about amplifying unproven claims that tobacco or nicotine could reduce the risk of COVID-19",nicotine,What type of use does WHO examine the link between tobacco use and COVID-19?,"['tobacco', 'tobacco use', 'obacco']"
