,context,answer,question,distractor
0,"The four leading international health and humanitarian organizations announced today the establishment of a global Ebola vaccine stockpile to ensure outbreak response The effort to establish the stockpile was led by the International Coordinating Group (ICG) on Vaccine Provision, which includes the World Health Organization (WHO), UNICEF, the International Federation of Red Cross and Red Crescent Societies (IFRC), and Médecins Sans Frontières (MSF), with financial support from Gavi, the Vaccine Alliance The stockpile will allow countries, with the support of humanitarian organizations, to contain future Ebola epidemics by ensuring timely access  to vaccines for populations at risk during outbreaks",Vaccine Alliance,What is Gavi's name?,"['Ebola vaccine shortages', 'Vaccine vaccine Organization', 'A Global Ebola vaccine stock']"
1,"The injectable single-dose Ebola vaccine (rVSV∆G-ZEBOV-GP, live) is manufactured by Merck, Sharp & Dohme (MSD) Corp and developed with financial support from the from the government of the United States of America (USA) The European Medicines Agency licensed the Ebola vaccine in November 2019, and the vaccine is now prequalified by WHO, and licensed by the US Food and Drug Administration as well as in eight African countries",eight,How many African countries have the Ebola vaccine?,"['Twenty - six countries', 'Twenty countries', 'seven countries and eight countries.']"
2,"Before achieving licensure, the vaccine was administered to more than 350,000 people in Guinea and in the 2018-2020 Ebola outbreaks in the Democratic Republic of the Congo under a protocol for “compassionate use” The vaccine, which is recommended by the Strategic Advisory Group of Experts (SAGE) on Immunization for use in Ebola outbreaks as part of a broader set of Ebola outbreak response tools, protects against the Zaire ebolavirus species which is most commonly known to cause outbreaks “The COVID-19 pandemic is reminding us of the incredible power of vaccines to save lives from deadly viruses,” said Dr Tedros Adhanom Ghebreyesus, WHO Director-General",Dr Tedros Adhanom Ghebreyesus,Who is the WHO Director-General?,"['The WHO Director-General', 'A scientist on vaccine', 'The vaccine is well received in Guinea.']"
3," “Ebola vaccines have made one of the most feared diseases on earth preventable This new stockpile is an excellent example of solidarity, science and cooperation between international organizations and the private sector to save lives”UNICEF manages the stockpile on behalf of the ICG which, as with stockpiles of cholera, meningitis and yellow fever vaccines, will be the decision-making body for its allocation and release","cholera, meningitis and yellow fever",What types of vaccines will UNICEF manage?,"['cholero and mening Lei', 'Cholera and meningworth', 'yellow fever and other types of vaccines']"
4, The stockpile is stored in Switzerland and ready to be shipped to countries for emergency response The decision to allocate the vaccine will be made within 48 hours of receiving a request from a country; vaccines will be made available together with ultra-cold chain packaging by the manufacturer for shipment to countries within 48 hours of the decision The targeted overall delivery time from the stockpile to countries is seven days,seven days,How long is the target delivery time from the stockpile to countries?,"['six days', 'Six days', 'six hours']"
5,"“We are proud to be part of this unprecedented effort to help bring potential Ebola outbreaks quickly under control,” said Henrietta Fore, UNICEF Executive Director “We know that when it comes to disease outbreaks, preparedness is key This Ebola vaccine stockpile is a remarkable achievement - one that will allow us to deliver vaccines to those who need them the most as quickly as possible",vaccines,What will enable us to deliver to those who need Ebola vaccines as quickly as possible?,"['babies', 'bola', 'Ebola vaccine']"
6,"” As Ebola outbreaks are relatively rare and unpredictable, there is no natural market for the vaccine Vaccines are only secured through the establishment of the stockpile and are available in limited quantities The Ebola vaccine is reserved for outbreak response to protect people at the highest risk of contracting Ebola – including healthcare and frontline workers",healthcare and frontline workers,Who are the people at the highest risk of contracting Ebola?,"['people in the low risk of catching Ebola', 'the Ebola vaccine and vaccine workers', 'careio workers']"
7,"“This is an important milestone Over the past decade alone we have seen Ebola devastate communities in West and Central Africa, always hitting the poorest and most vulnerable the hardest,” said IFRC Secretary General, Jagan Chapagain “Through each outbreak, our volunteers have risked their lives to save lives",our volunteers have risked their lives to save lives,What did IFRC Secretary General Jagan Chapagain say?,"['they have seen Ebola hit the poor and most vulnerable', 'people can be easily affected by Ebola', 'Ebola has been extremely hard to hit communities']"
8," With this stockpile, it is my hope that the impact of this terrible disease will be dramatically reduced”“The creation of an Ebola vaccine stockpile under the ICG is a positive step”, said Dr Natalie Roberts, Programme Manager, MSF Foundation “Vaccination is one of the most effective measures to respond to outbreaks of vaccine preventable diseases, and Ebola is no exception",Ebola,What vaccine stockpile was created under the ICG?,"['Vaccination', 'Thebola vaccine preference', 'Thebola']"
9," An Ebola vaccine stockpile can increase transparency in the management of existing global stocks and the timely deployment of the vaccine where it’s most needed, something MSF has called for during recent outbreaks in the Democratic Republic of Congo”An initial 6890 doses are now available for outbreak response with further quantities to be delivered into the stockpile this month and throughout 2021 and beyond Depending on the rate of vaccine deployment, it could take 2 to 3 years to reach the SAGE-recommended level of 500,000 doses for the emergency stockpile of Ebola vaccines","500,000",How many doses of Ebola vaccines could take 2 to 3 years to reach the SAGE-recommended level?,"['75,000 to 500,000', '2 to 3 years', '1,000,000,000,000,000,000,000,000,000,000,000,000,000,000,000,000 risk']"
10," WHO, UNICEF, Gavi and vaccine manufacturers are continuously assessing options to increase vaccine supply should global demand increase-----------------------------Photo gallery:https://whohqphotoscom/galleries/675/ebola-vaccine-stockpileNote - for media to access and download images from this gallery:1","WHO, UNICEF, Gavi and vaccine manufacturers",Who is continuously evaluating options to increase vaccine supply?,"['Who is evaluate the options to increase vaccine supply?', 'Gavio and vaccine manufacturers', 'Gavia -- Gav and vaccines manufacturers']"
11," Your request will be prioritized within the dayAbout the International Coordinating Group (ICG) on Vaccine ProvisionThe ICG was established in 1997, following major outbreaks of meningitis in Africa, as a mechanism to manage and coordinate the provision of emergency vaccine supplies and antibiotics to countries during major outbreaks The ICG works to improve cooperation and coordination of epidemic preparedness and response",1997,When was the ICG established?,"['Before was the IOC established', 'when was the centre of the problem', 'by the early time']"
12,"About UNICEF UNICEF works in some of the world’s toughest places, to reach the world’s most disadvantaged children Across 190 countries and territories, we work for every child, everywhere, to build a better world for everyone For more information about UNICEF and its work for children, visit www",www,Where can you find more information about UNICEF and its work for children?,"['www. UNF', 'www. UNiceF.org', 'www. UN touchingF']"
13," For more information about COVID-19, visit www Find out more about UNICEF’s work on the COVID-19 vaccines here, or about UNICEF’s work on immunization here Follow UNICEF on Twitter and Facebook",Twitter and Facebook,Where does UNICEF follow UNICEF?,"['UNicyF', ""UNiceF's work on tobacco"", 'UNF only on tobacco']"
14,"About WHOThe World Health Organization provides global leadership in public health within the United Nations system Founded in 1948, WHO works with194 Member States, across six regions and 150offices,to promote health, keep the world safe and serve the vulnerable Our goal for 2019-2023 is to ensure that a billion more people have universal health coverage, to protect a billion more people from health emergencies, and provide a further billion people with better health and wellbeing",a billion,How many people have universal health coverage for 2019-2023?,"['two billion', 'two people', 'two million']"
15,"For updates on COVID-19 and public health advice to protect yourself from coronavirus, visitwwwint and follow WHO onTwitter,Facebook,Instagram,LinkedIn,TikTok,Pinterest,Snapchat,YouTube,TwitchCOVAX now has agreements in place to access nearly two billion doses of several promising vaccine candidates, and laid the groundwork for further doses to be secured through contributions from donorsThese agreements mean that all COVAX’s 190 participating and eligible economies will be able to access doses to protect vulnerable groups in the first half of 2021",COVID-19,What is the name of the vaccine that COVAX has been able to access?,"[' COUV-15', 'VioX', 'Virus']"
16,"3 billion donor-funded doses will be made available to 92 economies eligible for the Gavi COVAX AMC, targeting up to 20% population coverage by the end of the yearFunding raised in 2020 and early pledges toward 2021 targets, alongside these agreements, offer clearest pathway yet to ending the acute phase of the pandemic globally by the end of 2021Geneva/Oslo, 18 December 2020 – COVAX, the global initiative to ensure rapid and equitable access to COVID-19 vaccines for all countries, regardless of income level, today announced that it had arrangements in place to access nearlytwo billion doses of COVID-19 vaccine candidates, on behalf of 190 participating economies For the vast majority of these deals, COVAX has guaranteed access to a portion of the first wave of production, followed by volume scales as further supplybecomes available",92 economies eligible for the Gavi COVAX AMC,How many economies are eligible for the Gavi COVAX AMC?,"['90 economies with population under 200', '92 economies willing to take the Gav COXace', '92 % and more people are taking part \n in this program']"
17," The arrangements announced today will enable all participating economies to have access to doses in the first half of 2021, with first deliveries anticipated to begin in the first quarter of 2021 – contingent upon regulatoryapprovals and countries’ readiness for deliveryGiven these are arrangements for 2 billion doses of vaccine candidates which are still under development, COVAX will continue developing its portfolio: this will be critical to achieve its goal of securing access to 2 billion doses of safe and effective,approved vaccines that are suitable for all participants’ contexts, and available by the end of 2021 However, today’s announcements offer the clearest pathway yet to end the acute phase of the pandemic by protecting the most vulnerablepopulations around the world",the most vulnerablepopulations around the world,What is the clearest way to end the acute phase of the pandemic?,"['the vaccine candidates', '2 billion dose candidates', 'the most sensitive population of the pandine']"
18," This includes delivering at least 13 billion donor-funded doses of approved vaccines in 2021 to the 92 low- and middle-income economies eligible for the COVAX AMCThe new deals announced today include the signing of an advance purchase agreement with AstraZeneca for 170 million doses of the AstraZeneca/Oxford candidate, and a memorandum of understanding (MoU) with Johnson & Johnson for 500 million doses ofthe Janssen candidate, which is currently being investigated as a single dose vaccine",at least 13 billion,How many donor-funded doses of approved vaccines are delivered to the 92 low- and middle-income economies eligible for the COVAX A,"['at least 5 dollars', 'at least 890 million', 'at less than 2 billion']"
19," These deals are in addition to existing agreements COVAX has with the Serum Institute of India (SII) for 200 million doses – with options for up to 900 milliondoses more – of either the AstraZeneca/Oxford or Novavax candidates, as well as a statement of intent for 200 million doses of the Sanofi/GSK vaccine candidateIn addition to this, COVAX also has – through R&D partnership agreements – first right of refusal in 2021 to access potentially more than one billion doses (based on current estimates from the manufacturing processes under development)that will be produced, subject to technical success and regulatory approval, by candidates in the COVAX R&D Portfolio“This commitment is evidence that the world learned an important lesson from the 2009 H1N1 pandemic",2009,In what year was the H1N1 pandemic?,"['2012', 'October 20', 'In the early 1970s']"
20," Our research and development efforts have begun to pay off We now have safe and effective vaccines that can protect against COVID-19 and a clearpathway to securing 2 billion doses for the populations at greatest risk all around the world,” said Dr Richard Hatchett, CEO of the Coalition for Epidemic Preparedness Innovations (CEPI) “Securing the right of first refusal ofsuccessful vaccine production as part of R&D arrangements has helped guarantee equitable access to vaccines, a founding principle of CEPI",2 billion,How many doses can COVID-19 be secured?,"['1 billion', '3 billion', '2.4 billion \n ks5*u']"
21," The challenge of delivering the vaccines that have demonstrated success, of completing the developmentof other promising vaccine candidates to further increase supply, and of ending the acute phase of the pandemic, lies ahead of us”Alongside boosting its pathway to two billion doses of approved vaccines through direct agreements with manufacturers, the COVAX Facility has also opened another potential source of vaccines Published today, the Principles for Dose-Sharing provide a framework for higher-income economies to make additional volumes secured via bilateral deals available through the Facility primarily to AMC participants, on an equitable basis",the Principles for Dose-Sharing,What provide a framework for higher-income economies to make additional volumes secured via bilateral deals available through the COVAX Facility primarily to AMC participants,"['the COUVX Site', 'the CO Virginiaexchange agreement with manufacturers', 'the principles of the CO VirginiaX System']"
22," These principles outline that such doses must be safe and effective,available as early as possible and should be available in substantive volumes as early as possible in 2021 to enable rapid and flexible deployment by the Facility – supporting the overall goal of equitable accessFirst deliveries in Q1 2021Today’s announcements on deals and dose-sharing mean COVAX can plan for the first deliveries of vaccines in the first quarter of 2021, with the first tranche of doses – enough to protect health and social care workers – delivered inthe first half of 2021 to all participating economies who have requested doses in this timeframe This would be followed by further delivery of doses to all participants in the second half of the year – targeting supply of doses equalling upto 20% of participants’ populations (or a lower amount if requested by the participant) by the end of the year",2021,When should doses be available in substantive volumes as early as possible?,"['Vio1 delivery', 'VioX will be available in Q1 2017', '1821']"
23," Additional doses to reach higher coverage levels will then be available in 2022 All deliveries are contingent upon several factors,such as regulatory approvals and country readiness“The arrival of vaccines is giving all of us a glimpse of the light at the end of the tunnel,” said Dr Tedros Adhanom Ghebreyesus, Director-General of the World Health Organisation (WHO)",Dr Tedros Adhanom Ghebreyesus,Who is the Director-General of the World Health Organisation?,"['Mrs TedrosAdhanomGheb Space', 'Who is the leader of the World Health Organization', 'whose son is the leader in the World Health Organization. [ : Zxxk. Com ]']"
24," “But we will only truly end the pandemic if weend it everywhere at the same time, which means it’s essential to vaccinate some people in all countries, rather than all people in some countries And we must remember that vaccines will complement, but not replace, the many other tools wehave in our toolbox to stop transmission and save lives We must continue to use all of them",vaccines,"What will complement, but not replace, the many other tools we have in our toolbox to stop transmission and save lives?","['Vaccines', 'Vaccine and other tools', 'people in all countries']"
25,"In addition to gathering detailed information on participating economies’ vaccine requests, COVAX, through Gavi, UNICEF, WHO, the World Bank, and other partners has been working closely with all countries in the Facility, particularly AMC-eligibleparticipants, to help plan and prepare for the widespread roll out of vaccines Conditions that determine country readiness include regulatory preparedness as well as the availability of infrastructure, appropriate legal frameworks, training, andcapacity, among other factors“Securing access to doses of a new vaccine for both higher-income and lower-income countries, at roughly the same time and during a pandemic, is a feat the world has never achieved before – let alone at such unprecedented speed and scale,”said Dr Seth Berkley, CEO of Gavi, the Vaccine Alliance, which leads on procurement and delivery for COVAX",WHO,What organization has been working closely with all countries in the Facility to help plan and prepare for the widespread roll out of vaccines?,"['Geco', 'Goom', 'Gavine Association']"
26," “COVAX has now built a platform that offers the world the prospect, for the first time, of being able to defeat the pandemic on a globalbasis, but the work is not done: it’s critical that both governments and industry continue to support our efforts to achieve this goal”Early pledges towards 2021 fundraising targetsTo achieve this ambitious goal, COVAX currently estimates it needs to raise an additional US$ 68 billion in 2021 – US$ 800 million for research and development, at least US$ 4",US$ 68 billion,How much does COVAX estimate it needs to raise in 2021?,"['US$ 100 billion', 'college$ 4', 'college$ 1.4 billion']"
27,6 billion for the COVAX AMC and US$ 14 billion for delivery supportSupport for the COVAX AMC will be critical to ensuring ability to pay is not a barrier to access,6 billion,How much does the COVAX AMC pay for the COVAX AMC?,"['8 billion', '4 billion', '5 billion']"
28," Thanks to the generous support of sovereign, private sector, and philanthropic donors, the AMC has met its urgent 2020 fundraising target of US$ 2 billion,but at least US$ 46 billion more is needed in 2021 to procure doses of successful candidates as they come through the portfolioThe last two weeks have seen a number of pledges made to Gavi for the COVAX AMC, bringing the overall amount raised to US$ 2",US$ 2 billion,How much money has the COVAX AMC raised in 2020?,[]
29,"4 billion:Norway has signed a new commitment of NOK 1 billion to the International Finance Facility for Immunisation (IFFIm), to be paid from 2021 to 2030 This funding will support the Gavi COVAX AMC and comes on top of earlier commitmentsof NOK 1641 million in direct funding and $6",$6,How much money will the Gavi COVAX AMC receive from the Gavi COVAX AMC?,"['$4 billion', '$3', 'NOK 1640 million']"
30,"25 million in funding transferred from the PCV AMC to support the Gavi COVAX AMCCanada pledged CAD 75 million in funding to support the delivery of COVID-19 vaccines in lower income economies as part of the Gavi COVAX AMC This includes a CAD 5 million investment in the development of a mechanism to equitablyreallocate vaccine doses through the COVAX Facility, either by donation or exchange",25 million,How much money was transferred from the PCV AMC to support the Gavi COVAX AMCCanada?,[]
31,"Kuwait has confirmed a pledge of US$ 10 million to the Gavi COVAX AMCDenmark has announced, subject to parliamentary approval, a commitment of DKK 50 million to Gavi COVAX AMCNew Zealand has pledged NZ$ 10 million to the Gavi COVAX AMC, in addition to NZ$ 7 million pledged earlier this year for the AMC",US$ 10 million,How much has Kuwait pledged to the Gavi COVAX AMCDenmark?,"[' dollar$ 7 million', 'so far', 'Kile 50 million']"
32,"Netherlands has signed and paid a commitment of EUR 5 million to the Gavi COVAX AMCSingapore has pledged US$ 5 million to the Gavi COVAX AMCThe King Salman Humanitarian Aid and Relief Center (KSrelief) / Gamers Without Borders have confirmed a pledge of US$ 13 million to the Gavi COVAX AMCEstonia has signed a commitment of EUR 70,000 to the Gavi COVAX AMCIn addition to these pledges, Team Europe confirmed financial support of EUR 500 million, through EUR400 million European Investment Bank loan and EUR100 million grant to Gavi, in support of equitable access through COVAXThe goal of COVAX is to deliver two billion doses of safe, effective vaccines that have passed regulatory approval and/or WHO prequalification by the end of 2021",two billion,"How many doses of safe, effective vaccines are delivered by COVAX by the end of 2021?","['four billion', 'Two billion', 'seven billion']"
33," These vaccines will be offered equally to all participating countries, proportionalto their populations, initially prioritising healthcare workers then expanding to cover vulnerable groups, such as the elderly and those with pre-existing conditions Further doses will then be made available based on country need, vulnerabilityand COVID-19 threat The COVAX Facility will also maintain a buffer of doses for emergency and humanitarian use",COVAX Facility,What facility will maintain a buffer of doses for emergency and humanitarian use?,"['Guidelines for both elderly and those with pre- pre- pre- existing conditions', 'Guided by CODAX touched', 'Vital care']"
34,"Quotes from partnersKarina Gould, Minister of International Development, Government of Canada said: “We know that as long as one country is at risk, we are all at risk The COVAX Facility is the key to ending this pandemic and will only workif we all come together Now is the time to make our commitment to equitable access a reality, so that everyone, everywhere has access to a life-saving vaccine",COVAX Facility,What is the key to ending this pandemic?,"['The way to access a life -saving vaccine', 'Kina Gould', 'The 1-4-7-year - old vaccine']"
35,"”Dr Kwaku Agyeman Manu, Minister of Health for Ghana said: The nearly 2 billion COVID-19 vaccine doses announced today by COVAX is a welcome first step, but our journey is not yet over As we’velearned with routine immunisation vaccines don’t save lives, vaccination does This means we need the health infrastructure in place - from supply chain and logistics to well- trained health workers - to ensure the effective and streamlineddistribution of vaccines",the health infrastructure in place,What do we need to ensure the effective and streamlined distribution of vaccines?,"['the supply chain andistics of vaccines', 'an effective and jams of vaccines', 'the development of health workers']"
36," For this we call on governments, manufacturers and the private sector to make urgent and necessary investments in COVAX so that no one is left behind; because ultimately no one is safe until everyone is safeDag-Inge Ulstein, Norway’s Minister of International Development and Co-chair of the ACT-A Facilitation Council, said: “The good news is that many countries, foundations and some private companies have already providedsupport to this important collective effort The bad news is that more is needed",more is needed,What is the bad news about COVAX?,"['more private companies are needed', 'Many countries have already provided support to this important activity.', 'Publication has been made in favor of taking measures']"
37," Along with our international partners, the UK is working hard to ensure vaccines get to everyonewho needs them”Dr John Nkengasong, Director of the Africa Centres for Disease Control and Prevention (Africa CDC) said: “Since the beginning of the COVID-19 pandemic, Africa CDC has established several trusted partnerships across the globeThe COVAX partnership is one of such very critical alliances that will allow Africa to secure early access to COVID-19 vaccine needed to start vaccinating our populations across the continent",Africa Centres for Disease Control and Prevention,What is Africa CDC?,"['Africa AIDS', 'Africa Health care', 'The UK is working hard to ensure vaccines get to Africa']"
38,"”Henrietta Fore, Executive Director of UNICEF said: “This is an unprecedented undertaking — addressing a global pandemic while ensuring we do not leave the world’s poorest behind UNICEF is bringing the full weightof our experience as the world’s largest single procurer of vaccines to help secure and deliver COVID-19 vaccines, and help countries prepare to receive and administer them”Dr Ngozi-Okonjo Iweala, co-chair of the COVAX Coordination Meeting and Gavi Board Chair said: “Nine months ago, it was hard to imagine that we would have more than one promising vaccine candidate and be in a position tomake them available to both high-income countries and lower-income countries simultaneously",Henrietta Fore,Who was the Executive Director of UNICEF?,"['Ngozi- Okonjo Iweala', 'Ngozo - OkonJo Iweldon', 'Dr Ngozi- Oktonjo']"
39," The global community has rallied, and we now have a platform, COVAX, that will do this It’s time to stop questioning it and give it the supportit needs to bring the pandemic to an end as swiftly as possible”Jane Halton, co-chair of the COVAX Coordination Meeting and Chair of CEPI said: “Science will give us the tools to fight this pandemic, but equitable access will allow us to beat it",equitable access,What will allow us to beat the pandemic?,"['a platform called CO VirginiaX', 'possible tools to fight the pandemic', 'possible help from science']"
40," Todaymarks a significant moment towards our goal of fair and equitable access to COVID-19 vaccines for those most at risk around the world We now have a clear pathway to our goal of delivering 2 billion doses of vaccine in 2021 - enabled by COVAXR&D investments and deals with manufacturers - which can bring an end to the acute phase of the pandemic globally In addition, governments can now demonstrate their continued commitment to this goal by contributing doses to COVAX of vaccinessecured through bilateral deals",bilateral deals,How can governments contribute doses to COVAX of vaccines?,"['bondered deals', 'as far as possible through CODAX investment', 'co deed - taken']"
41," Equitable access to vaccines is in all of our interests, and we’re now a significant step closer to making this a reality”Mesfin Teklu Tessema, civil society representative of the COVAX Coordination Meeting and Senior Director, Head of Health Unit, International Rescue Committee said: ""The COVAX Facility is our best hope to ending this pandemic asquickly as possible with equity as its grounding force This announcement today is an important milestone and proof that doses are forthcoming to those most in need everywhere",vaccines,What is in all of our interests?,"['Vaccines', 'Vaccine production', 'VocoaX facilities']"
42,"""Adar Poonawalla, CEO of the Serum Institute of India (SII) said: ""We are delighted to announce that we have signed for a 100mn doses of Novavax and another 100mn doses of AstraZeneca-Oxford vaccines with COVAX, with an optionof extending it by 900mn doses The advance purchase commitments under COVAX initiative is encouraging as it will further bolster our fight and ensure equitable access at the most affordable price from Serum Institute of India”Pascal Soriot, Chief Executive Officer, AstraZeneca, said: “Today’s Agreement is a significant milestone for global access to the AZD1222 vaccine",AZD1222,What vaccine is the AstraZeneca-Oxford vaccine?,"['CocoaX', 'Alfred-Oxford vaccine', 'A 100k dose of Novavax']"
43," Our collaboration with COVAX is testament to AstraZeneca’s commitmentto broad, equitable access at no profit during the pandemic period We now look forward to progressing our work with COVAX partners to ensure that as many people as possible around the world can access a safe, effective vaccine – whereverthey live, Vice Chairman of the Executive Committee and Chief Scientific Officer, Johnson & Johnson said: “Since we initiated development of our COVID-19 vaccine candidate, Johnson & Johnson has remainedcommitted to ensuring access to vaccines on a not-for-profit basis for emergency pandemic use",ensuring access to vaccines on a not-for-profit basis for emergency pandemic use,What has Johnson & Johnson remained committed to following the development of the COVID-19 vaccine candidate?,"['making full use of CODAX partners', 'promoting CODAX to develop a safe and effective vaccine', 'consulting more people with AIDS']"
44," Equitable global access, inclusive of lower income countries, is critical to helping end the COVID-19 pandemic Cueni, Director General, International Federation of Pharmaceutical Manufacturers (IFPMA) said: The reason why we can mark today as a milestone for COVAX securing 2 billion doses of promising vaccines is because thevaccine makers have pulled out all the stops and have delivered beyond all expectations So let’s indeed mark this important milestone in ensuring fair and equitable access to vaccines which we have committed to from the outsetof the pandemic",Equitable global access,What is critical to helping end the COVID-19 pandemic?,"['Fair and equal access to vaccine', 'Fair andequitable access to vaccines', 'fair andequiced access to vaccine']"
45," But let us also remember, that we would not be where we are if science and the innovation ecosystem that allows the biopharmaceutical to develop and manufacture life saving treatments had not risen to the challenge, so thatthere are different types of vaccines that will be manufactured in historic quantities Looking to 2021, it is essential that all COVAX partners and governments focus on getting things done and secure the funds needNotes to editorsThe full list of deals that have so far been secured by COVAX on behalf of the Facility is as follows:170 million doses of the AstraZeneca/Oxford candidate, via an advance purchase agreement between Gavi and AstraZeneca, and enabled by a partnership agreement with CEPI to fund scale-out of manufacturing200 million doses (and options for up to 900 million more) of the AstraZeneca/Oxford or Novavax candidates, via an agreement between Gavi, the Serum Institute of India, and the Bill and Melinda Gates Foundation500 million doses of the Janssen candidate, via a memorandum of understanding with Johnson & Johnson200 million doses of the Sanofi/GSK vaccine candidate, via a statement of intent between Gavi, Sanofi and GSKFirst right of refusal for a potential combined total of over 1 billion doses in 2021 (based on current estimates from the manufacturing processes under development) of promising vaccine candidates, via R&D partnership agreements with CEPI - thatwill be produced, subject to technical success and regulatory approval, by candidates in the COVAX R&D Portfolio",biopharmaceutical,What does innovation ecosystem allow to develop and manufacture life saving treatments?,"['aspira and Novavax', 'vio1s', 'vioX']"
46,"As part of the COVAX R&D portfolio, CEPI has invested in 10 vaccine candidates 9 of these candidates are still in development, and 7 are in clinical trialsAstraZeneca/ University of Oxford (Phase 3)Clover Biopharmaceuticals, China (Phase 1)CureVac, Germany (Phase 2B/3)Inovio, USA (Phase 2)Institut Pasteur/Merck/Themis, France/USA/Austria (Phase 1)Moderna, USA (Phase 3)Novavax, USA (Phase 3)SK bioscience, South Korea (Preclinical)University of Hong Kong, Hong Kong (Preclinical)University of Queensland/ CSL, Australia (Phase 1, programme discontinued)CEPI is also evaluating additional candidates for support, including ‘next generation’ vaccine candidates to provide additional options for the future",10,How many vaccine candidates have CEPI invested in?,"['9', '11', '8']"
47,"The latest list of participants in the COVAX Facility (both self-financing and AMC-eligible) is available here, and the latest pledging table of donor contributionsto the COVAX AMC is available hereThe official list of WHO-certified Stringent Regulatory Authorities is available hereAbout COVAXCOVAX, the vaccines pillar of the Access to COVID-19 Tools (ACT) Accelerator, is co-led by CEPI, Gavi and WHO – working in partnership with developed and developing country vaccinemanufacturers, UNICEF, the World Bank, and others",COVAXCOVAX,What is the vaccines pillar of the Access to COVID-19 Tools Accelerator?,"[' COUV-19 tools', 'AlibabaVile', 'AMela-VioX']"
48," It is the only global initiative that is working with governments and manufacturers to ensure COVID-19 vaccines are available worldwide to both higher-income and lower-income countriesCEPI is leading on the COVAX vaccine research and development portfolio, investing in R&D across a variety of promising candidates, with the goal to support development of three safe and effective vaccineswhich can be made available to countries participating in the COVAX Facility As part of this work, CEPI has secured first right of refusal to potentially over one billion doses for the COVAX Facility to a number of candidates, and made strategicinvestments in vaccine manufacturing, which includes reserving capacity to manufacture doses of COVAX vaccines at a network of facilities, and securing glass vials to hold 2 billion doses of vaccine",glass vials,What does CEPI secure to hold 2 billion doses of vaccine?,"['semining capacity to hold 2 billion dose of vaccine', 'virus vaccine', 'vioX']"
49," CEPI is also investing in the ‘nextgeneration’ of vaccine candidates, which will give the world additional options to control COVID-19in the futureGavi is leading on procurement and delivery for COVAX, coordinating the design and implementation of the COVAX Facility and the COVAX AMC and workingwith Alliance partners UNICEF and WHO, along with governments, on country readiness and delivery The COVAX Facility is the global pooled procurement mechanism for COVID-19 vaccines through which COVAX will ensure fair and equitable accessto vaccines for all 190 participating economies, using an allocation framework formulated by WHO",COVAX Facility,What is the COVAX AMC?,"[' COUV -19', 'VioX cheated', 'Achieving and delivery of CO VIX']"
50," The COVAX Facility will do this by pooling buying power from participating economies and providing volume guarantees across a range of promisingvaccine candidates The Gavi COVAX AMC is the financing mechanism that will support the participation of 92 low- and middle-income countries in the Facility, enabling access to donor-funded doses of safe and effective vaccines UNICEF andthe Pan-American Health Organisation (PAHO) will be acting as procurement coordinators for the COVAX Facility, helping deliver vaccines to all participants",92,How many low- and middle-income countries will participate in the Gavi COVAX AMC?,"['82', '93', 'Low - and middle - income countries']"
51,"WHO has multiple roles within the COVAX: among other things it supports countries as they prepare to receive and administer vaccines and does so in partnership with UNICEF It provides normative guidance on vaccine policy, regulation, safety,R&D, allocation, and country readiness and delivery Its Strategic Advisory Group of Experts (SAGE) on Immunization develops evidence-based immunization policy recommendations",WHO,Who supports countries as they prepare to receive and administer vaccines?,"['Alibaba', 'S note on vaccine policy', "" WHO's umbrella group""]"
52, Its Emergency Use Listing (EUL)/prequalification programmesensure harmonized review and authorization across member states It provides global coordination and member state support on vaccine safety monitoring It developed the target product profiles for COVID-19 vaccines and provides R&D technicalcoordination,COVID-19,What is the target product profile for vaccines?,"['R&D technicalplaying', 'Vaccine safety', 'It provides global teamwork and member state support']"
53," Along with COVAX partners, it is developing a no-fault compensation scheme for indemnification and liability issues COVAX is part of the Act accelerator which WHO launched with partners in 2020About Gavi, the Vaccine AllianceGavi, the Vaccine Alliance is a public-private partnership that helps vaccinate half the world’s children against some of the world’s deadliest diseases",Vaccine Alliance,What is the name of the public-private partnership that helps vaccinate half the world's children against some of the world's deadliest,"['Alibaba', 'Vaccine Association', 'Vaccuses']"
54," Since its inception in 2000, Gavi has helped to immunise a whole generation –over 822 million children – and prevented more than 14 million deaths, helping to halve child mortality in 73 developing countries Gavi also plays a key role in improving global health security by supporting health systems as well asfunding global stockpiles for Ebola, cholera, meningitis and yellow fever vaccines After two decades of progress, Gavi is now focused on protecting the next generation and reaching the unvaccinated children still being left behind, employinginnovative finance and the latest technology – from drones to biometrics – to save millions more lives, prevent outbreaks before they can spread and help countries on the road to self-sufficiency",822 million,How many children have Gavi helped to immunise since 2000?,"['1,500 million', '1,500 dead children in the world', '14 million']"
55,"About CEPICEPI is an innovative partnership between public, private, philanthropic, and civilorganisations, launched at Davos in 2017, to develop vaccines to stop future epidemics CEPI has moved with great urgency and in coordination with WHO inresponse to the emergence of COVID-19 CEPI has initiatedtenpartnerships to develop vaccines against the novel coronavirus",vaccines against the novel coronavirus,What has CEPI initiatedtenpartnerships to develop?,"['Vaccins to stop future pandics', 'Vaccine making people work straight - up.', 'it is to develop vaccines against the novel carnivals']"
56," Theprogrammesare leveraging rapid response platforms already supported by CEPI as well as newpartnershipsBefore the emergence of COVID-19, CEPI’s priority diseases included Ebola virus, Lassa virus, Middle East Respiratory Syndrome coronavirus,Nipahvirus, Rift Valley Fever and Chikungunya virus CEPI also invested in platform technologiesthat can be used for rapid vaccine and immunoprophylactic development against unknown pathogens (Disease X)",Theprogrammesare,What is leveraging rapid response platforms already supported by CEPI?,"['CEPI', 'CepI', 'Cipi']"
57,"About WHOThe World Health Organization provides global leadership in public health within the United Nations system Founded in 1948, WHO works with194 Member States, across six regions and from more than 150 offices,to promote health, keepthe world safe and serve the vulnerable Our goal for 2019-2023 is to ensure that a billion more people have universal health coverage, to protect a billion more people from health emergencies, and provide a further billion people with betterhealth and wellbeing",to ensure that a billion more people have universal health coverage,What is the goal of the World Health Organization for 2019-2023?,"['to provide a lot of health care for the vulnerable', 'to help the weak and sick to get health care', 'to help a lot of people in health emergencies']"
58,"The ACT-Accelerator is not a decision-making body or a new organisation, but works to speed up collaborative efforts among existing organisations to end the pandemic It is a framework for collaboration that has been designed to bring key playersaround the table with the goal of ending the pandemic as quickly as possible through the accelerated development, equitable allocation, and scaled up delivery of tests, treatments and vaccines, thereby protecting health systems and restoringsocieties and economies in the near term It draws on the experience of leading global health organisations which are tackling the world’s toughest health challenges, and who, by working together, are able to unlock new and more ambitiousresults against COVID-19",COVID-19,Who is the ACT-Accelerator able to unlock new and more ambitiousresults against?,"['Necessary release of tests, treatments and vaccines', 'US health institutions', 'A number of health institutions']"
59," Its members share a commitment to ensure all people have access to all the tools needed to defeat COVID-19 and to work with unprecedented levels of partnership to achieve itThe ACT-Accelerator has four areas of work: diagnostics, therapeutics, vaccines and the health system connector Cross-cutting all of these is the workstream on Access & Allocation",Access & Allocation,What is the workstream of the ACT-Accelerator?,"['Diseases, comedies, vaccines and the health system', ' access & Allocate', 'The work of the ACT-Ac accelerationator']"
60,"Funding for community programmes, engaging youth in solutions to address COVID-19, and convening Global Youth Summit are key features of this new mobilizationA new ground-breaking global youth mobilization was launched today to invest in and scale up youth-led solutions and engagements in response to COVID-19 The initiative was launched by an alliance of the world’s largest youth movements and organizations, together with the World Health Organization (WHO) and the United Nations FoundationThe “Global Youth Mobilization for Generation Disrupted” is being led by the Big 6 Youth Organizations (Young Men’s Christian Association, YMCA; World Young Women’s Christian Association, YWCA; World Organization of the Scout Movement; World Association of Girl Guides and Girl Scouts; International Federation of Red Cross and Red Crescent Societies, IFRC; and The Duke of Edinburgh’s International Award), which together actively involve more than 250 million young people, and aims to support young people to engage in and design efforts to turn around the impact of the pandemic",Global Youth Summit,What is one of the key features of the new mobilization?,"['World Organization of the Scout Movement', 'Young People', 'International Youth Service']"
61,"The Global Youth Mobilization will feature the convening of a Global Youth Summit in April 2021, and a fund of US $5 million to support local and national youth organizations, including grants for youth-led solutions and an accelerator programme to scale up existing response efforts The leadership of the WHO, Big 6 and youth organizations around the world are calling on governments, businesses and policy makers to back the Global Youth Mobilization effort and commit to investing in the future of young people These measures will directly support young people engaged at the grassroots level to tackle some of the most pressing health and societal challenges resulting from the pandemic",Global Youth Summit,What event will the Global Youth Mobilization take place in April 2021?,"['Global Youth Study.', 'Global Youth grand growth', 'The Global Youth Mobileization']"
62,"“WHO is honoured to join this truly exciting and powerful global movement to mobilize and empower youth worldwide to be the driving force of the recovery to COVID-19,” said Dr Tedros Adhanom Ghebreyesus, WHO Director-General “Joining forces with the Big 6 and the United Nations Foundation provides WHO and the world a unique opportunity to learn from hundreds of millions of young people and be guided by their sustainable solutions to help communities build back better from the pandemic”While the direct health impacts of the pandemic on young people have been generally less severe, they are disproportionately affected by the long-lasting consequences of the pandemic",the long-lasting consequences of the pandemic,What are the direct health impacts of the pandemic on young people disproportionately affected by?,"['the direct health impacts of the pandemic', 'the impact of the pandine', 'the short effects of the pandowers']"
63," Such effects include disruptions to education, economic uncertainty, loss or lack of employment opportunities, impacts on physical and mental health, and trauma from domestic violence For example, mental anxiety brought on by COVID-19 has been identified in nearly 90 per cent of young people; more than 1 billion students in almost every country have been impacted by school closures; and 1 in 6 young people worldwide have lost their jobs during the pandemicAt the same time, young people are also driving change and implementing solutions in response to COVID-19 by taking action through community-based interventions and voluntary service, such as acting as first responders and delivering food and supplies to those in need",delivering food and supplies,What do youth do to those in need of COVID-19?,"[' acting as firstresponders', 'doing voluntary service', 'providing help to the people in need']"
64," The Global Youth Mobilization will draw attention to the urgent need for solutions to support young people, and to highlight the critical leadership role young people are playing in their communities to counter the effects of the pandemic“We are proud to team up with the WHO to provide opportunities and funding to help millions of young people across the globe to respond to local challenges related to COVID-19 in their communities,” said the leadership of the Big 6 in a joint statement “The mobilization will provide direct financial and programmatic support to youth organizations at the national and international level",Global Youth Mobilization,What will draw attention to the urgent need for solutions to support young people?,"['Young People and World War II', ""Young People's Role"", 'The People Are calling for Help']"
65," We believe that young people have the solutions to solve their own problems, and by providing a global youth platform, combined with national activation for youth projects, we can unleash the skills, enthusiasm and desire for young people to be a force for good in their communities”Supported by the COVID-19 Solidarity Response Fund for WHO and powered by the United Nations Foundation, the Global Youth Mobilization features a strategic partnership with the WHO and its newly launched Youth Council It will involve other United Nations agencies, as well as a number of high-profile global partners, brands, and advocates, from FIFA to YOUNGA by BridgingTheGap Ventures, and the creation of a youth council of social media influencers, including the Influential platform",the Influential platform,What is the name of the social media influencer in the Global Youth Mobilization?,"['the Youth council of social media Influences', 'the Global YouthMoments', 'the social media Influences']"
66," The initiative, developed in consultation with young people from across the globe, will be youth-led, community-driven, evidence-based, and inclusive of diverse communities rooted in meaningful youth participation and engagement-----------------------------About the Big 6 Youth OrganizationsFormed in 1996, the Big 6 Youth Organizations are an alliance of leading international youth-serving organizations The ‘Big 6’ comprises the five largest youth movements in the world: Young Men’s Christian Association (YMCA), World Young Women’s Christian Association (YWCA), World Organization of the Scout Movement (WOSM), World Association of Girl Guides and Girl Scouts (WAGGGS), International Federation of Red Cross and Red Crescent Societies (IFRC) and a leading programme for youth development, The Duke of Edinburgh’s International Award (The Award)",The Duke of Edinburgh,Who is the leading programme for youth development?,"['The Big 6 Youth Organizations', ""The World Young Women's Christian Association"", 'The Organization of the Scout Movement']"
67," Together, the Big 6 actively involve in excess of 250 million young people, contributing to the empowerment of more than 1 billion young people during the last century For more information visit wwworgIn response to the unique challenges facing young people today, and to coincide with the launch of the Global Youth Mobilization, the Big 6 have also published a new policy paper: ‘Young People Championing Post-Pandemic Futures’",Global Youth Mobilization,What is the name of the new policy paper published by the Big 6?,"['The Big 6', 'Young People in the Big 6', 'The Young People']"
68," The paper is a joint call to action on behalf of 250 million children and young people that make up the Big 6 Youth Organizations and includes recommendations concerning education, employment, mental health and digital inclusion Read the full report and calls to action at bigsixAbout the World Health OrganizationThe World Health Organization provides global leadership in public health within the United Nations system",250 million,How many children and young people make up the Big 6 Youth Organizations?,"[' vaccine development for children', '300 million', '300.000']"
69," Founded in 1948, WHO works with 194 Member States, across six regions and from more than 149 offices, to promote health, keep the world safe and serve the vulnerable Our goal for 2019-2023 is to ensure that a billion more people have universal health coverage, to protect a billion more people from health emergencies, and provide a further billion people with better health and wellbeing For updates on COVID-19 and public health advice to protect yourself from coronavirus, visit www",www,Where can you find updates on COVID-19 and public health advice to protect yourself from coronavirus?,"['www. health. health.', 'At present', 'In the information on COffic-19']"
70,"int and follow WHO on Twitter, Facebook, Instagram, LinkedIn, TikTok, Pinterest, Snapchat, YouTube, and TwitchAbout the United Nations FoundationThe United Nations Foundation brings together ideas, people, and resources to help the United Nations drive global progress and tackle urgent problems Our hallmark is to collaborate for lasting change and innovate to address humanity’s greatest challenges",innovate,What is the hallmark of the United Nations Foundation?,"[' cooperate', 'unforgettable change', 'open']"
71,"orgAbout the COVID-19 Solidarity Response FundTo support the World Health Organization (WHO) and partners in their global response to COVID-19, the United Nations Foundation helped launch the COVID-19 Solidarity Response Fund, which has raised more than $238 million for lifesaving work around the world to prevent, detect, and respond to COVID-19 Learn more about the COVID-19 Solidarity Response Fund for WHO, powered by the United Nations Foundation at wwwLack of water puts health care workers and patients at higher risk of COVID-19 infectionAround 1",World Health Organization,Who supported the COVID-19 Solidarity Response Fund?,"[' WHO', ""International People's Organization"", 'the United Nations Network']"
72,"8 billion people are at heightened risk of COVID-19 and other diseases because they use or work in health care facilities without basic water services, warn WHO and UNICEF“Working in a health care facility without water, sanitation and hygiene is akin to sending nurses and doctors to work without personal protective equipment” said Dr TedrosAdhanom Ghebreyesus, WHO Director-General “Water supply, sanitation and hygiene in health care facilities are fundamental to stopping COVID-19",8 billion,How many people are at heightened risk of COVID-19?,"['8 billion people are at risk of CODA-19', '7 billion people have a risk of CODA', '7.4 billion people']"
73," But there are still major gaps to overcome, particularly in least developed countries”The report,Fundamentals first: Universal water, sanitation, and hygiene services in health care facilities for safe, quality care, comes as COVID-19 is exposing key vulnerabilities withinhealth systems,including inadequate infection prevention and controlWater, sanitation and hygiene(WASH)are vital to the safety of health workers and patients yet provision oftheseservices is not prioritized",inadequate infection prevention and control,What is one of the key vulnerabilities in health care systems?,"['not enough attention to the health care system', 'not providing enough services in health care facilities', 'preventing and treating disease']"
74," Worldwide, 1 in 4 health care facilities has no water services, 1 in 3 does not have access to handhygienewhere care is provided, 1 in 10 has no sanitation services*, and 1 in 3 does not segregate waste safely“Sending healthcare workers and people in need of treatmentto facilities without clean water, safe toilets, or even soap puts their lives at risk,” said UNICEF Executive Director Henrietta Fore “This was certainly true before the COVID-19 pandemic, but this year has made these disparities impossible to ignore",1 in 4,How many health care facilities have no water services?,"['1 in 10', '1 in 3.', '1 in 4 have no water services']"
75," As we reimagine and shape a post-COVID world, making sure we are sending children and mothers to places of care equipped with adequate water, sanitation and hygiene services is not merely something we can and should do It is an absolute must”The situation is worst of all in the world’s 47 Least Developed Countries (LDCs): 1 in 2 health care facilities doesnot have basic drinking water, 1 in 4 health care facilities has no hand hygiene facilities at points of care; and 3 in 5 lack basic sanitation services",3 in 5,How many health care facilities lack basic sanitation services?,"['5 in 5 health care facilities', '2 in 4 basic services', '1 in 4 health care facilities have no touch hygiene facilities']"
76,But this can be fixed The report’s preliminary estimates indicate that it would costroughly USD 1 per capita to enable all 47 LDCs to establish basic water service in health facilities20 per capita is needed each year to operate and maintain services,USD 1 per capita,How much would it cost to enable all 47 LDCs to establish basic water service in health facilities?,"[' valued at least $ 100 per month', ' dollars 20 per capita', '50 ld per month']"
77,"According to the report, immediate, incremental investments in WASH have big returns: improving hygiene in health care facilities is a “best buy” for tackling antimicrobial resistance Itreduceshealth carecosts because it reduces health-care associated infections (which are costly to treat)It saves time ashealth workersdonot haveto search for water for hand hygiene",water,What does WASH save time ashealth workers donot have to search for for hand hygiene?,"['health care', 'wash', 'hand hygiene']"
78, Better hygiene alsoincreasesuptake of services This all adds up to a returnofUSD15for every dollar invested,a returnofUSD15,How much does better hygiene add to every dollar invested?,"['an increase of services', 'a return of money', 'an increaseof 7 dollars invested']"
79,"These services are especially critical for vulnerable populations, including pregnant mothers, newborns and children Improving WASH services in health care facilities is particularly important around childbirth when far too many mothers and newborns suffer and die, including from preventable conditions like sepsis Better WASH services could save a millionpregnant women and newborns’ lives and reduce still-births","pregnant mothers, newborns and children",What are some of the vulnerable populations that need WASH services?,"['Pregnant women and newborns', 'Pregnant women, newborn babies and children.', 'Adults who have lost their Wash services']"
80,"The report provides four main recommendations:Implement costed national roadmaps with appropriate financing;Monitor and regularly review progress in improving WASH services, practices and the enabling environment;Develop capacities of health workforce to sustain WASH services and promote and practice good hygiene;Integrate WASH into regular health sector planning, budgeting, and programming, including COVID-19 response and recovery efforts to deliver quality servicesGlobal WASH and health partners have shown their support for meeting global and country WASH in health care facility targets By 2020, over 130 partners have committed resources, of which 34 have made dedicated financial commitments totalling USD125 million",34,How many partners have committed financial commitments by 2020?,"['35', '20', '34. share the amount of financial commit by 2020']"
81,"Nevertheless, implementation of the 2019 World Health Assembly Resolution on WASH in health care facilities is uneven Of the nearly 50 countries for which WHO and UNICEF have data, 86 per cent have updated standards and 70 per cent have conducted initial assessments which show that these areas are generally on track Yetjust a third of countries have costed national WASH in health care facility roadmaps and only 10 per cent have included WASH indicators in national health systems monitoring",10,How many countries have included WASH indicators in national health systems monitoring?,"['40', '4.5 million countries', '75']"
82,"More catalytic global funding, technical support, and domestic resourcing is needed to keep health care workers and patients safe and protected Now, an opportunity exists to build on existing efforts and commitments and integrate WASH in health care facilities in allnational COVID-19 plans, vaccine distribution and economic recovery packages“For millions of healthcare workers across the world, water is PPE”,said Jennifer Sara, Global Director for Water at the World Bank Group",PPE,What is water for millions of healthcare workers across the world?,"['Washing', 'Washing in health care facilities', 'Wash']"
83,"“It is essential that financing keeps flowing to bring water and sanitation services to those battling the COVID crisis on the frontlines Funding WASH in healthcare facilities is among the most cost-effective investments that governments can make”Data published by WHO in October indicates that COVID-19 infections among health care workers are far greater than those in the general population: Health care workers represent less than 3 per cent of the population, but account for 14 per cent of global COVID-19 cases reported to WHO",14 per cent,What percentage of global COVID-19 cases were reported to WHO in October?,"['9 per cent.', '14 %', '15 per cent \n 7 %']"
84," Ensuring health care workers have the basic WASH necessities to keep themselves,their patients, their families and children safe - is imperative“Millions have no option but to seek care from the 50% of health care facilities in the developing world which don’t have clean water on the premises This cannot continue",clean water,What does the 50% of health care facilities in the developing world lack?,"['health care facilities', 'fresh water', 'good health']"
85," Every day both healthcare workers’ and patients’ lives are being put at risk,” saidTim Wainwright, Chief Executive at international charity WaterAid“Without frontline health workers being able to wash their hands; provide their patients with clean water; or have somewhere decent to go to the toilet, a hospital is not a hospital at all - it’s a breeding ground for disease”Note to Editors:The data in this year’s report include statistics for 165 countries, from surveys representing 760,000 facilities","760,000",How many facilities are there in WaterAid?,"[""saving patients'clean water"", 'accomplished food in Water Aid.', '10,000 - 18,000']"
86," Compared to last year’s baseline report, estimates were available for 125 countries with data from surveys representing 560,000 facilitiesThe data on county progress in implementing the World Health Assembly Resolution represent 47 countries It is the first time these data have been compiled and analyzed",47,How many countries did the data on progress in implementing the World Health Assembly Resolution represent?,"['p field reports from 40 countries', '80 countries', '50']"
87,"Sanitation services are measures taken to ensure the hygienic management of excreta along all stages of the sanitation chain: capture, containment, emptying, transport, treatment and safe disposalAbout the World Health OrganizationThe World Health Organization provides global leadership in public health within the United Nations system Founded in 1948, WHO works with 194 Member States, across six regions and from more than 150 offices, to promote health, keep the world safe and serve the vulnerable","to promote health, keep the world safe and serve the vulnerable",What is the purpose of the World Health Organization?,"['to provide global leadership in public health', 'to help the richest man in the world', 'to provide the world with more health care']"
88," Our goal for 2019-2023 is to ensure that a billion more people have universal health coverage, to protect a billion more people from health emergencies, and provide a further billion people with better health and wellbeingFor updates on COVID-19 and public health advice to protect yourself from coronavirusintand follow WHO onTwitter,Facebook,Instagram,LinkedIn,TikTok,Pinterest,Snapchat,YouTube",health emergencies,What is the goal of COVID-19?,"['health protection', 'health insurance', 'the health care']"
89,"About UNICEFUNICEF works in some of the world’s toughest places, to reach the world’s most disadvantaged children Across more than 190 countries and territories, we work for every child, everywhere, to build a better world for everyoneFollow UNICEF onTwitterandFacebook",190,How many countries and territories does UNICEFUNICEF work in?,"['200', 'The rest of the world', 'Ways to work in the world']"
90,"As world leaders gather virtually at the Special Session of the General Assembly in response to the COVID-19 pandemic, new data published today finds that leaving low- and lower-middle-income countries (LLMICs) without access to vaccines amid the COVID-19 pandemic will cause significant economic damage that puts decades of economic progress at risk – for both LLMICs and advanced economies alikeThe report by the Eurasia Group analyses ten major economies – Canada, France, Germany, Japan, Qatar, South Korea, Sweden, United Arab Emirates, United Kingdom and the United States – to assess the economic benefits to advanced economies of contributing to the work of the Access to COVID-19 Tools (ACT) AcceleratorThe ACT Accelerator, led by WHO and partnering with the world’s leading international health organizations, is a unique global collaboration which supports the development and equitable distribution of the tests, treatments and vaccines the world needs to fight COVID-19",COVID-19 pandemic,What was the cause of the COVID-19 pandemic?,"['World leaders gather at the Special session of the General Assembly', 'Lack of vaccine', 'Low- and low - Middle - middle - middle - middle - middle - middle - middle pandels']"
91," However, the programme still has a significant funding gap of US$ 282 billion – with US$ 43 billion needed urgently to fast-track critical areas of work",US$ 282 billion,What is the funding gap for the programme?,"['US$ 45 bill', 'US$ 37 bill of money', 'US$ 23 Billions']"
92," If that shortfall isn’t met, low- and low-middle income countries will have delayed access to these vital tools in 2021, which will result in a protracted pandemic, with severe economic consequences, not just for these countries by also for the wider global economy The report, which was commissioned by the Bill & Melinda Gates Foundation, finds that the economic benefits of a global equitable vaccine solution alone for the 10 countries included in the analysis would be at least US$ 153 billion in 2020-21, rising to US$ 466 billion by 2025 This is more than 12 times the US$ 38 billion estimated total cost of the ACT Accelerator",2021,When will low- and low-middle income countries have delayed access to these vital tools?,"[' 2020-21', '2066 billion', 'US$ 466 billion']"
93," This figure was compiled using the expected negative effects of sustained coronavirus outbreaks in LLMICs, based on the downside and baseline scenarios of the IMF’s October 2020 World Economic Outlook forecastsSo far, the 10 countries featured in the report have contributed $24 billion to the work of the ACT Accelerator, with the United Kingdom committing just over US$ 1 billion, and Germany, Canada, Japan and France committing US$ 618 million, US$ 290 million, US$ 229 million and US$ 147 million respectively",ACT Accelerator,What organization has contributed $24 billion to the work of the 10 countries featured in the report?,"['World EconomicMessaging forecasts.', 'The United Kingdom', 'The International Economic Outlook forecast']"
94,"In just seven months, the ACT Accelerator’s progress has been significant: over 50 diagnostic tests have been evaluated and new rapid antigen diagnostics have been developed and being made available for LMICs; life-saving Dexamethasone treatments are being rolled out, research into monoclonal antibody treatments is advancing; and through the Health Systems Connector, the health system requirements for delivery of COVID-19 tools have been mapped in 4 out of 6 world regionsCOVAX, the Vaccines Pillar of the ACT Accelerator, has the world’s largest and most diverse portfolio of vaccines It aims to accelerate the development and manufacture of COVID-19 vaccines, and to guarantee fair and equitable access for every participating country",seven months,How long has the ACT Accelerator's progress been significant?,"['five months', 'six years', 'five years']"
95," Working with 189 countries, COVAX is supporting the development of 9 vaccine candidates through CEPI, 8 of which are in clinical trials COVAX has secured hundreds of millions of doses of three promising candidates, including at least 200 million doses for LICs, with the support of the Bill & Melinda Gates FoundationThis new report emphasizes the funding urgency and the return on investment for donor countries of the work of the ACT Accelerator, which published its Urgent Priorities and Financing Requirements on 10 November",10 November,When did the ACT Accelerator publish Urgent Priorities and Financing Requirements?,[]
96,"Dr Tedros Adhanom Ghebreyesus, WHO Director-General, called on countries to commit to the work of the ACT Accelerator, stating that, “The ACT Accelerator is the global solution to ending the acute phase of the pandemic as quickly as possible by ensuring equitable access to COVID-19 tools Contributing to the ACT Accelerator it is not just the right thing to do – it’s the smart thing for all countries – socially, economically and politically”Alexander Kazan, Managing Director for Global Strategy at Eurasia Group and one of the authors of the report said, “There is a clear humanitarian and ethical case for supporting the ACT Accelerator and the Covax facility, along with the obvious economic gains it would bring to developing countries; doing nothing risks reversing years if not decades of economic progress",Dr Tedros Adhanom Ghebreyesus,Who was the WHO Director-General?,"['Dr Tedros Sadhanom', 'The definition of the ACTAcator', 'Alexander Stepan, Director for Global strategy at Humania Group']"
97," But our analysis shows that the program is likely to yield economic and other returns for major donor countries as well The ACT Accelerator is a unique opportunity to save lives, repair the global economy, and build diplomatic capital that will last a generation”Hassan Damluji, Deputy Director at the Bill & Melinda Gates Foundation, commenting on the report’s findings said, “The moral case for an equitable global solution to the COVID-19 crisis has always been clear, but with high-income countries reeling from a huge shock, their governments are increasingly focusing on investments that can help their own economies to rebound",investments that can help their own economies to rebound,What are governments increasingly focusing on in response to the COVID-19 crisis?,"['investment that are intended to help their own countries to rebuild', 'investments in high -income countries', 'investments in building more buildings to improve their own economy']"
98," This report adds to the body of evidence that shows that the ACT Accelerator is precisely one of those investments It is both the right thing to do, and an investment that will pay dividends by bringing the global economy back from the brink, benefiting all nations”Notes to EditorsEurasia GroupEurasia Group is the world's leading global political risk research and consulting firm",the global economy,What is the ACT Accelerator investment that will pay dividends by bringing back from the brink?,"[""the world's leading political risk research and services firm"", 'the all - round development', 'all the countries in the world']"
99," By providing information and insight on how political developments move markets, we help clients anticipate and respond to instability and opportunities everywhere they invest or do business Our expertise includes developed and developing countries in every region of the world, specific economic sectors, and the business and investment playing fields of the future With our best-in-class advisory and consulting offerings and GZERO Media, the Eurasia Group umbrella provides the marketplace with a complete political risk solution",Eurasia Group,What umbrella provides the marketplace with a complete political risk solution?,"['GZ zoo media', 'GZoningMedia', 'GZoning media']"
