,context,answer,question,distractor
1400,"With these new freely-licensed resources, Wikipedia’s more than 250,000 volunteer editors can also build on and expand the site’s COVID-19 coverage, which currently offers more than 5,200 coronavirus-related articles in 175 languages This WHO content will also be translated across national and regional languages through Wikipedia’s vast network of global volunteers“Equitable access to trusted health information is critical to keeping people safe and informed during the COVID-19 pandemic,"" said Dr","more than 250,000",How many volunteer editors can build on and expand the COVID-19 coverage?,[]
1401," Tedros Adhanom Ghebreyesus, Director-General of the World Health Organization ""Our new collaboration with the Wikimedia Foundation will increase access to reliable health information from WHO across multiple countries, languages, and devices""Since the beginning of the pandemic, WHO has taken steps to prevent an “infodemic”— defined by the organization as “an overabundance of information and the rapid spread of misleading or fabricated news, images, and videos","an overabundance of information and the rapid spread of misleading or fabricated news, images, and videos",What is an “infodemic” defined by WHO?,"['an increase in misleading or false news, images, and videos', 'a rapidly spread of false or false information', 'an overaboodantance of information']"
1402,"”Wikipedia editors have similarly been on the frontlines of preventing the spread of misinformation surrounding the coronavirus, ensuring information about the pandemic is based on reliable sources and updated regularly on WikipediaBy making verified information about the pandemic available to more people on one of the world’s most-visited knowledge resources, the organizations aim to help curb this infodemic and ensure everyone can access critical public health information“Access to information is essential to healthy communities and should be treated as such,” said Katherine Maher, CEO at the Wikimedia Foundation",Katherine Maher,Who is the CEO of the Wikimedia Foundation?,"['Wikipedia', 'Wikipedia editor', 'TheWikipedia Foundation']"
1403," “This becomes even more clear in times of global health crises when information can have life-changing consequences All institutions, from governments to international health agencies, scientific bodies to Wikipedia, must do our part to ensure everyone has equitable and trusted access to knowledge about public health, regardless of where you live or the language you speak”WHO has served as the leading international health agency spearheading the global response to the coronavirus outbreak",global response,What has WHO been the leading international health agency?,"['International health agencies, scientific bodies and Wikipedia', 'international health agency', 'global health crisis']"
1404," Since the beginning, WHO has worked to rapidly establish international coordination, scale up country readiness and response, and accelerate research and innovation Today, as information on the transmission and epidemiology of the virus evolves, WHO continues to provide essential guidance and public health recommendations to governments, communities and individuals everywhereAt the same time, Wikipedia volunteer editors, many of whom are from the medical community, have been creating, updating, and translating Wikipedia articles with information from reliable sources about the pandemic",the pandemic,What is the name of the pandemic?,"['Wikipedia articles', 'the volunteer editors', 'the Wikipedia volunteer editor']"
1405," As one of the top ten sites in the world, studies have shown that Wikipedia is one of the most frequently viewed sources for health informationAt the moment, readers can access WHO’s mythbusting series of infographics on Wikimedia Commons The infographics, which focus on addressing common misconceptions about COVID-19, are also available for Wikipedia editors to incorporate into Wikipedia articles",Wikipedia editor,Who can access WHO's mythbusting series of infographics on Wikimedia Commons?,"['Wikipedia user', 'Wikipedia editors', 'Wikipedia users']"
1406,"In the coming months, the Wikimedia Foundation and WHO will continue uploading resources to Wikimedia Commons and collaborating with Wikipedia volunteer editors to better understand gaps in information needs on Wikipedia articles related to COVID-19 and how WHO resources can help fill these gapsAdditionally, under the Creative Commons Attribution-ShareAlike license, other organizations, individuals, and websites can more easily share these materials on their own platforms without having to address stricter copyright restrictionsAbout the World Health OrganizationThe World Health Organization provides global leadership in public health within the United Nations system",the World Health Organization,Who provides global leadership in public health within the United Nations system?,"['Wikipedia', 'The Wikipedia Foundation', 'theWikipedia Foundation.']"
1407," Founded in 1948, WHO works with 194 Member States, across six regions and from more than 149 offices, to promote health, keep the world safe and serve the vulnerable Our goal for 2019-2023 is to ensure that a billion more people have universal health coverage, to protect a billion more people from health emergencies, and provide a further billion people with better health and wellbeingFor updates on COVID-19 and public health advice to protect yourself from coronavirus, visit www",www,Where can you find updates on COVID-19 and public health advice to protect yourself from coronavirus?,"['www. health. health.', 'At present', 'In the information on COffic-19']"
1408,"int and follow WHO on Twitter, Facebook, Instagram, LinkedIn, TikTok, Pinterest, Snapchat, YouTube, and TwitchAbout the Wikimedia FoundationThe Wikimedia Foundation is the nonprofit organization that operates Wikipedia and the other Wikimedia free knowledge projects Our vision is a world in which every single human can freely share in the sum of all knowledge",Wikimedia Foundation,What is the name of the nonprofit organization that operates Wikipedia and other Wikimedia free knowledge projects?,"['Wikipedia Free knowledge project', 'TheWikipedia Foundation.', 'The Wikipedia Foundation']"
1409," We believe that everyone has the potential to contribute something to our shared knowledge, and that everyone should be able to access that knowledge freely We host Wikipedia and the Wikimedia projects, build software experiences for reading, contributing, and sharing Wikimedia content, support the volunteer communities and partners who make Wikimedia possible, and advocate for policies that enable Wikimedia and free knowledge to thrive The Wikimedia Foundation is a United States 501(c)(3) tax-exempt organization with offices in San Francisco, California, USA","San Francisco, California, USA",Where is The Wikimedia Foundation located?,"['The Wikipedia Foundation in the US', 'At the same time as the Wikipedia Foundation', 'The Wikipedia, the US reveal its information']"
1410,"Special edition cover of the classic song “We Are Family’ will be accompanied by a worldwide viral video starring celebrities, frontline health heroes, leaders and members of the public singing together in a show of solidarity and support for addressing present and future global public health needs, including COVID-19Launching today, the #WeAreFamily video campaign will invite people worldwide to star in the music video, recording videos of themselves with their close family and friends singing the song and then sharing this on their social media channels Part of the proceeds from the new song, being released 9 Nov, will be donated to the WHO Foundation to support the response to COVID-19 and promotion and protection of health for people around the world",WHO Foundation,Who will donate the proceeds from the new song to?,"['A worldwide viral video', 'The song', 'people in the world']"
1411,"A special edition cover of Sister Sledge’s timeless hit We Are Family will be released in a new and inspiring call for global solidarity to respond to the COVID-19 pandemic and to generate proceeds to address the most pressing global health challenges of our time The initiative is being launched by The World We Want, the global social impact enterprise, and Kim Sledge, part of the legendary multi-Gold and Platinum recording music group, in benefit of the WHO Foundation, and supported by the World Health Organization (WHO)This new initiative, being launched ahead of United Nations Day on 24 October, will also be accompanied by a unique video and social media campaign, and sound a bold and hopeful call for solidarity, unity, and collaboration to promote and protect the health and wellbeing for every person on the planet",We Are Family,What is the name of Sister Sledge's hit?,"['A World WeWant', 'Ways of solving the world Health issue', 'A global calling for worldwidearity']"
1412,"A call for solidarityThe inspiration to release a special edition of the classic track came in March 2020 as communities around the world were left reeling from the impact of COVID-19Kim Sledge said: “From the doctors and nurses on the front lines, to the paramedics and police, from the midwives and scientists to the carers for the vulnerable, the We Are Family initiative will salute each and every one with a feeling of unity, strength and solidarity in response to the unprecedented challenges the world faces as a result of the coronavirus outbreak”“There are many people who motivated me to embark on this new initiative in support of making We Are Family come to life, and who are very dedicated to finding ways to conquer this crisis",March 2020,When did the special edition of The We Are Family come out?,"['June 20', ' March 4', 'September 2016']"
1413," They include my close family friend Lou Weisbach, my Mercy Seat Ministry brothers and sisters, and all of the global health workers, scientists, the essential labourers, care givers and emergency personnel around the world who have been working day and night during the pandemic in support of others,” added Kim, a vocalist, philanthropist, novelist, songwriter, producer and MinisterUsing music’s universal power in bringing the world together, the #WeAreFamily campaign is focused on raising awareness on, and much needed resources for, addressing global public health needs, from emergency preparedness, outbreak response, and stronger health systems to promoting mental health and preventing non-communicable diseasesNatasha Mudhar, founder of The World We Want and the driving force behind the #WeAreFamily campaign, said: “We Are Family is one of the most instantly recognizable anthems in the world",Lou Weisbach,Who is a close family friend of the #WeAreFamily campaign?,"['The World WeWant', 'MichaelWeAre Family', 'MichaelWe AreFamily']"
1414," The song carries such an inspiring message of unity and solidarity We are certain that the We Are Family song and video initiative is being launched at the right time It is a rallying cry for togetherness, for the strength of our global family",unity and solidarity,What is the message of the We Are Family song?,"['family life and brotherhood', 'The We Are Family song and its expression', 'the strength of our global family']"
1415," We are all together during these times”Special edition version song to support health effortsThe special edition of the classicWe Are Familysong will bereleasedonlinefor download on 9 November 2020in conjunction with theopening of the World Health Assembly, at whichKim Sledgeis also scheduled toperformthe song alongside choral singers from New York to Tonga A portion of the song’s proceeds will be donated to the WHO Foundation to support the delivery of life-saving health services",WHO Foundation,What organization will the proceeds of the song go to to support the delivery of life-saving health services?,"['We Are Family sing', 'The World Health Assembly', 'the World Health Nations']"
1416,"Dr Tedros Adhanom Ghebreyesus, the Director-General of the World Health Organization, said: “We Are Family is more than a song It is a call to action for collaboration and kindness, and a reminder of the strength of family and the importance of coming together to help others in times of need”Dr Tedros added: “Now more than ever, communities and individuals all over the world need to heed this message and come together, as a global family, to support each other through this COVID-19 challenge, and to remember that our health and wellbeing is our most precious gift",our health and wellbeing,What is our most precious gift?,"['our family and our health and health', 'our family in times of need', 'our healthy and family members']"
1417," I am grateful to Kim Sledge and the World We Want for sharing this masterpiece and message of hope with us all It is only through national unity and global solidarity that we will overcome COVID-19 and ensure people all over the world attain the highest level of health and well-being""Join the We Are Family video campaignIn support of the song’s release, a call is being launched today (19 October) for people worldwide to submit videos of themselves singing We Are Family for inclusion in a unique and inspiring compilation video for release on 7 December 2020",7 December 2020,When is the We Are Family video released?,[]
1418," This video will honour the incredible work of the frontline workforces risking their lives around to save ours, and all those around the world who have been affected by the pandemicTo submit sing-along videos to the Special Edition Cover Version of the We Are Family song, the key steps are:Record yourself singing We Are Family either alone, or with friends and family, whilst observing physical distancing guidelinesShare the video on your favourite social media channel, with the hashtag #WeAreFamily #COVID19 #HealthforAll and tag @WHO, @The_WorldWeWant and @thewhof",the pandemic,What was the cause of the We Are Family video?,"['the We Are Family song', 'the We Are Family songParentswang it. [', 'people who are affected by the pandemails']"
1419,"Upload your video to https://unitystrongIf you want your video to be considered for inclusion in the global We Are Family video, you will need to share your video by Monday, 30 November 2020Video clips will be selected based on age, geographical diversity, and appropriate physical distancing if the video includes groups of people beyond immediate family members and correct handwashing if singing along to the song while washing hands","Monday, 30 November 2020",When will you need to share your video?,[]
1420,"More details including Terms & Conditions can be found here wwwFor further information, please contact The World We Want: WAFmedia@theworldwewantNew commitments from governments, international organizations and the private sector support unified approach to end pandemic, backing a response of unprecedented scale, scope and speed­—through the Access to COVID-19 Tools Accelerator­—as pandemic claims more than 1 million livesRecent Commitments at a Glance:United Kingdom – £571m (US$ 732m) for COVAX pillar of the Access to COVID-19 Tools- (ACT) Accelerator, of which up to £500m (US$ 641m) is to support low- and middle-income countries",£500m,How much is the COVAX pillar of the Access to COVID-19 Tools- (ACT) Accelerator?,"['$ 66,000', ' vaccine - at -&532m', '$600m for the access to CODAX Part of theAT']"
1421," This includes a commitment to match £1 for every US$ 4 committed by others up to £250m (US$ 321m)Canada - CAD 440m (US$ 332m) for the COVAX pillar of the ACT-Accelerator, of which CAD 220 (US$ 166m) is to support low & middle income countriesGermany - EUR 100m (US$ 117m) for the COVAX pillar of the ACT-Accelerator, all of which is to support low and middle income countriesSweden - US$ 10m for the COVAX pillar of the ACT-Accelerator, all of which is to support low and middle income countriesWorld Bank – US$ 12 billion to support developing countries to purchase COVID-19 vaccines as soon as they are available (to be ratified by their shareholders)A coalition of 16 pharmaceutical companies and the Bill & Melinda Gates Foundation signed an agreement to cooperate on vaccine manufacturing and to scale up productionThe United Nations and its partners today welcomed a monumental show of solidarity as governments, private sector, civil society and international organizations committed support to the Access to COVID-19 Tools- (ACT) Accelerator initiative launched by the World Health Organization alongside international partnersToday, nearly US$1 billion in new financing has been committed to the initiative - the world’s most comprehensive multilateral end-to-end solution to the devastating COVID-19 pandemic",US$1 billion,How much money has been committed to the Access to COVID-19 Tools- (ACT) Accelerator initiative?,"['US$ ld', 'US$ 42.25', 'US$ 120m']"
1422,"The ACT-Accelerator, which wasco-launched bythe World Health Organization, European Commission, France and the Bill & Melinda Gates Foundationjust five months ago, needs an additional US$35 billion to realize its goals of producing 2 billion vaccine doses, 245 million treatments and 500 million tests The new commitments to the initiative are welcome and will be leveraged to catalyze further funding to continue the ACT-Accelerator’s groundbreaking workMost urgently, the ACT-Accelerator requires US$15 billion to support immediate capacity-building—for research and development, manufacturing, procurement and delivery systems—by the end of the year",US$15 billion,What does the ACT-Accelerator require to support?,[]
1423,"Convening a high-level event at the 75th Session of the UN General Assembly to urgently mobilize support for the ACT-Accelerator, Secretary-General António Guterres commended on the “extraordinary international effort to address a human crisis like no other in our lifetimes,” adding that more efforts must be made to further “deepen” the remarkable progress so far“It is in every country’s national and economic self-interest to work together to massively expand access to tests and treatments, and to support a vaccine as a global public good—a “people’s vaccine” available and affordable for everyone, everywhere””The ACT-Accelerator—including its COVAX Facility—is the vehicle to get us there",the 75th Session of the UN General Assembly,At what event was the ACT-Accelerator held?,"['the UN General Nations', ""the UNGeneral's Day"", 'The first time that the ACT-Ac accelerationator was held']"
1424," Investing in the ACT-Accelerator will accelerate every country’s own recovery,” said Mr Guterres who co-hosted the event with the United Kingdom’s Foreign Secretary Dominic Raab, South Africa’s Health Minister Zweli Mkhize, and the Director-General of World Health Organization, Dr Tedros Adhanom Ghebreyesus",Dr Tedros Adhanom Ghebreyesus,Who was the Director-General of World Health Organization?,"['Mr Greschres', 'The Minister of Health Minister', 'Mr G spareres']"
1425,"Unprecedented Global CollaborationThe ACT-Accelerator, which was launched just five months ago, is an unprecedented global collaboration of the world’s top international health organizations working together to accelerate the development, production, and equitable delivery of COVID-19 tests, treatments, and vaccines“We have a duty to ensure vaccines, treatments and tests for COVID-19 are available to all—stopping the global spread of the pandemic protects the British people and will put humanity on the road to recovery Collaboration through the ACT-Accelerator is critical to promoting development, production and access for all countries,” said UK Foreign Secretary Dominic Raab",UK Foreign Secretary Dominic Raab,"Who said that collaboration through the ACT-Accelerator is critical to promoting development, production and access for all countries?","['UK governmentForeign Secretary David Raab.', ""The world's top international health organizations"", ""China's National Health Organization""]"
1426,"The United Kingdom recently committed up to £571m (approximately US$ 732m) for COVAX This includes up to £500m for the Gavi Advanced Market Commitment for COVID-19 (COVAX AMC) vaccines—a financing instrument that incentivises vaccine manufacturers to produce sufficient COVID-19 vaccines to ensure access for developing countriesToday, the UK Foreign Secretary called for more support, pledging that this £500m commitment would include £1 (IS$ 1",£500m,How much did the United Kingdom commit to COVAX?,"['732m', ' vaccine companies', ' vaccine manufacturers']"
1427,"29) in matched funding for every US$4 committed by others for up to £250m (approximately US$ 321m)Germany, Canada and Sweden have also made new commitments to the COVAX AMC of Euro 100 million, CAD$ 220 million and US$ 10 million respectively These are eligible for matching with today’s UK matching commitment",UK matching commitment,What is the COVAX AMC eligible for matching with today?,"['Germany matched funding', 'Germany $ 10 million', 'Germany, Canada and Sweden']"
1428,"”Science is giving us solutions, in the form of new tests, therapeutics and­—hopefully—a vaccine But science and solutions will be ineffective without solidarity,” said Dr Tedros Adhanom Ghebreyesus, WHO Director-General“I am grateful for the generous financial commitments made today, but we still have a significant funding gap to close",funding gap,What gap does the WHO still have to close?,"['science and solutions', 'money gap', 'fruitive gap']"
1429," Fully financing the ACT Accelerator will help to control the pandemic, restore confidence and stimulate the global recovery Frankly, this is not a financial challenge, it’s a test of solidarity This is a moment for saying no to nationalism and yes to our shared humanity",ACT Accelerator,"What will help to control the pandemic, restore confidence and stimulate the global recovery?","['UNESCO', 'A key to the economic recovery', 'Facing the pandemic']"
1430," Because ultimately, the ACT Accelerator is not delivering merely vaccines, diagnostics and therapeutics It’s delivering something far more important—hope”“We must confront this health crisis as a global challenge, together in solidarity and cooperation with one another, working toward a global solution",ACT Accelerator,"What is not delivering vaccines, diagnostics and therapeutics?","['AMERator', 'Vaccational medicine', ' ACTronator']"
1431," We have to generate the key tests, treatments and vaccines that we all need, and make sure they are distributed equitably to people who most need them, regardless of where they live and whether their country is wealthy or not,” said South Africa’s Health MinisterZweli Mkhize, adding that large parts of the population especially in developing countries remain “vulnerable and marginalized during this pandemic”Today’s event highlighted the substantial results achieved by the Access to COVID-19 Tools Accelerator initiative since its launch: the availability of 120 million affordable and high-quality rapid tests for low- and middle-income countries; a breakthrough in trials with, and a rapid rollout of, Dexamethasone—the only drug found to make a significant difference to patient mortality; the creation of the COVAX Facility – the global mechanism to ensure equitable access to eventual COVID-19 vaccines regardless of income -comprising 168 economies and the largest and most diverse vaccine portfolio in the world, with nine candidate vaccines under evaluation, eight of them in clinical trialsIn another significant show of support, a coalition of 16 pharmaceutical companies and the Bill & Melinda Gates Foundation signed an agreement to cooperate on vaccine manufacturing and to scale up production at an unprecedented speed, ensuring that approved vaccines are more broadly accessible and distributed as early as possible",ensuring that approved vaccines are more broadly accessible and distributed as early as possible,What did the Bill & Melinda Gates Foundation do to ensure that approved vaccines are more broadly accessible and distributed as early as possible?,"['promising to cooperate on vaccine manufacturing', 'having 16 vaccine companies cooperate on vaccine manufacturing', 'to ensure that approved vaccines are more widely spread around the world']"
1432,"”“A number of countries, most recently the United Kingdom and Canada, are good models for what other wealthy nations should do They have donated enough money for COVAX, the vaccine pillar of the ACT-Accelerator, to procure, probably, hundreds of millions of vaccine doses for poor countries But more will be needed and I hope wealthy nations will continue to be generous",COVAX,What is the vaccine pillar of the ACT-Accelerator?,"['AIDS', 'Vaccine dose', 'The ACT -ac accelerationator']"
1433,"”The World Bank unveiled plans this week for a significant financial commitment to support developing countries to purchase COVID-19 vaccines as soon as they are availableWorld Bank President David Malpass said that once the plans are ratified by stakeholders, “having up to US$ 12 billion available in finance will be a game changer because once a safe and effective vaccine is available, it will allow people to resume their lives with confidence”Investing in Global RecoveryThe ACT-Accelerator Investment Case illustrates the considerable economic benefits of collectively accelerating the development and deployment of tools to rapidly reduce the risk of severe COVID-19 disease globally",ACT-Accelerator Investment Case,What illustrates the economic benefits of accelerating the development and deployment of tools to rapidly reduce the risk of severe COVID-19 disease globally?,"['Developing Countries to purchase CO Choose-19 vaccine', 'Importance of COUV-19 vaccine', 'investing in Global recovery']"
1434," Prior to UNGA 2020, the ACT-Accelerator has raised US$3 billion out of a need of US$38 billion More detail can be found in the Act-Accelerator investment caseThe economic rationale for investing in an approach that can accelerate the end of the COVID-19 crisis remains clear",the COVID-19 crisis,What is the economic rationale for investing in an approach that can accelerate the end of?,"['the ACT-Ac accelerationator investment case', 'the act-ac accelerationatorinvestment case', 'the act-Ac acceleration approach']"
1435,"The ACT-Accelerator is not a decision-making body or a new organization, it works to speed up collaborative efforts among existing organizations to end the pandemic It is a framework for collaboration that has been designed to bring key players around the table with the goal of ending the pandemic as quickly as possible through the accelerated development, equitable allocation, and scaled up delivery of tests, treatments and vaccines, thereby protecting health systems and restoring societies and economies in the near termIt draws on the experience of leading global health organizations which are tackling the world’s toughest health challenges, and who, by working together, are able to unlock new and more ambitious results against COVID-19",COVID-19,Who is the ACT-Accelerator able to unlock new and more ambitious results against?,"[""The world's toughest health challenges"", 'Necessary release of tests, treatments and vaccine', 'End the pandemic']"
1436," Its members share a commitment to ensure all people have access to all the tools needed to defeat COVID-19 and to work with unprecedented levels of partnership to achieve itThe ACT-Accelerator comprises four pillars: diagnostics, therapeutics, vaccines and health system strengtheningThe diagnostics pillar, co-convened by the Global Fund and FIND, is focused on bringing to market 2–3 high-quality rapid tests, training 10 000 healthcare professionals across 50 countries and establishing testing for 500 million people in Low and Middle-Income countries by mid-2021",500 million,How many people are tested in Low and Middle-Income countries by 2021?,"['50 countries', '20 percent of the people are tested in low and Middle-Income countries by mid-2021', '500,000']"
1437,"The therapeutics pillar is led by Unitaid and The Wellcome Trust Therapeutics can play a role in all stages of COVID-19 disease: to prevent infection; suppress symptoms and spread of infection to others; treat or prevent symptoms; as a life-saving treatment for severe symptoms; and as a treatment that can speed up recovery The aim in the next 12 months is to develop, manufacture and distribute 245 million treatments, helping COVID-19 sufferers to recover from the disease",245 million,How many treatments can COVID-19 sufferers receive in the next 12 months?,"['50 million treatments', '66 million', '66 million patients can get treatment']"
1438,"The vaccines pillar, convened by CEPI, Gavi and WHO, is speeding up the search for an effective vaccine for all countries At the same time, it is supporting the building of manufacturing capabilities, and buying supply, ahead of time so that 2 billion doses can be fairly distributed by the end of 2021The health systems connector pillar, led by the World Bank and the Global Fund, is working to ensure that these tools can reach the people who need them",the World Bank and the Global Fund,Who led the health systems connector pillar?,"['who led the health systems connectingpill', 'the World Bank', 'A health system connectingpillar']"
1439,"Cross cutting all of these is the workstream on Access & Allocation, hosted by the World Health OrganizationFor more information, please visit:WHO ACT-Accelerator Website: whoint/initiatives/act-acceleratorStatus Report & Plan: bit",Access & Allocation,What is the workstream on?,"['visitor : whoint/initiatives/act-ac accelerationator', ' ACT-Ac accelerationator', ' ACT-accelerator']"
1440,ly/ACTAcceleratorStatusReportEconomic Investment Case: bitly/ACTAcceleratorInvestmentCaseUN COVID-19 Response Portal: unorg/en/coronavirusArchived video of the event is available on UN Web TV,UN Web TV,Where is the video of the event available?,"['UN web TV.', 'UN WebTV.', 'ATAc accelerationator']"
1441,"The Coronavirus disease (COVID-19) is the first pandemic in history in which technology and social media are being used on a massive scale to keep people safe, informed, productive and connectedAt the same time, the technology we rely on tokeep connected and informed is enabling and amplifying an infodemic that continues to undermine the global response and jeopardizes measures to control the pandemicAn infodemic is an overabundance of information, both online and offline",the global response,What is an infodemic that continues to undermine?,"['the overabraised information online', 'an overab homediment of information online', 'the technology and social media']"
1442," Without the appropriate trust and correct information, diagnostic tests go unused, immunization campaigns (or campaigns to promote effective vaccines) will not meet their targets, and the virus will continue to thriveFurthermore, disinformation is polarizing public debate on topics related to COVID-19; amplifying hate speech; heightening the risk of conflict, violence and human rights violations; and threatening long-terms prospects for advancing democracy, humanrights and social cohesionIn this context, the UN Secretary- General launched the United Nations Communications Response initiative to combat the spread of mis- and disinformation in April 2020",the United Nations Communications Response initiative,What did the UN Secretary-General launch to combat the spread of mis- and disinformation in April 2020?,"[""the UN Secretary-General's Office"", 'the UN secretary- General', ' mis - and liar spreading media']"
1443," The UN also issued a Guidance Note on Addressing and Countering COVID-19 relatedHate Speech (11 May 2020)At the World Health Assembly in May 2020, WHO Member States passed Resolution WHA731 on the COVID-19 response",WHO Member States,Who passed Resolution WHA731 on the COVID-19 response?,"['The UN', ' WHO', 'The World Health Organization']"
1444," The Resolution recognizes that managing the infodemic is a critical part of controlling the COVID-19 pandemic: it calls on Member Statesto provide reliable COVID-19 content, take measures to counter mis- and disinformation and leverage digital technologies across the response The Resolution also calls on international organizations to address mis- and disinformation in the digitalsphere, work to prevent harmful cyber activities undermining the health response and support the provision of science-based data to the publicThe UN system and civil society organizations are using their collective expertise and knowledge to respond to the infodemic",the COVID-19 pandemic,What does the Resolution recognize that managing the infodemic is a critical part of controlling?,"['the UN system and civil society organizations', 'the accurate use of the technology', 'the information- based approach to the infodem']"
1445," At the same time, as the pandemic continues to create uncertainty and anxiety, there is an urgent need for stronger actionto manage the infodemic, and for a coordinated approach among states, multi-lateral organizations, civil society and all other actors who have a clear role and responsibility in combatting mis- and disinformationWe call on Member States to develop and implement action plans to manage the infodemic by promoting the timely dissemination of accurate information, based on science and evidence,to all communities, and in particular high-risk groups; and preventing the spread, and combating, mis- and disinformation while respecting freedom of expressionWe urge Member States to engage and listen to their communities as they develop their national action plans, and to empower communities to develop solutions and resilience againstmis- and disinformation",to empower communities to develop solutions and resilience againstmis- and disinformation,What do Member States urge to do to prevent mis- and disinformation?,"['to help all communities to develop their national action plans', 'to encourage communities to develop solutions and bravery', 'to give more attention to the fight against mis - and spreading']"
1446,"We further call on all other stakeholders - including the media and social media platforms through which mis- and disinformation are disseminated, researchers and technologists who can designand build effective strategies and tools to respond to the infodemic, civil society leaders and influencers - to collaborate with the UN system, with Member States and with each other, and to further strengthen their actions to disseminate accurate information and prevent the spread of mis- and disinformation64 higher income economies have now joined the COVAX Facility, with a further 38 economies expected to sign in the coming days These self-financing economies, which include 29 from ‘Team Europe’ participating as part of an agreement with the European Commission, join 92 lower income economies eligible for financial support through the Gavi COVAX Advance Market CommitmentThis means a total of 156 economies, representing nearly two-thirds of the global population, are now committed to or eligible to receive vaccines through the Facility Click here for the list of economies64 higher income economies have joined the COVAX Facility, a global initiative that brings together governments and manufacturers to ensure eventual COVID-19 vaccines reach those in greatest need, whoever they are and wherever they live These 64 economiesinclude commitments from 35 economies as well as the European Commission which will procure doses on behalf of 27 EU member states plus Norway and Iceland",27,How many EU member states will the European Commission procure doses for?,"['35', '32', '34']"
1447,"By pooling financial and scientific resources, these participating economies will be able to insure themselves against the failure of any individual vaccine candidate and secure successful vaccines in a cost-effective, targeted wayThe 64 members of the Facility will be joined by 92 low- and middle-income economies eligible for support for the procurement of vaccines through the Gavi COVAX Advance Market Commitment (AMC), a financing instrument aimed at supporting the procurementof vaccines for these countries This means that 156 economies, representing roughly 64% of the global population in total, are now either committed to or eligible for the COVAX Facility, with more to follow",156,How many economies are now either committed to or eligible for the COVAX Facility?,"[' markets.', '93.4 % of the global population', '93']"
1448,"With the Commitment Agreements secured, the COVAX Facility will now start signing formal agreements with vaccine manufacturers and developers, which are partners in the COVAX effort, to secure the doses needed to end the acute phase of the pandemic bythe end of 2021 This is in addition to an ongoing effort to raise funding for both R&D and for the procurement of vaccines for lower-income countries via the Gavi COVAX AMC“COVAX is now in business: governments from every continent have chosen to work together, not only to secure vaccines for their own populations, but also to help ensure that vaccines are available to the most vulnerable everywhere,” said DrSeth Berkley, CEO of Gavi, the Vaccine Alliance, which is coordinating the COVAX Facility",the Vaccine Alliance,What organization coordinates the COVAX Facility?,"['the vaccine manufacturers', 'Gchildren, the vaccines manufacturers and builders', 'the COVX Programme']"
1449," “With the commitments we’re announcing today for the COVAX Facility, as well as the historic partnership we are forging with industry, we now standa far better chance of ending the acute phase of this pandemic once safe, effective vaccines become available”The COVAX Facility is part of COVAX, the vaccines pillar of the Access to COVID-19 Tools (ACT) Accelerator, which is co-led by the Coalition for Epidemic Preparedness Innovations (CEPI), Gavi, the Vaccine Alliance, and the World Health Organization (WHO)– working in partnership with developed and developing country vaccine manufacturers, UNICEF, the World Bank, Civil Society Organisations and othersThe allocation of vaccines, once licensed and approved, will be guided by an Allocation Framework released today by WHO following the principle of fair and equitable access, ensuring no participating economy will be left behind",no participating economy,What does the Allocation Framework ensure?,"['all the vaccines available', 'all the vaccine manufacturers', 'all the subjects that will be available']"
1450,"Working together through the COVAX Facility is not charity, it’s in every country’s own best interests to control the pandemic and accelerate the global economic recovery”The commitment of fully self-financing economies will now unlock vital funding and the security of demand needed to scale up manufacturing and secure the doses needed for the Facility CEPI is leading COVAX vaccine research and development work, whichaims to develop at least three safe and effective vaccines which can be made available to economies participating in the COVAX Facility",the global economic recovery,What is the goal of working together through the COVAX Facility?,"['the development of vaccine production', 'the problem of AIDS in the world', 'the development of economy of the country']"
1451," “Countries coming together in this way shows a unity of purpose and resolve to end the acute phase of this pandemic, and we must now workclosely with vaccine manufacturers—who play an integral part in the global response—to put in place the agreements needed to fulfil COVAX’s core aim: to have two billion vaccine doses available by the end of 2021 Today, we havetaken a great leap towards that goal, for the benefit of all”The success of COVAX hinges not only on economies signing up to the COVAX Facility and commitments from vaccine manufacturers, but also filling key funding gaps for both COVAX research and development (R&D) work and the Gavi COVAX AMC to support participationof lower income economies in the COVAX Facility",Gavi COVAX AMC,Who supports participation of lower income economies in the COVAX Facility?,"['Who is interested in the COUVX Program?', 'The COVX Programme', 'The present \n COXerences']"
1452,"Governments, vaccine manufacturers (in addition to their own R&D), organisations and individuals have committed US$ 14 billion towards vaccine R&D so far, but a further US$ 700-800 million is urgently needed to continue to move the portfolioforward in addition to US$ 300 million to fund WHO’s SOLIDARITY trialThe Gavi COVAX AMC has raised around US$ 700 million from sovereign donors as well as philanthropy and the private sector, against an initial target of US$ 2 billion in seed funding needed by the end of 2020",US$ 700 million,How much has the Gavi COVAX AMC raised?,"['US$ 14 billion', '$ US$ 14 billion [ : Zxxk. Com ]', 'US$ 500,000']"
1453," Funding the Gavi COVAX AMC will be criticalto ensuring ability to pay is not a barrier to accessing COVID-19 vaccines, a situation which would leave the majority of the world unprotected, with the pandemic and its impact continuing unabatedThe Commitment Agreements also commit higher income governments to provide an upfront payment to reserve doses by 9 October 2020 These funds will be used to accelerate the scale-up of vaccine manufacturing to secure two billion doses of vaccine, enoughto vaccinate one billion people assuming the vaccine requires a two-dose regimen",assuming the vaccine requires a two-dose regimen,How will the Gavi COVAX AMC be used to vaccinate one billion people?,"['if the vaccine can be afford', 'considered to be one billion people', 'accomplishing two billion square - up vaccines']"
1454," Further details on these upfront payments are available in Gavi’s COVAX Facility ExplainerAs well as procuring doses for participating economies, the COVAX Facility will also maintain a buffer of doses for emergency and humanitarian useParticipating country comments“COVID-19 poses serious health concerns to people everywhere, and that’s why Canada is committed to working with partners around the world to end the pandemic,” said the Rt",COVID-19,What poses serious health concerns to people everywhere?,"['Canada', 'Canada is committed to working with partners around the world to end the pandemic', ""Gavian's COVX facilities""]"
1455," Justin Trudeau, Prime Minister of Canada “Equitable,timely, and affordable access to a safe and effective COVID vaccine will be critical to help protect people’s health Canada supports the objectives and principles of the COVAX Facility as the only global pooled procurement mechanism for countriesto collaborate on this monumental undertaking",COVAX Facility,What is the only global pooled procurement mechanism for countries to collaborate on this monumental undertaking?,"['Canada Canada', 'CanadaHealthcare Canada.', 'Canada']"
1456," Our country is a part of this important global response”“New Zealand’s commitment to the COVAX Facility supports access to vaccines against COVID-19 for other countries too,” said Rt Hon Jacinda Ardern, Prime Minister of New Zealand“COVAX and the idea of equal access to a COVID-19 vaccine, regardless of ability to pay, is not just a moral imperative, it is the only practical solution to this pandemic",the idea of equal access to a COVID-19 vaccine,What is the only practical solution to the pandemic?,"['the COUVX Program', 'the idea of CODAX', 'the new measures and the CODAX facilities']"
1457," Protecting everyone is the only way we can return our world – ourtrade, tourism, travel, business – to normal,” said the Honourable Dr Edwin G Dikoloti, Minister of Health and Wellness for Botswana “We urge those countries who have not yet signed up to do so",Protecting everyone,What is the only way we can return our world to normal?,"['Protecting some countries', 'Protecting people from losing their jobs', 'returning our whole world to Business completelying like normal. \n :']"
1458," We have seen this time and again through our work with Gavi and Alliance partners,” said Dr Lia Tadesse, Minister of Health for Ethiopia“By being a part of the COVAX Facility and the AMC we can continue this work and protect our citizens - and the world - against the impact of COVID-19”“With COVAX, the world is joining forces and proving that together, we are stronger – and together, we can defeat this pandemic,” said Ekaterine Tikaradze, Minister of Health for Georgia",Ekaterine Tikaradze,Who is the Minister of Health for Georgia?,"['D Lia Taresse', 'Dr Lia Tadesse', 'D Lia Tadese, Minister of Health for Ethiopia']"
1459," “Georgia will be joining the COVAX Facilityto give our citizens the best chance at having access to safe vaccines By doing this, we also make sure health care workers and other high risk persons all over the world have access to these life-saving tools, helping to bring the pandemic undercontrol – and we can all recover and rebuild”“Joining the COVAX Facility was not a difficult decision – not only will this give Kuwaiti citizens access to COVID-19 vaccines as they become available, it will also mean our friends and partners outside our borders also get access,”said His Excellency Sheikh Dr Basel HumoudAl-Sabah, Minister of Health of the State of Kuwait",the best chance at having access to safe vaccines,What does the COVAX Facility give Kuwaiti citizens?,"['the opportunity to have access to life -saving tools', 'the only choice of health care workers', 'the only choice for those who are good at taking drugs']"
1460," “We need a global solution to this global pandemic: we believe COVAX is that solution”“We believe international cooperation – a global effort – is key,” said Dag-Inge Ulstein, Minister of International Development for Norway “We must continue to work for equitable access to vaccines, tests and treatments",global pandemic,What is COVAX a solution to?,"['International cooperation', ' global cooperation', 'Global cooperation']"
1461,"To defeat the coronavirus pandemic, well-off countries need to act swiftly and boldly to make vaccines and treatments available to those who cannot afford to pay themselves With the commitments to the COVAX facility we are heading in the right direction”“This is a hugely important initiative, which could offer us a path out of the acute phase of this pandemic and a return to normality,” said His Excellency Dr Ahmed Mohammed Obaid Al Saidi, Minister of Health of the Sultanate of Oman",the coronavirus pandemic,"To defeat what pandemic, well-off countries need to act swiftly and boldly to make vaccines and treatments available to those who cannot afford","['the COUVX facilities', ""people who can't afford the vaccines and treatments"", 'the vaccine and treatment of the pandem']"
1462," “Iwould urge every country that has not yet done so to sign up, for all our sakes It is far better for us to work together than apart”Partner comments“The history of vaccines will be defined by our response to COVID-19; the COVAX facility is at the epicenter of this response",COVAX facility,What is the epicenter of the response to COVID-19?,"[' CODAX facilities', ' COideX technology', 'VioX facilities']"
1463," Industry is at the forefront in vaccines development and manufacturing leading to supplies of several billion doses withinthe next few years”, said Mr Prasad, President of the Developing Countries Vaccine Manufacturers’ Network (DCVMN) “The COVAX facility will have a major impact on lives, livelihoods and accelerate the return to normalcy forcountries",COVAX facility,"What facility will have a major impact on lives, livelihoods and the return to normalcy forcountries?","[' Industry in vaccine development and manufacturing', ' Industry', 'Vacine manufacturing']"
1464," The DCVMN is fully engaged with its partners to enhance its mission of global public health and to leave no one behind” “It is very encouraging to see so many countries move from talk to full commitment,” said Thomas Cueni, Director General of the International Federation of Pharmaceutical Manufacturers (IFPMA) “The Facility can only work, and equitableaccess can only be achieved, if there is solidarity between rich and poorer countries",solidarity,What does the DCVMN have to do with rich and poor countries?,"['poor and rich Countries', 'human rights', 'neighbors for rich countries']"
1465," Today vaccine makers who have the unique skills and expertise to scale up manufacturing to levels never seen before, stand ready, together, to take up the challengeof providing two billion doses of yet unknown COVID-19 vaccines This is no mean feat, as it requires doubling existing capacity in record time Today, marks a significant step forward, and is a historic mark of solidarity which has the power to bringthe acute phase of this pandemic to an end; and we are proud to be part of this unique endeavour to leave no one behind",doubling existing capacity,How much capacity does COVID-19 require in record time?,"[' doubled the number of vaccine', ' double the number', 'Replacing \n present \n vaccines with \n \n ones']"
1466,"”“Uniting our efforts through COVAX must guarantee fair allocation and equitable delivery of the COVID-19 vaccine to those who need it most, and not just those who can afford it,” said Jagan Chapagain, Secretary-General of the InternationalFederation of Red Cross and Red Crescent Societies “We all have a moral and public health imperative to protect the poor in rural communities as the affluent in cities, the old in care homes as the young in refugee camps The power of our humanityand the success of COVAX will be measured by how we collectively protect the most vulnerable among us",how we collectively protect the most vulnerable among us,How will the power of humanity and the success of COVAX be measured?,"[""how we can share the COVX vaccine with those who can't afford it"", 'How many years we have made \n COX', 'how the success of the humanity will be measured']"
1467,"""""Global cooperation must be the cornerstone of our global response to COVID-19,” said Kevin Watkins, Chief Executive of Save the Children “The COVAX Facility has the potential to help ensure universal and equitable access to future COVIDvaccines For this to happen, we need to ensure people in low- and middle-income countries get their fair share and can access the vaccines they need to help overcome the biggest public health and child rights crisis of our generation",the biggest public health and child rights crisis of our generation,What is the biggest public health and child rights crisis of our generation?,"['the big public data crisis of developing in the last few years', 'The biggest public Africa of our generation', 'the most serious environmental problem of our generation']"
1468,"""“Seeing such unity in the face of the COVID-19 crisis gives us confidence that, together, we can ensure the equitable delivery of COVID vaccines globally,” said Henrietta Fore, UNICEF Executive Director “With our globe-spanning supplychain and on-the-ground presence across 190 countries, UNICEF is proud to support this historic effort”Notes to editorsA COVAX Facility Explainer document is available on the Gavi website here:, as well as a Q&A from Gavi CEO Seth Berkley here",Gavi CEO Seth Berkley,Who wrote a Q&A for UNICEF?,"['Famous UN office head officer Henrietta fore', 'Who wrote aQ&A about UNicef?', 'Gavily spread CODAX vehicles around the world']"
1469,"The full list of fully self-financing economies that have submitted both binding Commitment Agreements and non-binding Confirmations of Intent to Participate, as well as the 92 low- and middle-income countries eligible for the Gavi COVAX AMC, is availablehereAbout Gavi, the Vaccine AllianceGavi, the Vaccine Alliance is a public-private partnership that helps vaccinate half the world’s children against some of the world’s deadliest diseases Since its inception in 2000, Gavi has helped to immunise a whole generation – over760 million children – and prevented more than 13 million deaths, helping to halve child mortality in 73 developing countries",73,How many developing countries have halved child mortality?,"['71', '54', 'large - developing countries']"
1470," Gavi also plays a key role in improving global health security by supporting health systems as well as funding globalstockpiles for Ebola, cholera, meningitis and yellow fever vaccinesAfter two decades of progress, Gavi is now focused on protecting the next generation andreaching the unvaccinated children still being left behind, employing innovativefinance and the latest technology – from drones to biometrics – to save millions more lives, prevent outbreaks before they can spread and help countries on the road to self-sufficiencyorgand connect with us onFacebookandTwitter",supporting health systems,What does Gavi do to improve global health security?,"['supporting global stockpiles', 'raisinging global stockpiles for Ebola', 'supporting the health institutions']"
1471,"The Vaccine Alliance brings together developing country and donor governments, the World Health Organization, UNICEF, the World Bank, the vaccine industry, technical agencies, civil society, the Bill & Melinda Gates Foundation and other private sectorpartners View the full list of donor governments and other leading organizations that fund Gavi’s workhereAbout CEPICEPI is an innovative partnership between public, private, philanthropic, and civil organisations, launched at Davos in 2017, to develop vaccines to stop future epidemics",Vaccine Alliance,What alliance brings together developing countries and donor governments?,"[' donor governments', 'Donor governments', 'Donation governments']"
1472, CEPI has moved with great urgency and in coordination with WHO in response to theemergence of COVID-19 CEPI has initiated nine partnerships to develop vaccines against the novel coronavirus The programmes are leveraging rapid response platforms already supported by CEPI as well as new partnerships,nine,How many partnerships have CEPI initiated to develop vaccines against the novel coronavirus?,"['many', 'two', 'seven']"
1473,"Before the emergence of COVID-19, CEPI’s priority diseases included Ebola virus, Lassa virus, Middle East Respiratory Syndrome coronavirus, Nipah virus, Rift Valley Fever and Chikungunya virus CEPI also invested in platform technologies that canbe used for rapid vaccine and immunoprophylactic development against unknown pathogens (Disease X)About WHOThe World Health Organization provides global leadership in public health within the United Nations system",World Health Organization,Who provides global leadership in public health within the United Nations system?,"[' WHO', 'CEPI', ""Citizens'Health Organization.""]"
1474," Founded in 1948, WHO works with 194 Member States, across six regions and from more than 150 offices, to promote health, keep the world safe andserve the vulnerable Our goal for 2019-2023 is to ensure that a billion more people have universal health coverage, to protect a billion more people from health emergencies, and provide a further billion people with better health and wellbeingFor updates on COVID-19 and public health advice to protect yourself from coronavirus, visit www",www,Where can you find updates on COVID-19 and public health advice to protect yourself from coronavirus?,"['The information about how to protect yourself from rhirus', 'The information on health advice from respected sites', 'with health advice']"
1475,"int and follow WHO on Twitter, Facebook, Instagram, LinkedIn, TikTok, Pinterest, Snapchat, YouTubeAbout ACT-AcceleratorThe Access to COVID-19 Tools ACT-Accelerator, is a new, ground-breaking global collaboration to accelerate the development, production, and equitable access to COVID-19 tests, treatments, and vaccines It was set up in response to a call from G20 leadersin March and launched by the WHO, European Commission, France and The Bill & Melinda Gates Foundation in April 2020The ACT-Accelerator is not a decision-making body or a new organisation, but works to speed up collaborative efforts among existing organisations to end the pandemic",ACT-Accelerator,"What is the name of the new global collaboration to accelerate the development, production, and equitable access to COVID-19 tests, treatments, and vaccines","['AIDS', ' ACT-Ac accelerationator', 'Aided access \n to Coided-19 tests, treatments, and vaccines']"
1476," It is a framework for collaboration that has been designed to bring key players aroundthe table with the goal of ending the pandemic as quickly as possible through the accelerated development, equitable allocation, and scaled up delivery of tests, treatments and vaccines, thereby protecting health systems and restoring societies andeconomies in the near term It draws on the experience of leading global health organisations which are tackling the world’s toughest health challenges, and who, by working together, are able to unlock new and more ambitious results againstCOVID-19 Its members share a commitment to ensure all people have access to all the tools needed to defeat COVID-19 and to work with unprecedented levels of partnership to achieve it","accelerated development, equitable allocation, and scaled up delivery of tests, treatments and vaccines",What is the goal of the framework for collaboration?,"['set up delivery of tests, treatment and vaccines and other things', 'decided development and fair share of tests, treatments and vaccines', 'accelerated development, equal weighting, and creasure']"
1477,"The ACT-Accelerator has four areas of work: diagnostics, therapeutics, vaccines and the health system connector Cross-cutting all of these is the workstream on Access & Allocation More information on the ACT Accelerator is available here",Access & Allocation,What is the workstream of the ACT-Accelerator?,"['The ACTAcceleator', 'The ACT', 'The ACT-Ac accelerationator']"
1478,"The World Health Organization (WHO) and UNICEF today signed a new collaborative framework which willaccelerate joint public health efforts that put the most marginalized and vulnerable populations firstThe new Strategic Collaboration Framework builds on a robust 70-year collaboration between the two organizations, andprioritizes four strategic areas for immediate attention and action at all levels of the organizations: universal health coverage, through a primary health care and health systems approach; mental health and psychosocial wellbeing and development; public health emergencies; and maternal and child nutritionAdditionally, the two organizations signed a newJoint Programme on Mental Health and Psychosocial Well-being andDevelopment of Children and Adolescents",World Health Organization (WHO) and UNICEF,Who signed a new collaborative framework that willaccelerate joint public health efforts that put the most marginalized and vulnerable populations first?,"['World Health Organization and UNiceF', 'The Health Organization', 'The two organizations']"
1479,"This 10-year collaborative effort will promote mental health and psychosocial well-being and development, increase access to care for mental health conditions, reduce suffering and enhance quality of life among children and adolescents, and their caregiversBoth organizations are particularly concerned about the urgent need to better tackle issues affecting adolescents Depression is is one of the leading causes of illness and disability among adolescents, and suicide is the second leading cause of death in adolescents“The COVID-19 pandemic has exposed huge gaps in accessing health, well-being and nutrition services among children and vulnerable populations,” said Henrietta Fore, UNICEF Executive Director",suicide,What is the second leading cause of death in adolescents?,"[' mental health', 'a mental health condition.', 'Depression']"
1480," “There has never been a more urgent need to work together This new framework will help us strengthen health and food systems, and invest in mental health and psychosocial support in every country in the world”For more than 70 years, WHO and UNICEF have worked together worldwide to ensure children survive and thrive, and benefit from a safe and clean environment",a safe and clean environment,What does UNICEF and WHO want children to benefit from?,"['a health and its systems', 'a mental health and physical development', 'a healthy and healthy world']"
1481," The two organizations collaborated to provide high-impact health, immunization, nutrition, HIV and early child development interventions, as well as safe water and sanitation services in every region of the world, including in fragile and conflict settings""At the heart of our work with UNICEF is seeing that every child not only survives but ultimately thrives and transforms their communities and future generations,"" said Dr Tedros Adhanom Ghebreyesus, WHO Director-General ""With great appreciation and respect for our unique and complementary roles, we stand together in our commitment to achieve health for all",health for all,What does Dr Tedros Adhanom Ghebreyesus believe in?,"['helping poor children survive', 'high - impact health', 'high- impact of these two organizations']"
1482," As this pandemic demonstrates, no-one is safe until everyone is safe”Today, WHO and UNICEF continue to work together to stop the COVID-19 pandemic and ensure that every woman and every child have access to the essential health services they need, including immunizations and health check-upsThe two organizations are also working together to support countries to introduce and deliver COVID-19 vaccines under the vaccines pillar of the “Access to COVID-19 Tools – Accelerator” (ACT-A) initiative, along with Gavi, CEPI and global immunization partners",WHO and UNICEF,Who continue to work together to stop the COVID-19 pandemic?,"['Gavio, CepI and global immuneization partners', 'Gavily and Cepi and international immuneization partner', 'The two organizations']"
1483,"Additionally, the organizations are strengthening health systems through primary health care, as agreed in theDeclaration of Astana,and the UN High-level declaration on UHC, in order to accelerate achievement of universal health coverage and Sustainable Development Goal 3 targets by 2030The World Health OrganizationThe World Health Organization provides global leadership in public health within the United Nations system Founded in 1948, WHO works with194 Member States, across six regions and from more than 150 offices,to promote health, keep the world safe and serve the vulnerable","to promote health, keep the world safe and serve the vulnerable",What is the purpose of the World Health Organization?,"['to strengthen health systems through primary health care', 'to provide global leadership in public health', 'to strengthen the world health.']"
1484," Our goal for 2019-2023 is to ensure that a billion more people have universal health coverage, to protect a billion more people from health emergencies, and provide a further billion people with better health and wellbeingFor updates on COVID-19 and public health advice to protect yourself from coronavirus, visitwwwintand follow WHO onTwitter,Facebook,Instagram,LinkedIn,TikTok,Pinterest,Snapchat,YouTubeUNICEFUNICEFworks in some of the world’s toughest places, to reach the world’s most disadvantaged children",to reach the world’s most disadvantaged children,What does WHO do to reach the world's most disadvantaged children?,"[""to increase the number of world's most severely disadvantaged kids."", 'to protect a billion people from health emergencies', 'to help people deal with health emergencies']"
1485," Across 190 countries and territories, we work for every child, everywhere, to build a better world for everyone For more information about UNICEF and its work for children, visitwww For more information about COVID-19, visitwww",190,How many countries and territories does UNICEF work for every child?,"['50', '20', 'The countries and territories']"
1486," Follow UNICEF onTwitterandFacebookUnited Nations Secretary General António Guterres appeals for a quantum leap in funding for the ACT-Accelerator, a global solution to get the world moving, working and prospering againH Cyril Ramaphosa, President of South Africa, and H",António Guterres,Who is UNICEF's Secretary General?,"['President of South Africa and President of South Africa', 'Antonio Gres', 'Nancy Jean Gracoom']"
1487," Erna Solberg, Prime Minister of Norway, co-chair the ACT-Acceleration Facilitation CouncilGlobal leaders–including over 30 heads of state and ministers– releasestatement of commitment to galvanizing support for the ACT-Accelerator and the need for the financial resources required to leave no one behindACT-Accelerator calculates that $35 billion is still required to give all countries the tools needed to end the pandemic as quickly as possibleToday Dr Tedros Adhanom Ghebreyesus, WHO Director-General, and Dr Ursula von der Leyen, President of the European Commission, co-hosted the inaugural meeting of the Access to COVID-19 Tools (ACT) Accelerator Facilitation Council The meeting was co-chairedby H Cyril Ramaphosa, President of South Africa and H",35 billion,How much is still required to give all countries the tools needed to end the pandemic?,[]
1488," Erna Solberg, Prime Minister of Norway and included a keynote address from the UN Secretary-GeneralAntónio GuterresThe ACT-Accelerator is the proven, up-and-running, global collaboration accelerating the development, production, and equitable access to COVID-19 tests, treatments, and vaccinesIt was launched on 24 April 2020 by WHO with the European Commission, France and the Bill & Melinda Gates Foundation and supported by the UN Secretary-General and multiple Heads of Government,it is already delivering substantial returns;over170 countries are engaged in the new COVID-19 Vaccine Facility and ten candidate vaccines are under evaluation, 9 of them in clinical trials, giving the largest and most diverse COVID-19 vaccine portfolio in the world",9,"How many tests, treatments and vaccines does the ACT-Accelerator have?","['11', '8', '5']"
1489," The case for investing to end the pandemic has never beenstronger The ACT-Accelerator is the best way to ensure equitable access to vaccines, diagnostics and therapeutics, but at present is facing a financing gap of US$35 billion Fully financing the ACT-Accelerator would shorten the pandemic and pay backthis investment rapidly as the global economy recovers""",US$35 billion,What is the financing gap between the ACT-Accelerator and the global economy?,"['US$ 100 bill', 'US$ l.4 million', 'US$ac acceleration']"
1490,"Ursula von der Leyen, President of the European Commission, said: “Today’s launch of the Facilitation Council brings us closer to our global goal: access to coronavirus vaccines, tests and treatments for everyone who needs them, anywhereThe EU will use all its convening power to help keep the world united against coronavirus With the chairmanship of Norway and South Africa representing the global North and South, and the expertise of the WHO and our international partners, no countryor region will be left behind in this fight",no countryor region will be left behind,What will happen to Norway and South Africa in the fight against coronavirus?,"['many countries will be taken up', 'people will have to fight with one another', 'many people will be brought up in this fight']"
1491,"”UN Secretary-GeneralAntónio Guterres, said: “We now need US$35 billion more to go from set-up to scale and impact There is a real urgency in these numbers Without an infusion of US$15 billion over the next 3 months, beginning immediately,we will lose the window of opportunity”",US$15 billion,How much money will we lose the window of opportunity without an infusion of over the next 3 months?,"['US$30b', 'US35 billion Without an injection', 'US35 billion only.without an injection of US$35 billion']"
1492,President Paul Kagame of Rwanda noted: “This is certainly one of the most important initiatives underway in the world today and perhaps ever” He added “The difference between success and failure lies in building a robust public healthinfrastructure that can confront any health issue in a sustainable manner Solid health systems combined with transformational partnerships such as this Accelerator are critical,Solid health systems,What is a critical part of a robust public healthinfrastructure that can tackle health issues in a sustainable manner?,"['Success and failure', 'success and failure in building healthInfibraries', 'Ahealth issue']"
1493,"E Erna Solberg, Prime Minister of Norway said: “The ACT-Accelerator has already achieved impressive results The world has shown that it is able to come together at a time of crisis Norway will work tirelessly to ensure that common interestsare established and followed, and that all countries and actors are listened to, so that we can maximize our result together",E Erna Solberg,Who was the Prime Minister of Norway?,"['Prime Minister of Norway', 'The Prime Ministerof Norwegian', 'Nike Solberg']"
1494,”Today’s meeting was held at a crucial pivot point for the ACT-Accelerator as it reviewed an updated strategy and investment case for its scale-up phase The document will be finalised by 17 September 2020 with publication soon after The UN Secretary-Generalhas confirmed a high-level event will take place on 30 September 2020 at the forthcoming General Assembly,30 September 2020,On what date will a high-level meeting take place?,[]
1495,"In addition the Council includes the Wellcome Trust, the World Economic Forum and the Bill & Melinda Gates Foundation as well as theWHO Special Envoys for ACT-A, Civil Society representatives and industry representativesNotes to EditorsThe Access to COVID-19 Tools ACT-Accelerator, is the proven, up-and-running global collaboration to accelerate the development, production, and equitable access to COVID-19 tests, treatments, and vaccines It was set up in response to a call from G20leaders in March and launched by the WHO, European Commission, France and The Bill & Melinda Gates Foundation in April 2020",April 2020,When was the Access to COVID-19 Tools ACT-Accelerator launched?,[]
1496,"The ACT-Accelerator is not a decision-making body or a new organization, but works to speed up collaborative efforts among existing organizations to end the pandemic It is a framework for collaboration that has been designed to bring key players aroundthe table with the goal of ending the pandemic as quickly as possible through the accelerated development, equitable allocation, and scaled up delivery of tests, treatments and vaccines, thereby protecting health systems and restoring societies andeconomies in the near term It draws on the experience of leading global health organizations which are tackling the world’s toughest health challenges, and who, by working together, are able to unlock new and more ambitious results againstCOVID-19",ACT-Accelerator,What is not a decision-making body or a new organization?,"[' ACT-Ac accelerationator', 'The pandemic', 'A health organization [']"
1497," Its members share a commitment to ensure all people have access to all the tools needed to defeat COVID-19 and to work with unprecedented levels of partnership to achieve itThe ACT-Accelerator has four areas of work: diagnostics, therapeutics, vaccines and the health system connector Cross-cutting all of these is the workstream on Access & Allocation",Access & Allocation,What is the workstream of the ACT-Accelerator?,"['Diseases, comedies, vaccines and the health system', ' access & Allocate', 'The work of the ACT-Ac accelerationator']"
1498,"Two years into the World Health Organization’s (WHO) ambitious effort to eliminate industrially produced trans fats from the global food supply, the Organization reports that 58 countries so far have introduced laws that will protect 32 billion people from the harmful substance by the end of 2021 But more than 100 countries still need to take actions to remove these harmful substances from their food supplies",58,How many countries have introduced laws that will protect 32 billion people from the harmful substance by 2021?,"['32 billion people', '66', '32']"
1499,"Consumption of industrially produced trans fats are estimated to cause around 500,000 deaths per year due to coronary heart disease “In a time when the whole world is fighting the COVID-19 pandemic, we must make every effort to protect people’s health That must include taking all steps possible to prevent noncommunicable diseases that can make them more susceptible to the coronavirus, and cause premature death,” said WHO Director-General Dr Tedros Adhanom Ghebreyesus","500,000",How many deaths per year are caused by the consumption of trans fats?,"['3,000,000 deaths as I know. ks5u', 'Consumption ofatterly produced trans fat', 'The number of heart disease caused by the consumption of trans fat']"
