,context,answer,question,distractor
700,"28 January 2020A senior WHO delegation led by the Director-General travelled to Beijing to meet China’s leadership, learn more about China’s response, and to offer any technical assistanceWhile in Beijing, Dr Tedros agreed with Chinese government leaders that an international team of leading scientists would travel to China on a mission to better understand the context, the overall response, and exchange information and experience",28 January 2020,When did a senior WHO delegation travel to Beijing to meet China's leadership?,[]
701,"30 January 2020The WHO Director-General reconvened the Emergency Committee (EC) This was earlier than the 10-day period and only two days after the first reports of limited human-to-human transmission werereported outside China This time, the EC reached consensus and advised the Director-General that the outbreak constituted a Public Health Emergency of International Concern (PHEIC)",Public Health Emergency of International Concern,What was the PHEIC?,"['The Health Emergency', ""The WHO's Concern"", 'A WHO Director -General and a Public Health Emergency']"
702," The Director-General accepted the recommendation and declared thenovel coronavirus outbreak (2019-nCoV) a PHEICThis is the 6th time WHO has declared a PHEIC since the International Health Regulations (IHR) came into force in 2005WHO’s situation report for 30January reported 7818 total confirmed cases worldwide, with the majority of these in China, and82 cases reported in 18 countries outside China",18,How many confirmed cases were reported in the WHO situation report for 30 January?,"['How many people were reported in the WHO situation report for 30 January', 'How many patients died of the serious ant - throwing virus', '82 cases']"
703," WHO gave a risk assessment of very high for China, and high at the global level3 February 2020WHO releases the international community'sStrategic Preparedness and Response Planto help protect states with weaker health systems11-12 February 2020WHO convened a Research and Innovation Forum on COVID-19, attended by more than 400 experts and funders from around the world, which included presentations byGeorge Gao, Director General of China CDC, and Zunyou Wu, China CDC's chief epidemiologist",Zunyou Wu,Who was China CDC's chief epidemiologist?,"['George Gao', 'China AIDS Institute', 'whose cochair is Zhang Gao']"
704,"int/docs/default-source/coronaviruse/who-china-joint-mission-on-covid-19-final-reportpdf 11 March 2020Deeply concerned both by the alarming levels of spread and severity, and by the alarming levels of inaction, WHOmade the assessment that COVID-19 can be characterized as a pandemic13 March 2020COVID-19 Solidarity Response Fund launched to receive donations from private individuals, corporations and institutions","donations from private individuals, corporations and institutions",What was the COVID-19 Solidarity Response Fund launched to receive?,"['donations made by common people and companies', 'donations to private individuals, companies and institutions. ks5u', 'donations to either individuals or institutions']"
705,"As leaders of organisations committed to ending violence against children, we come together in solidarity to share our deepconcern, call for action and pledge our support to protect children from violence and reduce the impact of COVID-19 onchildren in every country and communityA third of the global population is on COVID-19 lockdown, and school closures have impacted more than 1Movement restrictions, loss of income, isolation, overcrowding and high levels of stress and anxiety are increasing thelikelihood that children experience and observe physical, psychological and sexual abuse at home – particularly thosechildren already living in violent or dysfunctional family situations",children already living in violent or dysfunctional family situations,"What type of children experience physical, psychological and sexual abuse at home?","['children already having a primary school', 'children already having fat family situations', 'children already having physical and psychological abuse at home']"
706," And while online communities have become central tomaintain many children’s learning, support and play, it is also increasing their exposure to cyberbullying, risky online behaviorand sexual exploitationThe situation is aggravated by children’s lack of access to schoolfriends, teachers, social workers and the safe space andservices that schools provide The most vulnerable children – including refugees, migrants, and children who are internallydisplaced, deprived of liberty, living without parental care, living on the street and in urban slums, with disabilities, and livingin conflict-affected areas – are a particular concern",cyberbullying,What is a risky online behavior and sexual exploitation?,"['Sex exploitation', 'girls', 'cyber bullying']"
707," For many, growing economic vulnerability will increase the threat of childlabour, child marriage and child trafficking Together, we call on governments, the international community and leaders in every sector to urgentlyrespond with a united effort to protect children from the heightened risk of violence, exploitation and abuse as part of thebroader response to COVID-19Governments have a central role to play",COVID-19Governments,What government has a central role to play?,"['governments', 'Children', ""Children's rights""]"
708," They must ensure that COVID-19 prevention and response plans integrate ageappropriate and gender sensitive measures to protect all children from violence, neglect and abuse Child protection servicesand workers must be designated as essential and resourced accordinglyWorking with and supporting governments, our collective response must include: maintaining essential health and socialwelfare services, including mental health and psychosocial support; providing child protection case management andemergency alternative care arrangements; ensuring social protection for the most vulnerable children and households;continuing care and protection for children in institutions; and communicating with and engaging parents, caregivers andchildren themselves with evidence-based information and advice",children,"What must COVID-19 prevent and response plans integrate ageappropriate and gender sensitive measures to protect from violence, neglect and abuse?","['children in institutions', 'school protection services and workers', 'child protection services']"
709," National helplines, school counsellors and other child-friendlyreporting mechanisms enable children in distress to reach out for help, and must be adapted to the challenges of COVID-19Given the heightened risks of online harms, technology companies and telecoms providers must do everything they canto keep children safe online This includes providing access to cost-free child helplines, age-appropriate services and safee-education platforms - and using their platforms to share child online safety advice",technology companies and telecoms providers,What companies must do to keep children safe online?,"['children in distress', 'children themselves', 'companies and child re -education platforms']"
710," They must also do more to detect andstop harmful activity against children online, including grooming and the creation and distribution of child sexual abuseimages and videosAs global organisations working to end violence against children, we will continue to advocate for and invest in effective childprotection solutions We will collectively develop and share technical resources and guidance for policymakers, practitioners,parents, caregivers and children themselves",childprotection solutions,What will we continue to advocate for and invest in?,"['global organizations working to end violence against children', 'education and protection', 'the creating and sharing of child violence images']"
711," And we will support the courageous health, child protection and humanitarianprofessionals working around the clock to keep children safe during these unprecedented timesIn recent years, the global community has made significant gains in protecting children from violence We must not allow thosegains to be lost during the current turmoil",the global community,Who has made significant gains in protecting children from violence?,"['the children themselves.', 'the children in the world', 'the children']"
712," We must do all we can to keep children safe now And we must plan ahead together,so that once the immediate health crisis is over, we can get back on track towards the goal of ending all forms of violence,abuse and neglect of childrenWHO has listed the first two diagnostic tests for emergency use during the Covid-19 pandemic",Covid-19 pandemic,What is the name of the first two diagnostic tests for emergency use?,"[""Children's illness"", 'Ways to end all formsof violence and abuse for children', 'What is the calling for the people to do for children?']"
713," The move should help increase access to quality-assured, accurate tests for the disease It also means that the tests can now be supplied by the UnitedNations and other procurement agencies supporting the COVID-19 responseBoth in vitro diagnostics, the tests are genesig Real-Time PCR Coronavirus (COVID-19) and cobas SARS-CoV-2 Qualitative assay for use on the cobas® 6800/8800 Systems",cobas SARS-CoV-2 Qualitative assay,What type of assay is used on the cobas® 6800/8800 Systems?,"['cause of the disease', 'obstas&Sars-Co-4 QualifyingAssessment', 'Casig Real-Time cycles']"
714," “The emergency use listing of these products will enable countries to increase testing with quality assured diagnostics,” says Dr Mariângela Simão, WHO Assistant-Director General for Medicines and Health Products “Facilitatingaccess to accurate tests is essential for countries to address the pandemic with the best tools possible” The Emergency Use Listing procedure (EUL) was established to expedite the availability of diagnostics needed in public health emergency situations",emergency use listing,What type of products will enable countries to increase testing with quality assured diagnostics?,"['Countries to address the pandemic', 'wild Health care', 'good health Products also included in the list']"
715," It is intended to help procurement agenciesand countries navigate the large presence of different devices on the market and, by assessing them, provides assurance of the products’ quality and performance The genesig Real-Time PCR Coronavirus (COVID-19) (Primerdesign, United Kingdom) is an open system more suitable for laboratories with moderate sample testingcapacity, while the cobas® SARS-CoV-2 for use on the cobas® 6800/8800 Systems (Roche, United States of America) is a closed system assay for larger laboratories EUL listed products:https://www",cobas® SARS-CoV-2,What is used on the cobas® 6800/8800 Systems?,"['can be used on larger laboratories EUL listed', 'Cobas Medicine-1-or-2', 'cobas andoperas']"
716,"Powered by commitments from supporters and corporate partners in benefit of the COVID-19 Solidarity Response Fund, Broadcast special to also benefit local and regional charities that provide food, shelter and healthcare to those that need help mostHistoric broadcast to be hosted by Jimmy Fallon of ‘The Tonight Show,’ Jimmy Kimmel of ‘Jimmy Kimmel Live’ and Stephen Colbert of ‘The Late Show with Stephen Colbert,’ Friends from Sesame Street Also on hand to help unify and inspire people around the world to take meaningful actions that increase support for the global COVID-19 responseCurated in collaboration with Lady Gaga, broadcast to include Alanis Morissette, Andrea Bocelli, Billie Eilish, Billie Joe Armstrong of Green Day, Burna Boy, Chris Martin, David Beckham, Eddie Vedder, Elton John, FINNEAS, Idris and Sabrina Elba, J Balvin, John Legend, Kacey Musgraves, Keith Urban,Kerry Washington, Lang Lang, Lizzo, Maluma, Paul McCartney, Priyanka Chopra Jonas,Shah Rukh Khan and Stevie Wonder",the COVID-19 Solidarity Response Fund,What is Powered by commitments from supporters and corporate partners?,"['giving food, shelter and healthcare to those that need help', 'the support of support and corporate partners', 'the support for charity']"
717,"------------------------------------------Geneva/New York - International advocacy organizationGlobal Citizen and the World Health Organization todayannounced the One World: Together At Home -- a globally televised and streamed special in support of the fight against the COVID-19 pandemic One World: Together At Home will be broadcast live on Saturday, 18 April 2020 at 5:00p GMT airing on ABC, NBC, ViacomCBS Networks, iHeartMedia and Bell Media networks and platforms in Canada",5:00p GMT,When will the One World: Together At Home broadcast live?,"['4:00 p.m. Saturdays', '18:30 a.m. today', '18 April 2020 at 5:00 p. m']"
718," Internationally, BBC One will run the program on Sunday 19 April 2020 Additionalinternational broadcasters include beIN Media Group, MultiChoice Group and RTE The virtual broadcast will show unity among all people who are affected by COVID-19 and will also celebrate and support brave healthcareworkers doing life-saving work on the front lines",Sunday 19 April 2020,On what date will BBC One host the virtual broadcast?,[]
719,"Hugh Evans, Co-Founder and CEO of Global Citizen, said “As we honor and support the heroic efforts of community health workers, ‘One World: Together At Home’ aims to serve as a source of unity and encouragement in the global fightto end COVID-19 Through music, entertainment and impact, the global live-cast will celebrate those who risk their own health to safeguard everyone else’s”One World: Together At Home will also be a multi-hour digital broadcast streaming online on multiple global platforms, including: Alibaba, Amazon Prime Video, Apple, Facebook, Instagram, LiveXLive, Tencent, Tencent Music Entertainment Group, TIDAL, TuneIn, Twitch, Twitter, Yahoo andYouTube",Hugh Evans,Who is Co-Founder and CEO of Global Citizen?,"['Global citizen', 'H ugly Evans', 'One World : together at Home.']"
720," This digital special will include additional artists and performances from all over the globe as well as unique stories from the world's healthcare heroes For information about how to tune in and take action, visitwww“The World Health Organization is committed to defeating the coronavirus pandemic with science and public health measures, and supporting the health workers who are on the frontlines of the response,” said Dr Tedros Adhanom Ghebreyesus,Director-General of WHO",Dr Tedros Adhanom Ghebreyesus,Who is the Director-General of WHO?,"['The Director -General of WHO', 'The World Health Organization', 'A doctor who studies health']"
721," “We may have to be apart physically for a while, but we can still come together virtually to enjoy great music The ‘One World: Together At Home’ concert represents a powerful show of solidarity againsta common threat”“The United Nations system is fully mobilized: supporting country responses, placing our supply chains at the world’s disposal and advocating for a global cease-fire",a global cease-fire,What is the United Nations system advocating for?,"['a global exchange of ideas', 'a global supply chain', 'the ""\'One World : together At Home\'concert']"
722," We are proud to join forces with ‘One World: Together At Home’to help suppress the transmission of the virus, minimize social-economic impacts on the global community and work together now to advance Global Goals for the future,” said António Guterres, Secretary-General of the United Nations“There is no greater case for collective action than our joint response to COVID-19 – we are in this together and we will get through this together""Last month in response to the global pandemic,Global Citizen launched an urgent campaign in support of the COVID-19 Solidarity Response Fund for WHO, powered by the UN Foundation",UN Foundation,Who powered the COVID-19 Solidarity Response Fund for WHO?,"['Global Centre', 'Global Day', 'Global Global Goals']"
723," Calling on individuals to take action,and asking world leaders and corporations to support the response with sufficient resources, Global Citizens from over 130 countries around the world have taken tens of thousands of actions in support of the response fundAt this critical moment in history, Global Citizen is also calling on philanthropists to join and support immediate COVID-19 response efforts as part of the organization’s Give While You Live effort Investors, changemakers and foundationleaders are being urged to actualize their giving and invest quickly in related efforts like stronger health systems and vaccine development",philanthropists,Who does Global Citizen call on to join and support COVID-19 response efforts?,"[' global leaders', 'Global citizens', 'global citizens']"
724," Over the past three weeks, the Together At Home series has featured performances from artists including,Chris Martin, John Legend, Charlie Puth, Common, Shawn Mendes, Camila Cabello, Ryan Tedder of OneRepublic, Niall Horan, Steve Aoki, Jennifer Hudson, Miguel, H, Anthony Hamilton, Rufus Wainwright, Hozier and Julianne Hough, among others insupport of WHO and Global Citizen’s campaignCommitments from supporters and corporate partners will go to theCOVID-19 Solidarity Response Fund for WHO to support and equip frontline healthcare workers around the world, with masks, gowns and other vital equipment, and to local charities that provide food, shelter, and healthcare to those that need it most",three,How many weeks has the Together At Home series been featured?,"['four weeks', 'two', 'four']"
725," These local groups have been verifiedto ensure that they are helping communities impacted by COVID-19For more information about Global Citizen and the campaign to support the WHO’s Solidarity Response Fund, please visitglobalcitizenorg andfollow @GlblCtzn Twitter, Facebook and Instagram using #GlobalCitizen",#GlobalCitizen,What hashtag is used to support the WHO Solidarity Response Fund?,"['Global citizen', 'Global citizens', ' @ GlobalC citizen']"
726," To learn more about WHO’s response to the pandemic and the COVID-19 Solidarity Response Fund, please go to wwwint/COVID-19 and follow @WHO on Twitter, Facebook, Instagram,LinkedIn and TikTok###About Global Citizen: Global Citizen is the world's largest movement of action takers and impact makers dedicated to ending extreme poverty by 2030",2030,By what year is Global Citizen the world's largest movement of action takers and impact makers dedicated to ending extreme poverty?,"['506', ' Global citizen', 'By how to end extreme poverty']"
727," With over 10 million monthly advocates, our voices have the power to drive lasting change around sustainability, equality,and humanity We post, tweet, message, vote, sign, and call to inspire those who can make things happen to act — government leaders, businesses, philanthropists, artists, and citizens — together improving lives By downloading ourapp, Global Citizens learn about the systemic causes of extreme poverty, take action on those issues, and earn rewards, which can be redeemed for tickets to concerts, events, and experiences all over the world",over 10 million,How many advocates are there monthly?,"['4.4 million', 'by 2 million', 'by 2,000']"
728," To date, the actions of our community,along with high-level advocacy efforts and work with partners, has resulted in commitments and policy announcements from leaders valued at over $48 billion, affecting the lives of more than 225 billion people by 2030 For more information, visitwww",over $48 billion,What is the value of the commitments and policy announcements made by leaders in our community?,"['Over 100 billion people', 'kenctions of both leaders and their work', 'neither too much nor too much']"
729,"About the World Health Organization: The World Health Organization (WHO) is the United Nations’ specialized agency for health It is an inter-governmental organization and works in collaboration with its Member States usually through the Ministries of Health The World Health Organizationis responsible for providing leadership on global health matters, shaping the health research agenda, setting norms and standards, articulating evidence-based policy options, providing technical support to countries and monitoring and assessinghealth trends",WHO,Who is the United Nations' specialized agency for health?,"['The Minishes of Health', 'The World Health Organization', 'the World Health organization']"
730,"About the United Nations Foundation: The UN Foundation brings together the ideas, people, and resources the United Nations needs to drive global progress and tackle urgent problems To support the work of the World Health Organization (WHO) in its global work on COVID-19, UN Foundationhelped launch the COVID-19 Solidarity Response Fund that has raised more than $100 million in less than two weeks for lifesaving work around the world Learn more about the COVID-19 Solidarity Response Fund at www",$100 million,How much has the COVID-19 Solidarity Response Fund raised in less than two weeks?,"['How far has it raised in less than two days?', ""much more money than the world's"", '50 \n7,000']"
731," Learn more about the UN Foundation at wwwFollow @unfoundation on Twitter and Instagram, and @United Nations Foundation on Facebook----------------Note to Editors:Resources donated to the COVID-19 Solidarity Response Fund will be spent in alignment with the WHO Strategic Preparedness and Response Plan and support the work of multiple organizations",the COVID-19 Solidarity Response Fund,What fund will be used to support the work of multiple organizations?,"['the UN Foundation', 'the United Nations Foundation', 'theUN Foundation']"
732," These include WHO, for tracking the virus spread, equippinghealth workers, making lab and testing tools available, and providing communities and frontline responders with the latest guidance; enabling UNICEF to equip children and families globally with evidence-based guidance to protect them from COVID-19,providing water, sanitation and hygiene, and basic infection prevention and control measures to vulnerable countries, and caring for vulnerable families and children; and to CEPI, the Coalition for Epidemic Preparedness Innovations, a key partnerleading the financing for research and development for novel vaccines to combat COVID-19FIFA has joined forces with the United Nations (UN) and the World Health Organization (WHO) in supporting the #BeActive campaign launched on the UN International Day of Sport for Development and Peace to encourage people to be #HealthyAtHome as the world comes together in the fight against COVID-19, today and every dayWHO recommends all healthy adults do at least 30 minutes a day of physical activity and children at least 60 minutes per day",WHO,Who is responsible for tracking the virus spread?,"[' WHO. I', 'The World Health Organization', 'A group of health Organization']"
733," Thisis an important lesson not only for today, but for every day”“More than ever, especially now, one thing must be clear to everyone, health comes first,” said FIFA President Gianni Infantino “FIFA is delighted to support both the United Nations and the World Health Organization in amplifying the#BeActive campaign today, and we are encouraged that the football community is also playing an active role in ensuring the message understood globally",every day,"What day is this important lesson not only for today, but for everyone?","['every day of the year', 'every other day. especially today', 'not only for today']"
734," For the first time ever, we are all on the same team and together, with team spirit and positiveenergy, we will win”“WHO is proud to collaborate as part of the UN family with FIFA and football lovers worldwide to promote the importance of being active for both physical and mental health,” said Dr Tedros Adhanom Ghebreyesus, Director-General of the WorldHealth Organization “The #BeActive campaign supports WHO’s drive to help people be healthy at home",Dr Tedros Adhanom Ghebreyesus,Who is the Director-General of the World Health Organization?,"['Famous football lovers worldwide', 'The UN family', 'The World Health Organization']"
735,"”The campaign kicks off with Real Madrid CF, FC Barcelona, Liverpool FC and Manchester United FC asking football fans to set aside their rivalries and to come together to #BeActive in order to defeat the coronavirus Other clubs, including Club América,CD Guadalajara, Beijing Guoan FC, Shanghai Shenhua FC, Mohun Bagan AC, East Bengal FC, Melbourne City FC, Sydney FC, Auckland City FC, Team Wellington FC, CA River Plate, Olympique de Marseille, TP Mazembe, CR Flamengo and SE Palmeiras will also jointhe initiative in the coming daysAs part of the campaign, world-famous players share the following message: “At this time, even rivals need to stick together",rivals,Who needs to stick together to defeat the coronavirus?,"[' Club Amearthrica', ' Club', ' clubs']"
736," We have to keep our distance, but we do not lose our focus We can show solidarity by being active, and active means followingthe guidelines from the WHO”Thevideo campaignwill be published on various FIFA digital channels, with regular subsequent updates from clubs and players across the world during subsequent days",FIFA,On what digital channels will the video campaign be published?,"[' soccer', 'The digital channels', 'On some digital channels']"
737," #BeActive is also being supported with graphics toolkits for the 211 FIFA member associations and variousmedia agencies to facilitate additional localisation and to further amplify the messageWHO, the UN’s specialized health agency, and FIFA, football’s world governing body, collaborate closely to promote healthy lifestyles through football globally and launched the “Pass the message to kick out coronavirus” campaign lastmonth to share advice effective measures to protect people from COVID-19The video campaign can also be downloadedhereforeditorial purposes",#BeActive,What is being supported with graphics toolkits for the 211 FIFA member associations and variousmedia agencies?,"['The "" Pass the message to kick outrecommend awareness', 'The video campaign', 'gary media agencies']"
738,"Geronimo Stilton author to kickstart exclusive children’s book reading initiative amid COVID-19 pandemicMuch-loved children’s authors are joining an initiative to read extracts of their books to millions of children and young people currently living in isolation amid the COVID-19 pandemicRead the World is a collaboration between the International Publishers Association (IPA), the World Health Organization (WHO) and UNICEF It kicks off today, on International Children’s Book Day, at 15",15,How many children and young people live in isolation amid the COVID-19 pandemic?,"['16', ""When it is on International Children's Book Day"", '16 \n The World is an official book reading activity']"
739,"00 CET with Italian author Elisabetta Dami, creator of the popular character Geronimo Stilton“These are uncharted waters for us all, and the psycho-social effects of prolonged isolation and social distancing are yet to be seen and understood,” said IPA President Hugo Setzer “All of us should take particular care of our mental health at the moment, and especially that of young minds",young minds,Who did IPA President Hugo Setzer say should all of us take particular care of at the moment?,"[' mental health', 'people with mental health.', 'his mental health at the moment']"
740," The IPA wanted to do something positive to bring children and their favourite writers closer, to stimulate their interest in books and to create a carefree moment for families to share during this difficult period of confinement”“Children’s lives and routines have been turned upside down in just a few short weeks,” said UNICEF Executive Director Henrietta Fore “Even when the outside world is out of bounds for now, reading can remind children and young people that the transportive power of books is unlimited",reading,What can remind children and young people that the transportive power of books is unlimited?,"['learning', 'children', 'reading books as much as possible']"
741,"”“WHO is committed to fighting the COVID-19 pandemic on all fronts, especially when it comes to protecting young people,” said WHO Director-General Dr Tedros Adhanom Ghebreyesus “We understand the fear and anxieties many feel and know how the joy of reading can stimulate young minds, ease tensions and provide hope”Elisabetta Dami will read on her personal Instagram account in English from 15",15,How many people will Elisabetta Dami read on her Instagram account?,"['Elisabetta Dami', '18', '10']"
742," Dami, whose books have sold more than 180 million copies around the world and are published in 50 different languages, will also respond to comments and questions via the platformSeveral other noted children’s authors have agreed to join the Read the World initiative, details of which will be available soon at https://wwworg/coronavirus/read-the-worldAbout IPAThe IPAis the world’s largest federation of publishers associations",IPAThe IPAis the world’s largest federation of publishers associations,What is read the world's largest federation of publishers?,"[""The dami is the world's largest union of publishers. Ks5u"", ""Ai is a world's largest Federation"", ""A damiis the world's largest Federation of publishers -- Ksurmanacost oranges a label ; and this is the best way to communicate""]"
743," Established in 1896,itisan industry body with a human rights mandate, whose mission is to promote and protect publishing and raise awareness of publishing as a force for economic, cultural and social development Working in cooperation with the World Intellectual Property Organization (WIPO) and other supranational bodies, the IPA champions the interests of book and journal publishing at national and supranational level Internationally, the IPA actively opposes censorship and promotes copyright, freedom to publish (including through theIPA Prix Voltaire), and literacy",1896,When was the IPA founded?,"['As early as theamate of theDog industry', 'When it was founded', 'When it first appeared']"
744,"Follow the IPA on Twitter and FacebookAbout UNICEFUNICEF works in some of the world’s toughest places, to reach the world’s most disadvantaged children Across more than 190 countries and territories, we work for every child, everywhere, to build a better world for everyoneFollow UNICEF onTwitterandFacebookAbout WHOThe World Health Organization (WHO) is the United Nations’ specialized agency for health",WHOThe World Health Organization,Who is the United Nations' specialized agency for health?,"[' WHO', 'UNicefunctions', 'UNiceF']"
745," It is an inter-governmental organization and works in collaboration with its Member States usually through the Ministries of Health The World Health Organization is responsible for providing leadership on global health matters, shaping the health research agenda, setting norms and standards, articulating evidence-based policy options, providing technical support to countries and monitoring and assessing health trendsFollow WHO on Twitter, Instagram and Facebook",WHO,Who is responsible for monitoring and assessing health trends?,"[' WHO on Twitter, Facebook and Twitter', 'The Minework of Health', 'The World Health Organization']"
746,"This Medical Product Alert warns consumers, healthcare professionals, and health authorities against a growing number of falsified medical products that claim to prevent, detect, treat or cure COVID-19The Coronavirus disease (COVID-19) pandemic (caused by the virus SARS-CoV-2) has increased demand for medicines, vaccines, diagnostics and reagents, all related to COVID-19, creating an opportunity for ill-intended persons to distribute falsified medical productsDue diligence is required from all actors in the procurement, use and administration of medical products, in particular those affected by the current crisis of, or related to, COVID-19 FALSIFIED IN VITRO DIAGNOSTICS AND LABORATORY REAGENTS WHO has received multiple reports regarding falsified in vitro diagnostics (IVDs) and laboratory reagents for the detection of SARS-CoV-2",SARS-CoV-2,What is the cause of the COVID-19 pandemic?,"['Falsified medical products', 'The growing number.Famified medical products', ' COffe-19']"
747," Please refer to WHO’s Emergency Use Listing for a list of diagnostics approved for clinical use by WHO To date, eight countries (Australia, Brazil, Canada, PR China, Russian Federation, Singapore, Republic of Korea, United States of America) have listed IVDs for COVID-19 diagnosis based on expedited regulatory assessments Please note that, in the European Union, regulatory compliance for SARS-CoV-2 diagnostics are self-declared by the manufacturer",the manufacturer,Who self-declared regulatory compliance for SARS-CoV-2 diagnostics in the European Union?,"['who self -declared regulatorycomplication for SARS-CoV-2 Diagnoses', 'SARS-CoV-2', 'the company of the company of the manufacturer']"
748,"To assist Member States and stakeholders, WHO has published the links to these emergency lists, together with contact details These links provide information on IVDs authorized for use in the jurisdictions of the International Medical Device Regulators Forum, as well as policies and guidance WHO will provide updated versions as new information becomes available",updated versions,What will WHO provide as new information becomes available?,"['New information', 'new information', 'offering information on IVD']"
749,"End-users are encouraged to check the labelling against the information posted by regulatory authorities upon listing to ensure they are in possession of the genuine product This information might include product name, product code, expiry date, instructions for use and manufacturer details FALSIFIED MEDICINES AND VACCINES At this stage, WHO does not recommend any medicines to treat or cure COVID-19",WHO does not recommend any medicines to treat or cure COVID-19,Who does not recommend medicines to treat or cure COVID-19?,"[""A company doesn't make any efforts to cure COVill-19"", ""A company doesn't make any efforts to cure COVill-19 either agency a which works through waste transportation especially used seriously time - time selling drugs"", 'Who do not take any measures to treat or cure \n \n \n \n \n \n \n \n \n \n \n \n \n \n \n \n \n \n \n \n \n \n \n \n \n \n \n \n \n \n \n \n \n \n \n \n \n \n \n \n \n \n \n \n \n \n \n \n \n \n \n  cancer']"
750," However, the  SOLIDARITY trial, led by WHO, is reviewing potential treatments for COVID-19At this stage, there is no vaccine to prevent COVID-19 Products claiming to be vaccines to prevent COVID-19 may be considered falsified and may pose significant risks to public health",there is no vaccine to prevent COVID-19 Products claiming to be vaccines to prevent COVID-19 may be considered falsified,What is the SOLIDARITY trial?,"['there is no vaccine to prevent COUV-19 products from being planted', 'it is the first time that they have done anything to prevent COffic-19', 'it is said that the iphases to prevent \n \n \n \n \n \n  ly too much risk']"
751," In addition, some websites may appear to provide easy access to legitimate medicines that are otherwise not readilyavailable End-buyers and consumers should be especially wary of such online scams and exert due-diligence when purchasing any medical product, whether online or notWHO requests increased vigilance from national health authorities, healthcare professionals, members of the public and supply chain stakeholders worldwide to prevent the distribution of these falsified medical products",vigilance,"What does the WHO request from national health authorities, healthcare professionals, members of the public and supply chain stakeholders to prevent the distribution of falsified medical products","['none of them', ' cheated consumers', ' cheated consumers of medical products']"
752," Increased vigilance should focus on hospitals, clinics, health centres, clinical laboratories, wholesalers, distributors, pharmacies and any other suppliers of medical products All medical products must be obtained from authentic and reliable sources Their authenticity and condition of the product should be carefully checked",authentic and reliable,What type of sources must medical products be obtained from?,"['online and reliable sources', 'mainly reliable', 'accurate and reliable education necessary refuse of the products']"
753," Consumers are advised to seek advice from a healthcare professional in case of doubtNational health authorities are requested to immediately notify WHO if these falsified products are discovered in their country If you have any information concerning the manufacture, distribution, or supply of these products, please contact rapidalert@who",rapidalert@who,"What is the name of the person who is responsible for the manufacture, distribution, or supply of falsified products?","[' rapid alert@who', 'a person who supplyified products', ' rapid Alert : who is responsible for the supply of the products']"
754,"WHO Global Surveillance and Monitoring Systemfor Substandard and Falsified Medical ProductsFor more information, please visit: wwwint/medicines/regulation/ssffc/en/The COVID-19 pandemic is straining health systems worldwide",COVID-19 pandemic,What is straining health systems worldwide?,"['The Global Health System', "" WHO's warning system"", 'What caused people to fall ill']"
755," The rapidly increasing demand on health facilities and health care workers threatens to leave some health systems overstretched and unable to operate effectivelyPrevious outbreaks have demonstrated that when health systems are overwhelmed, mortality from vaccine-preventable and other treatable conditions can also increase dramatically During the 2014-2015 Ebola outbreak, the increased number of deaths causedby measles, malaria, HIV/AIDS, and tuberculosis attributable to health system failures exceeded deaths from Ebola[1,2]","increased number of deaths causedby measles, malaria, HIV/AIDS, and tuberculosis",What was the cause of the 2014-2015 Ebola outbreak?,"['Rising number of deaths caused by Ebola', 'Rising number of deaths caused by Ebola from previousokers- Lied. [ : Zxxk. Com ]', 'increased number of deaths caused by high expectations of health care workers']"
756,"“The best defense against any outbreak is astrong health system,” stressed WHO Director-General Tedros Adhanom Ghebreyesus“COVID-19 is revealing how fragile many of the world’s health systems andservices are, forcing countries to make difficult choices on how to best meetthe needs of their people”To help countries navigate through these challenges, the World Health Organization (WHO) has updated operational planning guidelines in balancing the demands of responding directly to COVID-19 while maintaining essential health service delivery, and mitigatingthe risk of system collapse",astrong health system,What is the best defense against any outbreak?,"['having a strong health system', ""China's health system"", 'an effective health system']"
757," This includes a set of targeted immediate actions that countries should consider at national, regional, and local level to reorganize and maintain access to high-quality essential health services for allCountries should identify essential services that will be prioritized in their efforts to maintain continuity of service delivery and make strategic shifts to ensure that increasingly limited resources provide maximum benefit for the population Theyalso need to comply with the highest standard in precautions, especially in hygiene practices, and the provision of adequate supplies including personal protective equipment This requires robust planning and coordinated actions between governmentsand health facilities and their managers",health facilities,What do governments need to coordinate with their managers to reorganize and maintain access to high quality essential health services for allCountries?,"[' essential services', ' essential services for allCountries', 'high quality essential health services']"
758,"Some examples of essential services include: routine vaccination; reproductive health services including care during pregnancy and childbirth; care of young infants and older adults; management of mental health conditions as well as noncommunicable diseasesand infectious diseases like HIV, malaria and TB; critical inpatient therapies; management of emergency health conditions; auxiliary services like basic diagnostic imaging, laboratory services, and blood bank services, among othersWell-organized and prepared health systems can continue to provide equitable access to essential service delivery throughout an emergency, limiting direct mortality and avoiding increased indirect mortalityThe guidelines stress the importance of keeping up-to-date information",keeping up-to-date information,What does the guidelines stress the importance of?,"['taking care of young infants and older adults', 'keeping direct mortality', ' management of emergency health conditions']"
759," This requires frequent transparent communications with the public, and strong community engagements so the public can maintain trust in the system to safely meet theiressential needs and to control infection risk in health facilities This will help ensure that people continue to seek care when appropriate, and adhere to public health advice The health impact of the 2014–15 Ebola outbreak",2014–15 Ebola outbreak,What was the health impact of?,"['Ebola killed out of the information', 'Those who were infected Ebola were infected', 'Those affected by the 2014 and the following Ebola']"
760," Public Health, 143, 60-70 Effects of response to 2014–2015 Ebola outbreak on deaths from malaria, HIV/AIDS, and tuberculosis, West Africa Emerging infectious diseases, 22(3), 433","22(3), 433",What is the number of cases of Ebola outbreak in West Africa?,[]
761,For interviews please contact: Tarik JasarevicTo access the full guidance please visit: https://wwwint/emergencies/diseases/novel-coronavirus-2019/technical-guidance/maintaining-essential-health-services-and-systemsFor further information and guidance on COVID-19 please visit: https://wwwint/emergencies/diseases/novel-coronavirus-2019 ,Tarik Jasarevic,Who is responsible for the full guidance on COVID-19?,"['Novel-coronavirus- gods', 'A man named Tarik Jasarevis', 'who is responsible for the full guidance on COfriend-19']"
762,"WHO’s focus at all times is to ensure that all areas of the globe have the information they need to manage the health of their people In a recent interview, the WHO official who headed the joint international mission to China, did not answer a question on Taiwan’s response to the COVID-19 outbreakThe question of Taiwanese membership in WHO is up to WHO Member States, not WHO staff",WHO Member States,Who is Taiwan's membership in WHO?,"[' WHO staff', 'who is Taiwan member in WHO?', 'The Taiwan government']"
763," However,WHO is working closely with all health authorities who are facing the current coronavirus pandemic,including Taiwanese health expertsThe Taiwanese caseload is low relative to population We continue to follow developments closely",coronavirus pandemic,What is the current pandemic?,"['Taiwan health experts', 'a Taiwanese Health worker', ""Taiwan's health problem""]"
764,"WHO is taking lessons learned from all areas, including Taiwanese health authorities, to share best practices globallyWith respect to the COVID-19 outbreak, the WHO Secretariat works with Taiwanese health experts and authorities, following established procedures, to facilitate a fast and effective response and ensure connection and information flowThere is a Taiwanese International Health Regulations Point of Contact, who receives IHR (2005) communications and has access to the Event Information Site (EIS) Platform (a password-protected database and information exchange mechanism supporting the IHR (2005))",the Event Information Site (EIS) Platform,What is a password-protected database and information exchange mechanism supporting the IHR (2005)?,"['the Taiwanese International Health regulations Point of contact', 'the Taiwan InternationalHealth regulations Point o contact', 'a password- protected database and information exchange mechanism']"
765,"The Taiwanese Field Epidemiology Training Program is a member of the Training Programs in Epidemiology and Public Health Interventions Network (also known as “TEPHINET”) WHO shares Global Outbreak Alert and Response Network alerts and requests for assistance with TEPHINET, and those messages are cascaded to the TEPHINET membersTwo Taiwanese public health experts participated in the Global Research and Innovation Forum organized by WHO on 11-12 February 2020, thus contributing, alongside other world scientists, including from mainland China, to critical research questions and to finding ways to work together to advance the response",Taiwanese Field Epidemiology Training Program,What is a member of the Training Programs in Epidemiology and Public Health Interventions Network?,"['The Chinese Health experts', 'The Global Research and Innovation Forum organized by WHO', 'The Taiwan Public Health Federation']"
766,"WHO staff work around the world to respond to this pandemic with the best evidence-based guidance and operational support available for all people, based on public health needs Membership in WHO and status issuesare decided by Member Statesand the rules they set atWHO’s governing body, the World Health AssemblyInformation about COVID-19 can be found here:https://www",WHO,Who works around the world to respond to the pandemic?,"["" WHO's president"", 'who is to blame for the pandemic?', 'The world Health Association']"
767,"int/emergencies/diseases/novel-coronavirus-2019The COVID-19 pandemic is testing the resilience of robust health systems around the world Recognizing the heavy toll that malaria exacts on vulnerable populations in sub-Saharan Africa, as well as the region’s fragile health infrastructure, WHO underlines the critical importance of sustaining efforts to prevent, detect and treat malaria",COVID-19 pandemic,What is testing the resilience of robust health systems around the world?,"['Lack of health confidence', 'Vital health systems', 'Malaria exacts on vulnerable populations in sub- Sah Africa']"
768,"“As COVID-19 continues its rapid spread, WHO would like to send a clear message to malaria-affected countries in Africa,” said Dr Pedro Alonso, Director of the WHO Global Malaria Programme “Do not scale back your planned malaria prevention, diagnostic and treatment activities If someone living in a place with malaria develops a fever, he or she should seek diagnosis and care as soon as possible",malaria,WHO would like to send a clear message to what affected countries in Africa?,"['Malaria', 'Malaria - affected countries', 'There are many countries affected by malaria']"
769,"”Ensuring access to core malaria prevention measures is an important strategy for reducing the strain on health systems; these include vector control measures, such as insecticide-treated nets and indoor residual spraying, as well as chemoprevention for pregnant women and young children (intermittent preventive treatment in pregnancy, intermittent preventive treatment in infants and seasonal malaria chemoprevention) Additional special measures could ease the burden on health systems in the context of COVID-19, such as presumptive malaria treatment and mass drug administrationAny interventions must consider the importance of both lowering malaria-related mortality and ensuring the safety of communities and health workers",lowering malaria-related mortality and ensuring the safety of communities and health workers,What do interventions need to consider the importance of?,"['Lowering malaria - related mortality, setting up some new models of care for the health', 'Lowering malaria - related mortality', 'preventing malaria- related death and ensure health care']"
770," WHO will provide guidance for countries to safely maintain essential health services in the context of the COVID-19 responseAbout COVID-19COVID-19 is the infectious disease caused by the most recently discovered coronavirus This new virus and disease were unknown before the outbreak began in Wuhan, China, in December 2019",December 2019,"When did the outbreak begin in Wuhan, China?","['October 25', 'Wuhan, China', 'October 14']"
771," Essential information on the COVID-19 pandemic can be found in adedicated WHO siteAbout malariaMalaria is a preventable and treatable disease caused by parasites that are transmitted to people through the bites of infected femaleAnophelesmosquitoes In 2018, there were an estimated 228 million cases of malaria worldwide and 405 000 malaria-related deaths",405 000,How many malaria-related deaths were there in 2018?,"['report on malaria - related deaths', 'call for more care for malaria protection', 'Malaria - related deaths']"
772," For more on malaria, visit:wwwGeneva, 23 March 2020: FIFA, the international governing body of football, and the World Health Organization (WHO) have teamed up to combat the coronavirus (COVID-19) by launching a new awareness campaign led by world-renowned footballers, who are calling on all people around the world to follow five key steps to stop the spread of the diseaseThe “Pass the message to kick out coronavirus” campaign promotes five key steps for people to follow to protect their health in line with WHO guidance, focused on hand washing, coughing etiquette, not touching your face, physical distance and staying home if feeling unwell",World Health Organization,What is the WHO's name?,"[' WHO', 'Famous Organization', ""World's Health Organization.virus""]"
773,"“FIFA and its President Gianni Infantino have been actively involved in passing the message against this pandemic since the very beginning,” said WHO Director-General Dr Tedros Adhanom Ghebreyesus at the virtual launch of the campaign at WHO headquarters in Geneva, Switzerland “Be it through campaigns or funding, FIFA has stood up to the coronavirus, and I am delighted that world football is supporting WHO to kick out the coronavirus I have no doubt with this type of support that together we will win",FIFA,Who has been actively involved in passing the message against this pandemic?,"['Gianni Infantino', 'Fantino', 'GianniInfantino']"
774,"”“We need teamwork to combat the coronavirus,” said FIFA President Gianni Infantino “FIFA has teamed up with WHO because health comes first I call upon the football community worldwide to join us in supporting this campaign to pass the message even further",FIFA President Gianni Infantino,Who said that the FAA has teamed up with WHO to fight the coronavirus?,"['FAA President Michael Fantino', 'FTO PresidentAntino', 'FAA and WHO have made great contributions to the campaign']"
775," Some of the greatest players to have played the beautiful game have put their names to the campaign and are united in their desire to pass the message to kick out COVID-19” Twenty-eight players are involved in the video campaign, which is being published in 13 languages Sami Al Jaber (KSA), Alisson Becker (BRA), Emre Belözoğlu (TUR), Jared Borgetti (MEX), Gianluigi Buffon (ITA), Iker Casillas (ESP), Sunil Chhetri (IND), Youri Djorkaeff (FRA), Han Duan (CHN), Samuel Eto’o (CMR), Radamel Falcao (COL), Laura Georges (FRA), Valeri Karpin (RUS), Miroslav Klose (GER), Philipp Lahm (GER), Gary Lineker (ENG), Carli Lloyd (USA), Lionel Messi (ARG), Mido (EGY), Michael Owen (ENG), Park Ji-sung (KOR) , Carles Puyol (ESP), Célia Šašić (GER), Asako Takakura (JPN), Yaya Touré (CIV), Juan Sebastián Verón (ARG), Sun Wen (CHN) and Xavi Hernández (ESP)",Twenty-eight,How many players are involved in the video campaign?,"['Twenty-Eight.', 'The best players who have played the beautiful game have put their names to the campaign.', 'Some of the greatest players']"
776,"A video campaign, which will be published on player and FIFA digital channels, is also being provided as individual localized files to the 211 FIFA member associations and media agencies, together with a graphics toolkit for implementation on social media to further pass the messageHands:“It starts with your hands,” says Alisson Becker, WHO Goodwill ambassador for health promotion, Liverpool FC and Brazil goalkeeper, and The Best FIFA Men's Goalkeeper, 2019 “Please wash your hands frequently with soap and water or an alcohol-based solution",211,How many FIFA members are there?,"['Famous player, Alisson Becker', 'The list of soccer players is not yet published', 'soccer']"
777,"”Such frequent washing with soap and water, or preferably with an alcohol-based hand solution, kills viruses that may be on your hands It is simple, but it is very important Elbows:“Cover your nose and mouth with a bent elbow or tissue when you sneeze or cough,” says Carli Lloyd two-time FIFA Women’s World Cup winner from the United States",Carli Lloyd,Who is the two-time FIFA Women's World Cup winner from the United States?,"['Famous football player from the United States.', 'Famous players of the United States', ""Famous women's World Cup winner from the United States""]"
778," “Dispose of tissue immediately and wash your hands”Droplets spread the coronavirus By following respiratory hygiene, you protect the people around you from contracting viruses, such as cold, flu and coronavirus",respiratory hygiene,What do you do to protect the people around you from contracting the coronavirus?,"['colds and flu', 'cranavirus', 'protecting the people from picking up cold']"
779," Face:“Avoid touching your face, particularly your eyes, nose or mouth to prevent the virus from entering your body,” adds FC Barcelona and Argentina forward Lionel Messi, The Best FIFA Men’s Player in 2019, and a multiple FIFA Ballon d’Or winnerHands touch too many surfaces and can quickly pick up viruses Once contaminated, hands can transfer the virus to your face, from where the virus can move inside your body, making you feel unwell",face,What does Lionel Messi say does not prevent the virus from entering your body?,"['Touch', 'your eyes', 'your eyes, nose or mouth']"
780," Distance:“In terms of social interaction, take a step back,” says Han Duan, who represented China PR 188 times in an international career that spanned 11 years “Stay at least one metre distance from others”By maintaining such social distancing, you are helping to avoid breathing in any droplets from someone who sneezes or coughs in close proximity",breathing,How do you avoid droppinglets from someone who sneezes or coughs in close proximity?,"[""introducing a person who doesn't like distance"", 'introducing a cold rain to the people who keep distance from each other', 'avoiding the contact with someone']"
781," Feel – know your symptoms:“If you feel unwell, stay home,” concludes Samuel Eto’o, former FC Barcelona and Cameroon striker, who represented his country 114 times “Please follow all instructions provided by your local health authorities”If you have a fever, cough and difficulty breathing, seek medical attention and call in advance",114,How many times did Eto'o represent his country?,"['eleven times', '105', '100 times']"
782," Keep informed as local health authorities provide the latest information on the situation in your area Please follow their specific instructions, and call in advance to allow them to direct you to the appropriate local health facility This serves to protect you and to help prevent the spread of virus and other infections",prevent the spread of virus and other infections,What do local health authorities do to protect you?,"['protect you from getting infected with fun even in the evening', ' direct you to the local health facilities', 'prevent your health from being infected']"
783,"The COVID-19 pandemic is a global health and societal emergency that requires effective immediate action by governments, individuals and businesses All businesses have a key role to play in minimising the likelihood of transmission and impact on society Early, bold and effective action will reduce short- term risks to employees and long-term costs to businesses and the economy",COVID-19 pandemic,What is a global health and societal emergency?,"['Government, individuals and businesses', ' businesses and society are in need of the care of pandemics', 'Businesses are needed to take steps to prevent the pandemis']"
784,"To aid this collective effort, ICC will regularly send updated advice to its network of over 45 million businesses so that businesses everywhere can take informed and effective action to protect their workers, customers and local communities and contribute to the production and distribution of essential suppliesICC will also contribute to enhancing information flows on the coronavirus outbreak by surveying its global private sector network to map the global business response This will both encourage businesses to adopt appropriate precautionary approaches and generate new data and insights to support national and international government efforts",enhancing information flows,How will ICC contribute to the coronavirus outbreak?,"['observing the global business response', 'taking some measures to protect businesses', 'Small businesses in the country']"
785,"As an immediate priority, businesses should be developing or updating, readying or implementing business continuity plans Business continuity plans should aim to reduce transmission, including by: promoting understanding of the disease, its symptoms and appropriate behavior among employees; setting up a reporting system for any cases and contacts; preparing essentials; limiting travel and physical connectivity; and planning for measures such as teleworking when necessaryCalls to ActionICC strongly endorses WHO’s call on national governments everywhere to adopt a whole-of- government and whole-of-society approach in responding to the COVID-19 pandemic",COVID-19 pandemic,WHO strongly endorses WHO’s call on governments everywhere to adopt a whole-of-government and whole-of-society approach in,"['Obama pandemic', "" WHO's call on governments to adopt a whole-of- government and whole-of-society approach"", "" WHO's call for actionC""]"
786," Reducing the further spread of COVID-19 and mitigating its impact should be a top priority for Heads of State and Government Political action should be coordinated with actors in the private sector and civil society to maximize reach of messaging and effectivenessGovernments should commit to making available all necessary resources to combat COVID-19 with the minimum of delay and to ensure that cross-border medical and other essential goods supply chains are able to function effectively and efficientlyICC and the WHO encourage national chambers of commerce to work closely with UN country teams, including WHO country offices where they exist, and to designate mutual focal points to coordinate this collaboration",to maximize reach of messaging and effectiveness,How should political action be coordinated with actors in the private sector and civil society?,"['to make full use of all necessary resources', 'to reduce the further spread of CODA- 19', 'to make sure that cross - border medical and other essential goods supply chains are able to function effectively and efficiently']"
787,"ICC encourages its members to support their country’s national response efforts and to contribute to the global response efforts coordinated by the WHO through wwwAs the pandemic evolves, ICC Secretary General John WH Denton AO and WHO Director General Dr Tedros Adhanom Ghebreyesus will continue to coordinate their efforts",ICC Secretary General John WH Denton AO and WHO Director General Dr Tedros Adhanom Ghebreyesus,Who will continue to coordinate their efforts?,"['Who will continue to cooperate with the WHO?', ""Who will help with their country's national response efforts?"", 'The Ghebreyes, John Denton AO and WHO']"
788,"Essential information on the COVID-19 pandemic can be found on the WHO’s  dedicated siteGENEVA and Washington, D – A new coronavirus disease (COVID-19) Solidarity Response Fund will raise money from a wide range of donors to support the work of the World Health Organization (WHO) and partners to help countries respond to the COVID-19 pandemic","the WHO’s dedicated siteGENEVA and Washington, D – A new coronavirus disease",Where can you find information on the COVID-19 pandemic?,"['to help countries respond to the COUV-19 pandemic', 'the information on the CODA-19 pandemic', ""in the WHO's proper sites""]"
789," The fund, the first-of-its-kind, enables private individuals, corporations and institutions anywhere in the world to come together to directly contribute to global response efforts, and has been created by the United Nations Foundation and the Swiss Philanthropy Foundation, together with WHO “We are at a critical point in the global response to COVID-19 – we need everyone to get involved in this massive effort to keep the world safe,” said Dr Tedros Adhanom Ghebreyesus, WHO Director-General",WHO Director-General,Who is Tedros Adhanom Ghebreyesus?,"['The Swiss Philopsy Foundation', 'The United Nations Foundation and the Swiss Philanthropy Foundation', 'A Swiss Phil philanthropy Foundation.']"
790," “We are immensely grateful to the UN Foundation and the Swiss Philanthropy Foundation for coming forward to help us set up this fund A lot of people and institutions have been saying they want to contribute to the fight against the novel coronavirus”The fund launches with major support already lined up, including from Facebook and Google who have instituted a matching scheme for funds raised through their platforms, while individual donors are also supporting the fund through www",www,What website does individual donors support the fund through?,"['A website called www', ' individual donors', 'which website does individual donors support the fund']"
791,"“We can’t ignore the fact that this is a truly global problem – one that requires truly global solutions,” said Elizabeth Cousens, UN Foundation President and CEO “The case for global cooperation could not be clearer – communities everywhere are affected, and people want to contribute This new fund will create space for people everywhere, together, to fight this virus",communities everywhere,Who is affected by global cooperation?,"['who needs global solutions', 'Ways of global cooperation', 'Ways to fight this virus']"
792,"” Funds will go towards actions outlined in the COVID-19 Strategic Preparedness and Response Plan to enable all countries – particularly those most vulnerable and at-risk, and with the weakest health systems – to prepare for and respond to the COVID-19 crisis including rapidly detecting cases, stopping transmission of the virus, and caring for those affectedWHO and its partners are seeking financing for protective equipment for frontline health workers; to equip diagnostic laboratories; improve surveillance and data collection; establish and maintain intensive care units; strengthen supply chains; accelerate research and development of vaccines and therapeutics; and take other critical steps to scale up the public health response to the pandemicThe COVID-19 Solidarity Response Fund is hosted by two foundations, the UN Foundation (registered in the United States) and the Swiss Philanthropy Foundation (registered in Switzerland)",Swiss Philanthropy Foundation,What is the name of the foundation that hosts the COVID-19 Solidarity Response Fund?,"['Fondness and Response Plan', 'The UN Foundation', 'The United Nations Foundation']"
793," Both foundations have established relationships with the World Health Organization, allowing for efficient transfer of financial resources to enable COVID-19 response effortsApart from giving online at wwworg, the UN Foundation can also receive donations via check or wire from around the world by contacting COVID19Fund@unfoundation",the World Health Organization,What organization has the UN Foundation established relationships with?,"['the UN Foundation', 'the United Nations Foundation', 'one of the organizations']"
794,"All donations made to the United Nations Foundation and Swiss Philanthropy Foundation are tax-deductible to the extent allowable by the law, where applicable (UAdditionally, Swiss Philanthropy Foundation has partnered with Transnational Giving Europe to extend tax benefit to certain additional European countries where applicable###More: COVID-19 Strategic Preparedness and Response PlanCoronavirus disease (COVID-19) outbreak informationAbout the United Nations FoundationThe UN Foundation brings together the ideas, people, and resources the United Nations needs to drive global progress and tackle urgent problems",Transnational Giving Europe,Who has the Swiss Philanthropy Foundation partnered with to extend tax benefit to certain additional European countries?,"['Siss Phil chipsy Foundation.', 'The United Nations Foundation', 'Swiss Philopusy Foundation']"
795," Occupational health services in health care facilities have an important role for protecting health workers and ensuring the business continuity of health care servicesCorona Virus Disease (COVID-19) Outbreak: Rights, roles and responsibilities of health workers, including key considerations for occupational safety and health (English only)Health workers exposure risk assessment and management in the context of COVID-19 virusRational use of personal protective equipment for coronavirus disease (COVID-19)WHO, ePROTECT respiratory occupational health and safetyThe COVID-19 risk communication package for healthcare facilitiesWHO and ILO, Occupational safety and health in public health emergencies: A manual for protecting health workers and responders (English)(Chinese)ILO and WHO, Work improvement in health services (English, French, Spanish, Portuguese, Arab, Chinese)WHO resources for non-healthcare workplacesNon-healthcare workplaces, such as businesses and enterprises have also the responsibility to protect the health and safety of their workers and those affected by their operationsGetting your workplace ready for COVID-19 Business and employees Coronavirus disease (COVID-19) technical guidance: Points of entry and mass gatherings Coronavirus disease (COVID-19) advice for the public Coping with stress during the COVID-19 outbreakTravel and tourismCOVID-19 websiteWHO Travel AdviceInfographicsPrevention COVID-19 at the workplace",COVID-19,What is the term for Corona Virus Disease?,"['Use of personal protective equipment for health care', 'O coin, COUV-19', 'Useful personal protection equipment for Health']"
796,"WHO calls on industry and governments to increase manufacturing by 40 per cent to meet rising global demandThe World Health Organization has warned that severe and mounting disruption to the global supply of personal protective equipment (PPE) – caused by rising demand, panic buying, hoarding and misuse – is putting lives at risk from the new coronavirus and other infectious diseases Healthcare workers rely on personal protective equipment to protect themselves and their patients from being infected and infecting othersBut shortages are leaving doctors, nurses and other frontline workers dangerously ill-equipped to care for COVID-19 patients, due to limited access to supplies such as gloves, medical masks, respirators, goggles, face shields, gowns, and aprons",40,How much does the WHO call on governments to increase manufacturing by?,"['50', '20', '4.5 - 5.4 times as high as required']"
797,"“Without secure supply chains, the risk to healthcare workers around the world is real Industry and governments must act quickly to boost supply, ease export restrictions and put measures in place to stop speculation and hoarding We can’t stop COVID-19 without protecting health workers first,” said WHO Director-General Dr Tedros Adhanom Ghebreyesus",WHO Director-General Dr Tedros Adhanom Ghebreyesus,Who was the director-general of the WHO?,"['Who was the director-general of the WHO?', 'China was the first country to have a good supply', 'What was the known knowledge about health?']"
798,"Since the start of the COVID-19 outbreak, prices have surged Surgical masks have seen a sixfold increase, N95 respirators have trebled and gowns have doubledSupplies can take months to deliver and market manipulation is widespread, with stocks frequently sold to the highest bidder",sixfold increase,How much has the price of surgical masks increased since the COVID-19 outbreak?,"['six times increase', 'Sixty percent increase', 'seventeen increase or eightfold increase']"
799,"WHO has so far shipped nearly half a million sets of personal protective equipment to 47 countries,* but supplies are rapidly depletingBased on WHO modelling, an estimated 89 million medical masks are required for the COVID-19 response each month For examination gloves, that figure goes up to 76 million, while international demand for goggles stands at 1",76 million,How many medical masks are required for the COVID-19 response?,"['need 9 million', 'Clothing million', '80,000']"
