,context,answer,question,distractor
2300,"3 billion to the 92 economies eligible for support through the COVAX AMCConfirmation of first-round allocations, covering the majority of the COVAX Facility participants, will be published 2 March 2021 COVAX doses to date have been delivered by SII to India, Ghana, Cote d’Ivoire, while Pfizer-BioNTech has delivered doses to the Republic of Korea",3 billion,How many COVAX Facility participants are eligible for support?,"['9 billion', '2.4 - 3 billion', '2.5 billion.']"
2301," More deliveries by these two manufacturers are planned in the coming days, with 11 million doses in total planned to be delivered over the next seven days In addition, AstraZeneca is set to commence shipments this weekCOVAX, the overarching effort to accelerate development and access to COVID vaccines, is co-led by the Coalition for Epidemic Preparedness Innovations (CEPI), Gavi, the Vaccine Alliance and the World Health Organization (WHO) working in partnership with UNICEF as well as the World Bank, manufacturers and civil society organizations, and others",11 million,How many doses are planned to be delivered over the next seven days?,"['9.5 million to be delivered in the next seven days', '9 million', '11.5']"
2302,"""This is a day many of us have been dreaming of and working for more than 12 months,"" said Dr Tedros Adhanom Ghebreyesus, WHO Director-General ""It's gratifying to see the fruit of that labour But success is still to come",12 months,How long have many of us been dreaming of and working for?,"['four months', 'many months', '11 years']"
2303, This is only the beginning of what COVAX was set up to achieve We have a lot left to do to realize our vision to start vaccination in all countries within the first 100 days of the year There are just 40 days left,40,How many days are there to start vaccination in all countries within the first 100 days of the year?,"['40 days. He would need 40 days', '20 days', '40 days of the year']"
2304,"""“As vaccination begins in Côte D’Ivoire, less than a year after COVID-19 was characterized as a global pandemic, I am filled with confidence, and I am sure that throughCOVAX and international solidarity we will be able to reach the most at-risk everywhere Global equitable access to life-saving vaccines is the surest way to save lives and rebuild economies I would like to thank all donors and also the leadership of the G7 group of nations",G7,Who was the leader of the group of nations?,"['who was the leader of the group of nations', ""C ridete D'Ivoire"", 'whose country leads the world']"
2305," Nowadays vaccine policy is the best economic policy,” said José Manuel Barroso, Chair of Gavi, the Vaccine Alliance “The last year has been a dark one for families all over the world, but the rapid development of COVID-19 vaccines provided a hopeful light at the end of the tunnel Today, the COVAX Facility begins to make good on its promise to make sure that light shines for all,” said Henrietta Fore, UNICEF Executive Director",Henrietta Fore,Who is UNICEF Executive Director of the Vaccine Alliance?,"['Jos junior barroso.', 'Javier barroso', 'Josuel Barroso']"
2306," “This unprecedented global effort has rallied the international community behind identifying acceptable vaccines, raising funds to procure them, and laying the groundwork for the world’s largest immunization campaign in history Now, these vaccines are quickly reaching people in low and middle-income countries, many of which would have been left behind without the Facility’s work This proves what we can accomplish when we all – the private sector, UN and development agencies, governments, donors, and other partners – work as one",the international community,"Who has rallied to identify acceptable vaccines, raise funds to procure them, and lay the groundwork for the world's largest immun","['the government and the international community', 'the public health organization', 'the public sources']"
2307,"”“This is a historic day in the global fight against COVID-19 Today’s vaccinations in Cote d’Ivoire and Ghana are among the first to be delivered through COVAX, which will protect many hundreds of millions of those most at risk from COVID-19, wherever they are in the world” said Dr Richard Hatchett, CEO of CEPI",Dr Richard Hatchett,Who is the CEO of CEPI?,"['Who is the CEO of CEPI', ""CepI's CEO"", 'The CEO of CEPI']"
2308," “In the coming days and weeks, COVAX will begin to redress the global imbalance in vaccine deployment, but there is still much to do The spread of new COVID-19 variants means global access to vaccines is more important than ever before, and the global community must remain firmly focused on this goal if we are to bring the pandemic to an end”The start of Africa’s biggest immunization drive in history through the COVAX Facility marks a step forward in the continent’s fight against COVID-19",COVAX Facility,What is Africa's biggest immunization drive?,"[""Africa's biggest vaccine tour"", 'Virus -19', ""Alibaba's largest vaccine adventure""]"
2309," It is a welcome shift towards bringing African countries off the sidelines and back into the vaccination race, correcting the glaring inequity which has been an unfortunate hallmark of the global vaccine rollout to date For months WHO teams in the region and partners have been supporting countries to plan and prepare for the complex challenges of such a massive vaccination campaign We now look forward to seeing these plans put into action with an effective and efficient vaccine rollout,”Dr Matshidiso Moeti, WHO Regional Director for Africa",Dr Matshidiso Moeti,Who is the WHO Regional Director for Africa?,"['A World Health Organization', 'A WHO regional director for Africa.', 'Dr Motshidiusi']"
2310," “The first COVAX vaccine deliveries in West and Central Africa were a huge first step towardsequityand a demonstration of global solidarity,” said UNICEF Regional Director for West and Central Africa Marie-Pierre Poirier “Afew days after the vaccine doses landed, we are already celebrating the first COVID-19 vaccination campaigns, starting today in Ghana and Cote d’Ivoire, aimed at protecting the most vulnerable We are proud that countries in West and Central Africa were ready from the get-go",Ghana and Cote d’Ivoire,Where are the first COVID-19 vaccination campaigns starting today?,"['Afew days after the vaccine dose landed', 'West and Central Africa', 'West and West equally \n :']"
2311," UNICEF is active on the ground, together with WHO and other partners, to support the roll-out of the vaccination campaigns until everyone is safe“Quotes from partners and donorsPresident Ursula von der Leyen, European Commissionsaid: “To overcome coronavirus, vaccines must reach all corners of the planet, as soon as possible I am delighted that we now havetangible results on the ground",UNICEF,Who is active on the ground to support vaccination campaigns?,"['Vaccination campaigns', 'Vocuses on making sure everyone is safe', 'who is active in collecting vaccine for the whole world']"
2312," I want to pay tribute to the tireless efforts of our partners, Gavi, CEPI, WHO and UNICEF Team Europeis a proud supporter of COVAX andwill continue to stand by the people of Africa"" Karina Gould, Minister of International Development, Government of Canada and Gavi COVAX AMC co-chairsaid: “Today is yet again proof of what can be achieved through international collaboration",international collaboration,What does Karina Gould say today is proof of?,"['international cooperation', 'international co-operation', 'an example of international cooperation']"
2313,"We have reached another milestone in the global vaccination effort, withthe first COVAX vaccines being administered in Cote d’IvoireCanada is committed to helping everyone, everywhere recover from the pandemic, and also, to strengthening health systems” Norwegian Minister of International Development and co-chair of ACT-A facilitation council Dag-Inge Ulstein said: “The progress on vaccines is impressive and, as a major funder to the ACT Accelerator, we believe in the need for the multilateral approach which is clearly working",Cote d’IvoireCanada,Where are the first COVAX vaccines being administered?,"[""Cote d'Ivoire Canada"", 'Canada', 'When Cote dvieX vaccines are first used']"
2314," As co-chair of the ACT Accelerator Facilitation Council, we urgently need to see the same traction in tests, treatments and health systems Funding is needed to support this now; we have a small window of opportunity with the evolving context of the pandemic -new variants, limited vaccine supply, and underinvestment in global solutions means we cannot be complacent”HE Minister of Health in Saudi Arabia, Dr Tawfig AlRabiah said: “Saudi Arabia’s contribution to this historic moment reaffirms our commitment to the principles of ACT-A; equitable access to various pandemic tools, leaving no one behind",ACT Accelerator Facilitation Council,What is Saudi Arabia's co-chair of?,"['Arabic Minister of Health', 'He Minister of Health in Saudi Arabia', 'ections of Health']"
2315,"”Adar Poonawalla, CEO, Serum Institute of India (SII) said: ""We are delighted to play a part in vaccinating the world through COVAX We will continue to work towards providing equitable access to vaccines Prasad, President, Developing Countries Vaccine Manufacturer’s Network (DCVMN) said: “Developing Countries Vaccine Manufacturer’s Network has strongly stood with all stakeholders during this unprecedented time of COVID-19 pandemic and has strived hard to develop, manufacture and roll out COVID-19 vaccines in a record time span of 10-12 months as a part of global collaboration and solidarity",10-12 months,"How long has the Developing Countries Vaccine Manufacturer's Network worked to develop, manufacture and roll out COVID-19 vaccines?",[]
2316," We stand together shoulder to shoulder in this endeavour”Thomas Cueni, Director General, International Federation of Pharmaceutical Manufacturers and Associations (IFPMA) said: “Since the beginning of this pandemic, vaccine makers have spared no efforts to speed up development, production, registration, and equitable access to of high-quality vaccines Pharmaceutical manufacturers are committed founding partners of ACT-Accelerator and COVAX, and we are excited that for the first time in the history of pandemics vaccines are rolled out in a coordinated manner quickly around the world",ACT-Accelerator and COVAX,What are pharmaceutical manufacturers committed partners of?,"['Vaccine makers', 'Vaccemics manufacturers', 'High - quality vaccine and COV manufacturers']"
2317," Another momentous effort, is the scaling up of the vaccine manufacturing from zero to millions in a matter of months As producing vaccines is a complex process, so with such a scale up, there are inevitably going to be challenges ahead; we will continue working collaboratively to find solutions and join hands in making history”Notes to EditorsList of donor pledges to the Gavi COVAX AMC is availablehere",the scaling up of the vaccine manufacturing,What is another significant effort to make vaccines?,"['the vaccine production', 'the difficulty of producing vaccine', 'the difficulty in making vaccines']"
2318,"About COVAXCOVAX, the vaccines pillar of theAccess to COVID-19 Tools (ACT) Accelerator, is co-led by the Coalition for Epidemic Preparedness Innovations (CEPI), Gavi, the Vaccine Alliance Gavi) and the World Health Organization (WHO) – working in partnership with developed and developing country vaccine manufacturers, UNICEF, the World Bank, and others It is the only global initiative that is working with governments and manufacturers to ensure COVID-19 vaccines are available worldwide to both higher-income and lower-income countriesCEPI is focused on the COVAX vaccine research and development portfolio: investing in R&D across a variety of promising candidates, with the goal to support development of three safe and effective vaccines which can be made available to countries participating in the COVAX Facility",three,How many safe and effective vaccines can be developed by COVAXCOVAX?,"['two', 'three safe and effective vaccines', 'only one']"
2319," As part of this work, CEPI has secured first right of refusal to potentially over one billion doses for the COVAX Facility toa number ofcandidates, and made strategic investments in vaccine manufacturing, which includes reserving capacity to manufacture doses of COVAX vaccines at a network offacilities, andsecuring glass vials to hold 2 billion doses of vaccine CEPI is also investing in the ‘next generation’ of vaccine candidates, which will give the world additional options to control COVID-19 in the future  Gavi is focused on procurement and delivery for COVAX: coordinating the design, implementation and administration of the COVAX Facility and the GaviCOVAX AMC and working withitsAlliance partners UNICEF and WHO, along with governments, on country readiness and delivery",CEPI,Who has secured the first right of refusal to potentially over one billion doses for the COVAX Facility to a number ofcandidates?,"['Vaccine manufacturing', 'COPI', 'CepI']"
2320," The COVAX Facility is the global pooled procurement mechanism for COVID-19 vaccines through which COVAX will ensure fair and equitable access to vaccines for all 190 participating economies, using an allocation framework formulated by WHO The COVAX Facility will do this by pooling buying power from participating economies and providing volume guarantees across a range of promising vaccine candidates The Gavi COVAX AMC is the financing mechanism that will support the participation of 92 low- and middle-income countries in the Facility, enabling access to donor-funded doses of safe and effective vaccines",donor-funded doses of safe and effective vaccines,What does the Gavi COVAX AMC enable access to?,"['donor - financed vaccine candidates.', 'allow the participation of low - and middle - income Countries', 'obtain the lowest - and - middle - income countries with effective vaccines']"
2321," Gavi is fundraising for the COVAX AMC, and funding UNICEF procurement of vaccines as well as partners’ and governments work on readiness and delivery, including support cold chain equipment, technical assistance, syringes, vehicles, and other aspects of the vastly complex logistical operation for delivery UNICEF and the Pan-American HealthOrganisation(PAHO) will be acting as procurement coordinators for the COVAX Facility, helping deliver vaccines to COVAX AMC participants and othersWHO has multiple roleswithinCOVAX: It provides normative guidance on vaccine policy, regulation, safety, R&D, allocation, and country readiness and delivery",Gavi,Who is fundraising for the COVAX AMC?,"['UNiceF', 'Walking and delivery', 'Wile XAM']"
2322, Its Strategic Advisory Group of Experts(SAGE) on Immunization develops evidence-based immunization policy recommendations Its Emergency Use Listing (EUL) / prequalificationprogrammesensure harmonized review and authorization across member states It provides global coordination and member state support on vaccine safety monitoring,Strategic Advisory Group of Experts,What is the name of the group that develops evidence-based immunization policy recommendations?,"['Assessment Group of experts', 'Achieving evidence- based Merization Policy', 'A positions itselffirst in Health Management']"
2323," It developed the target product profiles for COVID-19 vaccines and provides R&D technical coordination WHO leads, together with UNICEF, the Country Readiness and Delivery workstream, which provides support to countries as they prepare to receive and administer vaccines Along with Gavi and numerous other partners working at the global, regional, and country-level, the CRD workstream provides tools, guidance, monitoring, and on the ground technical assistance for the planning and roll-out of thevaccines",WHO leads,Who provides R&D technical coordination?,"['who provides R&D technical support', 'who develops the program', 'R&D work stream']"
2324," Along with COVAX partners, WHO has developed a no-fault compensation scheme as part of the time-limited indemnification and liability commitmentsUNICEF is leveraging its experience as the largest single vaccine buyer in the world and working with manufacturers and partners on the procurement of COVID-19 vaccine doses, as well as freight, logistics and storage UNICEF already procures more than 2 billion doses of vaccines annually for routine immunization and outbreak response on behalf of nearly 100 countries",more than 2 billion,How many vaccine doses does UNICEF already procure annually?,"['about 2 billion', 'More than 2 billion vaccine worlds', 'as much as 2 billion']"
2325," In collaboration with thePAHO Revolving Fund, UNICEF isleading effortsto procure and supply doses of COVID-19 vaccines for COVAX In addition, UNICEF, Gavi and WHO are working with governments around the clock to ensure that countries are ready to receive the vaccines, with appropriate cold chain equipment in place and health workers trained to dispense them UNICEF is also playing a lead role in efforts to foster trust in vaccines, delivering vaccine confidence communications and tracking and addressing misinformation around the world",WHO,What organization is working with governments around the clock to ensure that countries are ready to receive COVID-19 vaccines?,"['UNiceF', ' UNiceF.', 'Gavio and WHO']"
2326,"About CEPICEPI is an innovative partnership between public, private, philanthropic, and civil organisations, launched at Davos in 2017, to develop vaccines to stop future epidemics CEPI has moved with great urgency and in coordination with WHO in response to the emergence of COVID-19 CEPI has initiated ten partnerships to develop vaccines against the novel coronavirus",ten,How many partnerships has CEPI initiated to develop vaccines against the novel coronavirus?,"[' cooperate with WHO', 'CepI', 'two activities of CEPI']"
2327,"About GaviGavi, the Vaccine Alliance is a public-private partnership that helps vaccinate half the world’s children against some of the world’s deadliest diseases Since its inception in 2000, Gavi has helped toimmunisea whole generation – over 822 million children – and prevented more than 14 million deaths, helping to halve child mortality in 73 developing countries Gavi also plays a key role in improving global health security by supporting health systems as well as funding global stockpiles for Ebola, cholera, meningitis and yellow fever vaccines",Vaccine Alliance,What is GaviGavi?,"['A public health organization', 'Gavade', 'Vaccine Association']"
2328," After two decades of progress, Gavi is now focused on protecting the next generation and reaching the unvaccinated children still being left behind, employing innovative finance and the latest technology – from drones to biometrics – to save millions more lives, prevent outbreaks before they can spread and help countries on the road to self-sufficiencyorg and connect with us on Facebook and TwitterThe Vaccine Alliance brings together developing country and donor governments, the World Health Organization, UNICEF, the World Bank, the vaccine industry, technical agencies, civil society, the Bill & Melinda Gates Foundation and other private sector partners",Vaccine Alliance,What organization brings together developing countries and donor governments?,"['Gavio', 'Vaccine Development', 'A World Health organization']"
2329," View the full list of donor governments and other leading organizations that fund Gavi’s work hereAbout WHOThe World Health Organization provides global leadership in public health within the United Nations system Founded in 1948, WHO works with 194 Member States, across six regions and from more than 150 offices, to promote health, keep the world safe and serve the vulnerable",194,In what year was the World Health Organization founded?,"['International organizations', 'At present', ""Gavio's work""]"
2330," Our goal for 2019-2023 is to ensure that a billion more people have universal health coverage, to protect a billion more people from health emergencies, and provide a further billion people with better health and wellbeingFor updates on COVID-19 and public health advice to protect yourself from coronavirus, visitwwwintand follow WHO onTwitter,Facebook,Instagram,LinkedIn,TikTok,Pinterest,Snapchat,YouTubeAbout UNICEFUNICEF works in some of the world’s toughest places, to reach the world’s most disadvantaged children",a billion,How many people have universal health coverage for 2019-2023?,"['a lot', 'two people', 'two health troubles']"
2331," Across 190 countries and territories, we work for every child, everywhere, to build a better world for everyone For more information about UNICEF and its work for children, visitwwwFor more information about COVID-19, visitwww",190,How many countries and territories does UNICEF work for every child?,"['20', 'The countries and territories', '200 - plus \n countries to work for children']"
2332,"Find out more about UNICEF’s work on the COVID-19 vaccineshere, or about UNICEF’s work on immunizationhereFollow UNICEF onTwitterandFacebookAbout the ACT-AcceleratorThe Access to COVID-19 Tools ACT-Accelerator, is a new, ground-breaking global collaboration to accelerate the development, production, and equitable access to COVID-19 tests, treatments, and vaccines",the COVID-19 vaccineshere,What is UNICEF's work on?,"['the ACT-Acaciaator', 'the action of COided-19 vaccine', 'the access to the ACT-Ac accelerationator']"
2333," It was set up in response to a call from G20 leaders in March and launched by the WHO, European Commission, France and The Bill & Melinda Gates Foundation in April 2020The ACT-Accelerator is not a decision-making body or a neworganisation, butworks to speed up collaborative efforts among existing organisations to end the pandemic It is a framework for collaboration that has been designed to bring key players around the table with the goal of ending the pandemic as quickly as possible through the accelerated development, equitable allocation, and scaled up delivery of tests, treatments and vaccines, thereby protecting health systems and restoring societies and economies in the near term",March,When was the ACT-Accelerator launched?,"['China', 'China, European, France and The Bill & Melinda Gates Foundation', 'April 2020. [ : Zxxk. Com ]']"
2334," It draws on the experience of leading global health organisations which are tackling the world’s toughest health challenges, and who, by working together,are able tounlock new and more ambitious results against COVID-19 Its members share a commitment to ensure all people have access to all the tools needed to defeat COVID-19 and to work with unprecedented levels of partnership to achieve itThe ACT-Accelerator has four areas of work: diagnostics, therapeutics, vaccines and the health system connector",four,How many areas of work does the ACT-Accelerator have?,"['Three areas of hard work. Ks5u', 'Four', 'one area of work']"
2335,"Cross-cuttingall of these is the workstream on Access & AllocationCOVAX announces 600000 doses of the AstraZeneca/Oxford vaccine licensed to Serum Institute of India have arrived in Accra, Ghana; further deliveries to Abidjan, Cote d’Ivoire are expected this weekFinal first round of allocations for doses of AstraZeneca/Oxford and Pfizer-BioNTech vaccines, to the majority of countries and economies participating in the COVAX Facility, anticipated to be published in coming days",600000,"How many doses of the AstraZeneca/Oxford vaccine have arrived in Accra, Ghana?","['400,000odles.000.000.000k', '400,000 drug reached Ghana', '600,000 copies of theAstrafficie/Oxford vaccine have been published in Accra, Ghana']"
2336,"Beginning of global rollout means that, as readiness criteria are met and doses produced, vaccines will be shipped to Facility participants on a rolling basisToday, Ghana became the first country outside India to receive COVID-19 vaccine doses shipped via the COVAX Facility This is a historic step towards our goal to ensure equitable distribution of COVID-19 vaccines globally, in what will be the largestvaccine procurement and supply operation in history",the largestvaccine procurement and supply operation in history,What is Ghana's goal to ensure equitable distribution of COVID-19 vaccines globally?,"['the largest vaccine supply operation in world', 'the largest production of CODA-19 vaccine', 'the first country outside India to receive CODAX vaccine dose']"
2337," The delivery is part of a first wave of arrivals that will continue in the coming days and weeksOn 23 February, COVAX shipped 600000 doses of the AstraZeneca / Oxford vaccine, from the Serum Institute of India (SII) from Pune, India to Accra, Ghana, arriving on the morning of 24 February The arrival in Accra is the first batch shipped and deliveredin Africa by the COVAX Facility as part of an unprecedented effort to deliver at least 2 billion doses of COVID-19 vaccines by the end of 2021",23 February,On what date did COVAX ship 600000 doses of the AstraZeneca / Oxford vaccine?,[]
2338," COVAX is co-led by Gavi, the Vaccine Alliance, the World Health Organization (WHO) and the Coalition for Epidemic Preparedness Innovations (CEPI), working in partnership with UNICEF as well as the World Bank, civil society organisations, manufacturers,and others“COVAX’s mission is to help end the acute phase of the pandemic as quickly as possible by enabling global equitable access to COVID-19 vaccines Today’s delivery takes us another step closer to this goal and is something the whole worldcan be proud of",COVAX,"Who is co-led by Gavi, the Vaccine Alliance, the World Health Organization (WHO) and the Coalition for Epidemic Prepare","['Vitamin -19 vaccine', 'Gavine Association', 'Gava, the WHO, the World Health Organization and the palms']"
2339," Over the coming weeks, COVAX must deliver vaccines to all participating economies to ensure that those most at risk are protected, wherever they live We need governments and businesses now to recommit their support for COVAX andhelp us defeat this virus as quickly as possible,” said Dr Seth Berkley, CEO of Gavi, the Vaccine Alliance""We will not end the pandemic anywhere unless we end it everywhere,"" said Dr Tedros Adhanom Ghebreyesus, WHO Director-General",Dr Tedros Adhanom Ghebreyesus,Who is WHO's Director-General?,"['Who is WHO Director-General?', 'DrTedros Adhanom Ghebreyesus', 'A person who is known as Dr Tedros Adhanom Ghebreyesus']"
2340," ""Today is a major first step towards realizing our shared vision of vaccine equity, but it's just the beginning We still havea lot of work to do with governments and manufacturers to ensure that vaccination of health workers and older people is underway in all countries within the first 100 days of this year""Dr Richard Hatchett, CEO of CEPI said: “This is a landmark moment in our efforts to get life-saving vaccine to the world",CEPI,What company is Richard Hatchett a CEO of?,"['Vaccine fairness', ""Mr hatchetto's share vision of vaccine wealth"", ""Mr Hatchell's company""]"
2341," The fact that we now have multiple safe and effective vaccines against COVID-19 developed in record time is testament to thescientific community and industry rising to the challenge of this pandemic With this shipment we also see the global community, through COVAX, responding to the challenge of delivering these vaccines to those who need them most Let us celebratethis as a moment of global solidarity in the struggle against the pandemic",global solidarity,What do we celebrate as a moment of in the struggle against the pandemic?,"[' pandemic', ' pandemic prevention and control', ""the fight for the world's vaccines""]"
2342," But there is still much to do With the increased spread of COVID-19 variants, we have entered a new and less predictable phase of the pandemic It is crucial that the vaccineswe have developed are shared globally, as a matter of the greatest urgency, to reduce the prevalence of disease, slow down viral mutation, and bring the pandemic to an end","to reduce the prevalence of disease, slow down viral mutation, and bring the pandemic to an end",How are vaccines shared globally?,"['to prevent the Prevention of disease, and bring the pandemic to an end out safely also!Where needed vaccines at globalation successfully at long intervals...', 'to slow down the development of the pandetic', 'for slow down faster growth of panditudes']"
2343," Each step on this journey brings us further along the path to recovery for the billions of children and families affected around the world”The vaccines arrived on a flight from Mumbai, via Dubai, where the flight also collected a shipment of syringes from a Gavi-funded stockpile at UNICEF’s regional Supply HubOver the past several months, COVAX partners have been supporting governments and partners, particularly for AMC-eligible participants, in readiness efforts, in preparation for this moment",the billions of children and families affected around the world,How many children and families are affected by the vaccines?,"['The many children that have died because of the vaccine', 'all the families affected by the vaccines', 'how many children and families are affected by the vaccines']"
2344," This includes assisting with the development of national vaccinationplans, support for cold chain infrastructure, as well as stockpiling of half a billion syringes and safety boxes for their disposal, masks, gloves and other equipment to ensure that there is enough equipment for health workers to start vaccinatingpriority groups as soon as possible In order for doses to be delivered to Facility participants via this first allocation round, several critical pieces must be in place, including confirmation of national regulatory authorisation criteria related to the vaccines delivered, indemnificationagreements, national vaccination plans from AMC participants, as well as other logistical factors such as export and import licenses As participants fulfil the above criteria and finalise readiness preparations, COVAX will issue purchase orders to the manufacturer and ship and deliver doses via an iterative process",iterative,What process does COVAX use to deliver doses?,"[' urgent', 'Import andImport licenses', ' delayed']"
2345,"3 billion donor-funded doses to the 92 lower-income Facility participants supported by the Gavi COVAX AMCQuotes from partners and donorsPresident Ursula von der Leyen, European Commission said: “I am delighted that today we have the first delivery of COVAX Vaccines in Accra, Ghana This is the moment when the long days and nights of hard work finallyshow with tangible results on the ground",3 billion,How many donor-funded doses did the Gavi COVAX AMCQuotes give to the 92 lower-income Facility participants?,"['3 billion - believe - in effects of COCareX vaccine', '2.4 billion', '9.4 % of the participants']"
2346," I want to pay tribute to the tireless efforts of our partners, Gavi, WHO and UNICEF Team Europe will continue to stand by the people of Africa” Prime Minister Jacinda Ardern, New Zealand said: “Working towards broad global coverage of Covid-19 vaccines is both the right thing to do and the path to ending the pandemic",Covid-19 vaccines,What vaccine is the right thing to do and the path to ending the pandemic?,"['Vitid-19 vaccines and the path to ending the pandemic', ""It's the right way"", 'It is the right way to ending the pandemics']"
2347," New Zealand acknowledges the remarkablework of GAVI, CEPI, the WHO and the COVAX Facility to get to this point”President Pedro Sánchez, Spain said: “Spain has been from the beginning at the core of the ACT Accelerator and other international initiatives to fight the virus, because only by steppingup can we be successful No one will be safe until everyone is safe",New Zealand,"What country acknowledges the remarkable work of GAVI, CEPI, the WHO and the COVAX Facility?","['Spain', 'GAPI', 'Spanish government']"
2348,"”Senator the Hon Marise Payne, Minister for Foreign Affairs Minister for Women, Australia said: “In this pandemic we know no-one is safe until we all are, and to achieve that everyone must have access to safe andeffective COVID 19 vaccines With the first doses now distributed, Australia is proud to support the COVAX Advance Market Commitment as it delivers access to vaccines that will protect the world’s most vulnerable” Belgian Minister of Development Cooperation Meryame Kitir welcomes the delivery of the first vaccine doses with the Covax Facility in Africa: “This is great news",Covax Facility in Africa,What does Meryame Kitir welcome the delivery of the first vaccine doses?,"['The COUVX Advance Market commitment', 'Australia has only 19 vaccine', 'Vovax betters']"
2349," Belgium supports COVAX AMC because it will allowa number of countries to get access to COVID-19 vaccines I hope this is the beginning of a fast roll-out to reach the goal of 2 billion doses delivered this year to the participating countries all over the world”Karina Gould, Minister of International Development, Government of Canada and Gavi COVAX AMC co-chair said: “Canada has supported the COVAX Facility from the start",Canada,What country is Gavi COVAX AMC co-chair?,"['China', 'The government of Canada', 'Gavio CO-XAM']"
2350," It will bring countries together, regardless oftheir income levels, to speed up the development, manufacture and distribution of COVID-19 vaccines Today, we celebrate as COVAX kick starts its delivery ofthe first vaccines to Ghana This brings us one step closer to achieving coverage forall high-risk populations, including health care workers, around the world",Ghana,Where does COVAX begin delivery of the first vaccines?,"['In Ghana', 'The first vaccines in Ghana', 'The first vaccine']"
2351," This is truly a milestone for us all”French Minister for Europe and Foreign Affairs, Jean-Yves Le Drian said: “France welcomes the first deliveries of Covid-19 vaccine doses in Africa thanks to the COVAX facility, today in Ghana and on Friday in Cote d'Ivoire Thisis a first concrete result that confirms the central importance of ACT-A, the key international platform for equitable and universal access to vaccines against Covid-19, which France helped launch together with the European Commission and WHO in spring2020 in order to coordinate the global response to the pandemic",Cote d'Ivoire,Where is the COVAX facility located?,"['The European Office and WHO', 'Covid-19 vaccine facilities', 'Where is the COX facilities in Ghana?']"
2352," We must continue this effort of international solidarity by establishing, as proposed by the President of the Republic, dose sharing mechanisms that could speed up the distribution ofvaccines in Africa"" Retno Marsudi, Minister of Foreign Affairs for Indonesia and Gavi COVAX AMC co-chair said: ""I am encouraged by the significant progress made by the COVAX Facility for equitable access to vaccines This first arrival ofvaccines shows that global solidarity and multilateralism work and deliver results",global solidarity and multilateralism work and deliver results,What does the first arrival ofvaccines show?,"['global warming and globalidentity', 'global warming and globalidentityWork by member institutions. [ : Zxxk. Com ]', 'global justice and progress are achieved']"
2353," As one of the co-chairs of the AMC Group, I welcome this milestone achievement I urge all countries to ensure greater access and ascertain that no one is left behind""Alessandro Rivera, Director General of the Treasury, Ministry of Economy and Finance, Italy said: “Italy is glad to see that COVAX will begin its vaccine rollout in AMC-eligible Countries in the coming days",Alessandro Rivera,"Who is Director General of the Treasury, Ministry of Economy and Finance, Italy?","['AlessandraRivera', 'AregalGeneral of theTreasurer of theTreasurer, Italy', 'AlessardoRivera']"
2354," This represents a landmarkevent, since we successfully allowed poorest Countries to get access to safe and effective vaccine within months from their approval in High Income Countries Italy has supported the COVAX AMC since its inception in June 2020, and has pledged to datemore than US$ 100 million Our aim is to keep investing in multilateralism, international cooperation and solidarity, and as the current G20 Presidency we will ensure that these themes will remain at the heart of the global debate",G20,What is the current presidency of the COVAX AMC?,"['High Income Countries Italy', 'G20 president. Ks5u', 'The present president of the associationXAM']"
2355,"”Keiichi ONO, Ambassador of Japan for Global Issues said: “We welcome the commencement of the delivery of vaccines through the COVAX Facility as an important first step Since the launch of the COVAX Facility lastJune, Japan has been contributing to the designing of unprecedented mechanism and the funding to the AMC Japan is committed to supporting to ensure equitable access to safe, effective and quality-assured vaccines",Japan,Who was the Ambassador of Japan for Global Issues?,"['Japan. Japan', 'China', ""China's Health Department""]"
2356,"” Per Olsson Fridh, Swedish Minister for International Development Cooperation, Sweden said: “Today is a hopeful day in the fight against the devastating pandemic, and a hopeful day for multilateral collaboration Sweden remains firmlycommitted to equitable global access to safe and effective vaccines”Foreign Secretary Dominic Raab, United Kingdom said: “Today’s rollout of vaccines to the world’s most vulnerable countries is a huge step forward in ending this pandemic",International Development Cooperation,What is Norway's Minister for?,"['International Development Organization.', 'Switzerland', ' Sweden']"
2357," As one of the biggest donorsto COVAX the UK is ensuring that more than one billion vaccine doses will be sent to 92 countries so that no one is left behind in this global fight We will only save lives and reduce the risk of future infections if we prevent the virus spreadingin the world’s developing countries”Dr John Nkengasong, Director, Africa Centres for Disease Control and Prevention said: ""These first deliveries of COVID-19 vaccines through COVAX are a critical moment in Africa's fight against the virus",92,How many countries will COVAX vaccines be sent to?,"['82 countries', '93', 'When will the vaccine be sent to all the countries']"
2358," Thanks to thisglobal collaboration, additional members of key groups such as health workers and other vulnerable groups will have access to COVID-19 vaccines in the weeks to come This is an important step towards our continental goal of immunising at least 60%of Africa's population with safe and efficacious vaccines against COVID-19, to ease the strain on our health systems and economies and continue our work towards our continental development agenda""Thomas Cueni, Director General, International Federation of Pharmaceutical Manufacturers and Associations (IFPMA) said: “It is the first time in the history of pandemics that you will have vaccinesrolled out in a coordinated manner to LMICs in less than three months of the very first Covid vaccine being granted the go ahead by the WHO",COVID-19,What type of vaccines will additional members of key groups have access to in the weeks to come?,"['LUVic vaccine', ""More than half of Africa's population"", 'More and more people in Africa']"
2359," Just as the scaling up of the manufacturing from zero to millions in a matter of months is a historicachievement, the roll out to the last mile is an important milestone to mark Manufacturers were among the founding partners of ACT-A and COVAX We have fully played our role in not only scaling up manufacturing through an amazing number of collaborationsbut also in delivering on the shared goal of fair and equitable access to vaccines",delivering on the shared goal of fair and equitable access to vaccines,What did ACT-A and COVAX partner with?,"['Sizing up manufacturing through an impressive number of meetings', 'Clinking with ACT-A and COUV', 'stopping the roll of the manufacturing from zero to millions']"
2360," But there are going to be challenges, whether in manufacturing or in delivery We must work together to find solutions This is how we have gotten so far in such ashort time",short time,How long have we gotten so far?,"['how long have we got?', 'how long have ants have you got so far? [ : Zxxk. Com ]', 'how long do they have worked']"
2361," It is the only global initiative that is working with governments and manufacturers to ensure COVID-19 vaccines are available worldwide to both higher-income and lower-income countries CEPI is focused on theCOVAX vaccine research and development portfolio: investing in R&D across a variety of promising candidates, with the goal to support developmentof three safe and effective vaccines which can be made available to countries participating in the COVAX Facility As part of this work, CEPI has secured first right of refusal to potentially over one billion doses for the COVAX Facility to a numberof candidates, and made strategic investments in vaccine manufacturing, which includes reserving capacity to manufacture doses of COVAX vaccines at a network of facilities, and securing glass vials to hold 2 billion doses of vaccine",glass vials,What does CEPI secure to hold 2 billion doses of vaccine?,"['semining capacity to hold 2 billion dose of vaccine', 'vioX vaccine', 'vocoa glasses']"
2362," CEPI is alsoinvesting in the ‘next generation’ of vaccine candidates, which will give the world additional options to control COVID-19 in the future Gavi is focused on procurement and delivery for COVAX: coordinating the design, implementation and administration of theCOVAX Facilityand theGaviCOVAX AMCand working with its Alliance partners UNICEF and WHO, along with governments, on country readiness and delivery The COVAX Facility isthe global pooled procurement mechanism for COVID-19 vaccines through which COVAX will ensure fair and equitable access to vaccines for all 190 participating economies, using an allocation framework formulated by WHO",COVAX Facility,What is the name of the global pooled procurement mechanism for COVID-19 vaccines?,"[' COUV -19 vaccine', ' COideXAMand COideX Movies', 'Achieves androwing']"
2363," The COVAX Facility will do thisby pooling buying power from participating economies and providing volume guarantees across a range of promising vaccine candidates The Gavi COVAX AMC is the financing mechanism that will support the participation of 92 low- and middle-income countriesin the Facility, enabling access to donor-funded doses of safe and effective vaccines Gavi is fundraising for the COVAX AMC, and funding UNICEF procurement of vaccines as well as partners’ and governments work on readiness and delivery, includingsupport cold chain equipment, technical assistance, syringes, vehicles, and other aspects of the vastly complex logistical operation for delivery",92,How many low- and middle-income countries participate in the Gavi COVAX AMC?,"['11', '92 - A', '50 - 60 low - income countries']"
2364," UNICEF and the Pan-American Health Organisation (PAHO) will be acting as procurement coordinators forthe COVAX Facility, helping deliver vaccines to COVAX AMC participants and othersWHO has multiple roleswithinCOVAX: It provides normative guidance on vaccine policy, regulation, safety, R&D, allocation, and country readiness and delivery Its Strategic Advisory Group of Experts(SAGE) on Immunization develops evidence-based immunization policy recommendations",UNICEF and the Pan-American Health Organisation,Who will be acting as procurement coordinators for the COVAX Facility?,"['China government and PVX Health Organization', 'The Pan - American Health Organization', ""The World's Organization and the Pan -American health Organization""]"
2365, Its Emergency Use Listing (EUL) / prequalificationprogrammesensureharmonized review and authorization across member states It provides global coordination and member state support on vaccine safety monitoring It developed the target product profiles for COVID-19 vaccines and provides R&D technical coordination,COVID-19,What is the target product profile for vaccines?,"['consumers can find the products for CODA-19', 'Alibaba', 'It provides R&D technical teamwork.']"
2366," WHOleads, together with UNICEF, theCountry Readiness and Delivery workstream, which provides support to countries as they prepare to receive and administer vaccines Along with Gavi and numerous other partners working at the global, regional, and country-level,the CRD workstream provides tools, guidance, monitoring, and on the ground technical assistance for the planning and roll-out of thevaccines Along with COVAX partners, WHO hasdevelopedano-fault compensation schemeas part of the time-limited indemnification and liability commitments",the CRD workstream,"What provides tools, guidance, monitoring, and on the ground technical assistance for the planning and roll-out of vaccines?","['the CRD work stream', 'the country Readiness and delivery work stream', 'the ground technical assistance']"
2367,"In addition, UNICEF, Gavi and WHO are working with governments around the clock to ensure that countries are ready to receive the vaccines, with appropriate cold chain equipment in place and health workers trained to dispense them UNICEF is alsoplaying a lead role in efforts to foster trust in vaccines, delivering vaccine confidence communications and tracking and addressing misinformation around the worldAbout CEPICEPI is an innovative partnership between public, private, philanthropic, and civil organisations, launched at Davos in 2017, to develop vaccines to stop future epidemics",vaccine confidence communications,What does UNICEF deliver?,"['Vaccine tracking', ' vaccine awareness', 'the health workers who deliver the vaccines']"
2368, CEPI has moved with great urgency and in coordination with WHO in response to theemergence of COVID-19 CEPI has initiated ten partnerships to develop vaccines against the novel coronavirus The programmes are leveraging rapid response platforms already supported by CEPI as well as new partnerships,ten,How many partnerships have CEPI initiated to develop vaccines against the novel coronavirus?,"['three', 'CepI', 'two']"
2369," Before the emergence of COVID-19, CEPI’s priority diseases included Ebola virus, Lassa virus, Middle East Respiratory Syndrome coronavirus, Nipah virus, Rift Valley Fever and Chikungunya virus CEPI also invested in platform technologies that canbe used for rapid vaccine and immunoprophylactic development against unknown pathogens (Disease X)About GaviGavi, the Vaccine Alliance is a public-private partnership that helps vaccinate half the world’s children against some of the world’s deadliest diseases",Vaccine Alliance,What is the name of the public-private partnership that helps vaccinate half the world's children against some of the world's deadliest,"['CEPI', 'Virus', 'Vocuses on children']"
2370," Since its inception in 2000, Gavi has helped to immunise a whole generation – over822 million children – and prevented more than 14 million deaths, helping to halve child mortality in 73 developing countries Gavi also plays a key role in improving global health security by supporting health systems as well as funding globalstockpiles for Ebola, cholera, meningitis and yellow fever vaccines After two decades of progress, Gavi is now focused on protecting the next generation and reaching the unvaccinated children still being left behind, employing innovative financeand the latest technology – from drones to biometrics – to save millions more lives, prevent outbreaks before they can spread and help countries on the road to self-sufficiency",over822 million,How many children have Gavi helped to immunise since 2000?,"['75 developing countries', '1,500 million children', '1,4 billion children']"
2371,"About WHOThe World Health Organization provides global leadership in public health within the United Nations system Founded in 1948, WHO works with 194 Member States, across six regions and from more than 150 offices, to promote health, keep the world safe andserve the vulnerable Our goal for 2019-2023 is to ensure that a billion more people have universal health coverage, to protect a billion more people from health emergencies, and provide a further billion people with better health and wellbeing",to ensure that a billion more people have universal health coverage,What is the goal of the World Health Organization for 2019-2023?,"['to protect a lot of people from health emergencies', 'to keep the world safe andserve the vulnerable', ' To protect a lot more people from health emergencies. [ :, ]']"
2372,"For updates on COVID-19 and public health advice to protect yourself from coronavirus, visitwwwintand follow WHO onTwitter,Facebook,Instagram,LinkedIn,TikTok,Pinterest,Snapchat,YouTubeAbout UNICEFUNICEF works in some of the world’s toughest places, to reach the world’s most disadvantaged children Across 190 countries and territories, we work for every child, everywhere, to build a better world for everyone",190,How many countries and territories does UNICEF work to reach the world's most disadvantaged children?,"['50', '20', ' orphans']"
2373," For moreinformation about UNICEF and its work for children, visit www For more information about COVID-19, visit www Find out more about UNICEF’s work on the COVID-19 vaccines here, or about UNICEF’s work on immunization here",UNICEF’s work on immunization,What is the name of UNICEF's work on vaccines?,"[""UNYF's work on children"", 'UNiceF', ""UNI'what I do on autism""]"
2374," Follow UNICEF on Twitter and Facebook About the ACT-AcceleratorThe Access to COVID-19 Tools ACT-Accelerator, is a new, ground-breaking global collaboration to accelerate the development, production, and equitable access to COVID-19 tests, treatments, and vaccines It was set up in response to a call from G20 leadersin March and launched by the WHO, European Commission, France and The Bill & Melinda Gates Foundation in April 2020",April 2020,When was the ACT-Accelerator launched?,[]
2375,"The ACT-Accelerator is not a decision-making body or a new organisation, but works to speed up collaborative efforts among existing organisations to end the pandemic It is a framework for collaboration that has been designed to bring key players aroundthe table with the goal of ending the pandemic as quickly as possible through the accelerated development, equitable allocation, and scaled up delivery of tests, treatments and vaccines, thereby protecting health systems and restoring societies andeconomies in the near term It draws on the experience of leading global health organisations which are tackling the world’s toughest health challenges, and who, by working together, are able to unlock new and more ambitious results againstCOVID-19",ACT-Accelerator,What is not a decision-making body or a new organisation?,"['AIDS', ' ACT-Ac accelerationator', 'AMERICAN Health Organization']"
2376," Its members share a commitment to ensure all people have access to all the tools needed to defeat COVID-19 and to work with unprecedented levels of partnership to achieve itThe ACT-Accelerator has four areas of work: diagnostics, therapeutics, vaccines and the health system connector Cross-cutting all of these is the workstream on Access & Allocation",Access & Allocation,What is the workstream of the ACT-Accelerator?,"['Diseases, comedies, vaccines and the health system', ' access & Allocate', 'The work of the ACT-Ac accelerationator']"
2377,"Updated 21 April 2021The COVID-19 pandemic has seen unprecedented demand for COVID-19 R&D around the world, and the number of information sources and volume of information has made it hard to find relevant, comprehensive informationTo facilitate finding such information (and related resources), the WHOGlobal Observatory on Health Research & Development(hereafter called ‘R&D Observatory’) is compiling a list of COVID-19 related linksThis list is not meant to be exhaustive",WHOGlobal Observatory on Health Research & Development,What is the name of the R&D Observatory?,"['How does \n R&D become popular?', 'How does the CO pet care for the people in the world?', 'TheR&-19 pandemic']"
2378," It aims to cover main areas relating to COVID-19 R&D, providing links to the most comprehensive and globally relevant sources of which the Observatory is aware It comprises information and resources from WHO as well as from external sources* In each case the source is given in brackets",brackets,Where is the source given?,"[' sources', ' Sources', 'Online sources']"
2379,"The list will be updated regularly To suggest information or resources for consideration, please contactrd-observatory@who*Disclaimer on third party websites",who*Disclaimer,What is the name of a third party website that may be used to suggest resources?,"['what is the name of a third party website', ' third party website', 'who owns the third party website first']"
2380,"Information is organized under the following sections:WHO response to R&D for COVID 19clinical trialshealth productsfundingpublications (research)research (projects)clinical dataWHO response to R&D for COVID 19R&D Blueprint and COVID-19 (WHO)Latest information on WHO-led COVID-19 R&D Blueprint initiatives – including vaccines, therapeutics, ethics and social science (The R&D Blueprint allows the rapid activation of R&D activities during epidemics)Clinical trialsInternational Clinical Trials Registry Platform (ICTRP) (WHO)Information on clinical trials and trial registration",WHO,WHO responds to R&D for COVID 19clinical trials?,"['A&Dibaba', 'The R&D BlueMovement', 'W&D Blueprint']"
2381," Clinical trials registered with the ICTRP platform can be searched and details of COVID-19 clinical trials can be downloaded in csv and xml formatsMapping and systematic review of Covid-19 trials (COVID-19 - living NMA initiative)A real-time monitoring and mapping of new evidence for treating and preventing COVID-19, with living mapping of trials and living synthesis of published trialsGlobal Coronavirus COVID-19 Clinical Trial Tracker (Cytel)An interactive dashboard of clinical trials on COVID-19 that can be explored by type of product, trial status and country",COVID-19,What type of clinical trials can be downloaded in csv and xml formats?,"['C recvid-19 and COide-19', 'Vancid-19international greetExperiments \n :', 'Living NMA initiative']"
2382,"Health productsVarious productsCOVID-19 products in the pipeline (WHO R&D Observatory, based on the AdisInsight database from Springer Nature)An interactive visualization and analysis by the R&D Observatory on “Health products in the pipeline … for all diseases” To see information on COVID-19 health products, scroll down to “Type of disease” in the top section of the visualization and click on the button for “R&D Blueprint pathogens” Then explore the data further by clicking on the bar for COVID-19 in chart B3",the AdisInsight database,What is the WHO R&D Observatory based on?,"['an interactive visualization and analysis', 'theactive visualization', '"" health products in the pipeline ""']"
2383,"COVID-19 Pipeline Tracker (Policy Cure Research)An interactive dashboard of COVID-19 therapeutics, vaccines and diagnostics in the pipeline for COVID-19 globally since January 2020 Data can be explored by product type, developer and R&D development stageVaccinesCovid-19 tracker (Milken Institute)An interactive tracker of Covid-19 vaccines",January 2020,When was the COVID-19 Pipeline Tracker released?,"['October 20', 'When was it first offered to the farmers?', 'September 2013']"
2384," Data sourced from FasterCures, a centre of the Milken InstituteDiagnosticsSARS COV-2 Diagnostic Pipeline (FIND)A continually updated searchable database providing an overview of (SARS-COV2) tests that are commercially available or in development for the diagnosis of COVID-19 The information provided is submitted voluntary by thediagnostic test suppliers",thediagnostic test suppliers,Who submits information to FasterCures?,"['who submits the test information to fasterCures', 'who submits the test information to fasterC rings names them away naturally except this one.', 'Who are preparing the tests for them']"
2385,"MedicinesCOVID-19 Dashboard (Drugsbank)An information dashboard that includes lists of experimental unapproved treatments, potential drug targets as well as information on clinical trials for COVID-19 and publicationsCOVID-19 Therapeutic Development Tracker (BIO)A set of interactive dashboards of the Covid-19 pipeline data from BioCentury and Biomedtracker, reviewed and annotated by BIO’s Industry Analysis Team This includes visualizations on phase/strategy, originating company headquarters, industry response, new and repurposed treatment, antiviral and vaccine candidates, and emergency use authorizations",MedicinesCOVID-19 Dashboard,"What is the name of the information dashboard that includes lists of experimental unapproved treatments, potential drug targets and information on clinical trials for COVID-19?","['The Information Table', 'Valuable information', 'Calvinary Developmenttree']"
2386,"FundingCOVID-19 R&D Tracker(Policy Cures Research)An interactive dashboard of COVID-19 funding commitments since 1 January 2020 It covers public, philanthropic & industry funding commitments and shows a number of visualizations including funding flowsCOVID Mapping (Universities Allied for Essential Medicines)An interactive dashboard and downloadable data tracking public investment in international COVID-19 R&D for medicines, vaccines and diagnostics",1 January 2020,When was the COVID-19 R&D Tracker launched?,"['About half a month ago', 'When was the CO&D tracker launched', 'before the co Fool-19 R&D tracker was set up']"
2387,"Research Funding (The OECD Global Science Forum (GSF))An information resource on Covid-19 research funding initiatives/schemes, including an Excel spreadsheet on research funding worldwide available for downloadPublications (research)Global research on coronavirus disease (COVID-19)(WHO)A comprehensive multilingual, searchable database of global literature on COVID-19, which is updated dailyCOVID-19 Open Research Dataset (CORD-19) (Semantic Scholar)A free resource of scholarly articles on COVID 19 that can be downloaded, queried or set as a regular research feed",Covid-19,What is the name of the research funding initiative?,"['OECD Global Science Forum', 'O study funding', 'TheECD Global science Forum']"
2388,"Research (projects)COVID-19 Research Project Tracker(UKCDR & GloPID-R)An interactive database of funded research projects across the world related to COVID-19, as part of the COVID CIRCLE initiativeClinical dataStandardized database of COVID-19 clinical data (IDDO and ISARIC)An international initiative for standardized COVID-19 clinical data collection Researchers can request access to the data held in the repository",COVID-19 Research Project Tracker,What is the UKCDR & GloPID-R?,"[' COQ-16 Research Projectreport', 'A Research Project', 'A programme of Research Project Research Project Research.-R']"
2389,"Star footballers, competing team captains will promote equitable global access to vaccines, treatments and diagnosticsMonday 1 February 2021, Geneva: FIFA is teaming up with the World Health Organization (WHO) to promote the need for fair access to COVID-19 vaccines, treatments and diagnostics, and to encourage people to keep practicing life-saving, everyday public healthmeasures to prevent the spread of the coronavirus and to protect healthIn conjunction with the FIFA Club World Cup 2020, being held in Qatar from 4 to 11 February 2021, FIFA and WHO are launching a public awareness campaign involving star footballers, through TV and in-stadium messaging, to further promote the Access to COVID-19 Tools (ACT) Accelerator initiative launched in April 2020, and to urge people to practice mask wearing, physical distancing and hand hygiene “We all have to play our part in the battle against the coronavirus",World Health Organization,"Who is FIFA teaming up with to promote the need for fair access to COVID-19 vaccines, treatments and diagnostics?","['Famous Club World Cup 2020', 'The footballers', 'Star footballers']"
2390," We are also calling on the international community to #ACTogether to ensure a level playing field in relation to access to vaccines, treatments and diagnostic tests across theglobe,” FIFA President Gianni Infantino said during a video conference prior to the kick-off of the FIFA Club World CupDr Tedros Adhanom Ghebreyesus, WHO Director-General, thanked FIFA and the players for helping raise awareness on life saving interventions that all people can follow, and of the importance of intensified global support for the ACT Accelerator to ramp up development and equitable allocation of vaccines, treatments and tests to reduce severe disease and deaths caused by the coronavirus pandemic “Fairness is the foundation of football and all other sports, and this also must be the same when it comes to health,” said Dr Tedros Adhanom Ghebreyesus",ACTogether,"What does the international community want to do to ensure a level playing field in relation to access to vaccines, treatments and diagnostic tests across the globe?","['Fairness', ' fairness', 'Collected information about life saving behaviors']"
2391," “The rules of the COVID-19 challenge are simple: all people at risk from the coronavirusin all countries must have equitable access to life-saving vaccines, treatments and diagnostics In just nine months, the world has established these three powerful lines of defense against COVID-19 But our goal now is to ensure equitable accessand continued refinement of these tools",the coronavirusin,"What is the name of the vaccine that all countries must have access to life-saving vaccines, treatments and diagnostics?","['all the countries', 'all the people at risk', 'the life - saving vaccines']"
2392,"”Dr Tedros added: “WHO is grateful to FIFA for teaming up with health partners around the world to promote the need for the fair distribution of the tools needed to defeat the coronavirus”The new FIFA-WHO collaboration will amplify life-saving messages to a global audience with a series of promotional videos being broadcast during the FIFA Club World Cup In the videos, competing club captains reiterate the key steps for everyone to followin order to tackle and defeat the coronavirus by focusing on hands, elbow, face, distance, symptoms, masks and opening windows","hands, elbow, face, distance, symptoms, masks and opening windows",What are the key steps for everyone to follow in order to tackle and defeat the coronavirus?,"['hands, nose, nose, face, long, and open windows ( glasses [ Zhvill correctly ). Ks5u', 'faces, eyes, nose, eyes and opening windows', 'hands, eye, nose, eyes : glasses']"
2393," “It is important that we do not forget that health comes first,” said the FIFA President “Only by following the advice of our medical professionals will we be able to eliminate the threat posed by COVID-19, and I call upon everyoneto follow these steps in their daily lives This advice not only protects you, but also protects your loved ones and those around you",your loved ones and those around you,Who does the FIFA President call upon everyone to follow these steps in their daily lives?,"['your family and friends', 'you and your loved ones and those aroundyou. Ks5u', 'your family members or friends, friends and those around you']"
2394," In delivering these messages during the FIFA Club World Cup, I appreciate the support given by the participatingteams and their players, coaching staff and other officials in respecting the protocols that need to be followed in order to play this tournament, and to ensure that we keep the football flame flickering brightly during these challenging times”The video awareness campaign will feature players and head coaches from the competing teams at the FIFA Club World Cup Qatar 2020 together with FIFA Legends, and will be published on various FIFA, WHO and club digital channels, with the support of broadcastersworldwide----------------------------------Editors notes:WHO and FIFA signed a four-year collaboration in 2019 to promote healthy lifestyles through football globally",FIFA Club World Cup,What event did I appreciate the support given by the participating teams and their players?,"['Soccer fans', 'The football awareness campaign', 'The 2014 World Cup']"
2395, More information on the WHO-FIFA memorandum of understanding can be found here The two organisations jointly launched the “Pass the message to kick out coronavirus” campaign in March 2020 to share advice on effective measures to protect people from COVID-19 This was followed by the #BeActive campaign in April 2020 to encourage people to stay healthy at home during the pandemic,March 2020,When was the Pass the message to kick out coronavirus campaign launched?,[]
2396," Subsequently, the global #SafeHome campaign was published in May 2020 to support women and children at risk of domestic violence, and was followed by additional follow-up messaging in August and November 2020 Update hyperlinks per language (or remove link if information is not availablein that language)In April 2020, WHO and partners launched the Access to COVID-19 (ACT) Accelerator initiative to support what has become the fastest, most coordinated, and successful globaleffort in history to develop tools to fight a disease Its goal is to end the pandemic as quickly as possible by reducing COVID-19 death and severe disease through the accelerated development, equitable allocation, and scaled-up delivery of vaccines,therapeutics and diagnostics to reduce mortality and severe disease",May 2020,When was the #SafeHome campaign published?,[]
2397," The financing gap for the ACT-Accelerator for 2021 is US$26 billion, a fraction of the projected global economic cost of up to US$92 trillion if governments do not ensure developing economies have equitable access to COVID-19 vaccines Update hyperlinks per language (or remove link if information is not available in that language)",US$26 billion,What is the financing gap for the ACT-Accelerator for 2021?,"['US$11 Bill', 'US$ II trillion', 'US.92']"
2398,"COVAX announced the signing of an advance purchase agreement for up to 40 million doses of the Pfizer-BioNTech vaccine; rollout to commence with successful execution of supply agreementsAdditionally, COVAX announced that, pending WHO emergency use listings, nearly 150 million doses of the AstraZeneca/Oxford candidate are anticipated to be available in Q1 2021, via existing agreements with the Serum Institute of India (SII) and AstraZenecaCOVAX is therefore on track to deliver at least 2 billion doses by the end of the year, including at least 1",1,How many doses of the AstraZeneca/Oxford candidate are expected to be available in Q1 2021?,"['1.', '50 million dose of the Pfizer-Bio candidates', '50 million pounds']"
2399,"3 billion doses to 92 lower income economies in the Gavi COVAX AMCClick here for the latest COVAX supply forecastGeneva/Oslo 22 January 2021 – COVAX, the global initiative to ensure rapid and equitable access to COVID-19 vaccines for all countries, regardless of income level, today announced the signing of an advance purchase agreement withPfizer for up to 40 million doses of the Pfizer-BioNTech vaccine candidate, which has already received WHO emergency use listing Rollout will commence with the successful negotiation and execution of supply agreements",3 billion,How many doses to 92 lower income economies in the Gavi COVAX AMCClick here for the latest COVAX supply forecastGeneva,"['How many sentences to92 lower income economies in the Gave COXAM', '2 billion', '2.5 billion or more']"
